-- --------------------------------------------------------
-- Host:                         localhost
-- Versión del servidor:         10.5.8-MariaDB - mariadb.org binary distribution
-- SO del servidor:              Win64
-- HeidiSQL Versión:             11.0.0.5919
-- --------------------------------------------------------

/*!40101 SET @OLD_CHARACTER_SET_CLIENT=@@CHARACTER_SET_CLIENT */;
/*!40101 SET NAMES utf8 */;
/*!50503 SET NAMES utf8mb4 */;
/*!40014 SET @OLD_FOREIGN_KEY_CHECKS=@@FOREIGN_KEY_CHECKS, FOREIGN_KEY_CHECKS=0 */;
/*!40101 SET @OLD_SQL_MODE=@@SQL_MODE, SQL_MODE='NO_AUTO_VALUE_ON_ZERO' */;


-- Volcando estructura de base de datos para p2_asistencia_actividades
CREATE DATABASE IF NOT EXISTS `p2_asistencia_actividades` /*!40100 DEFAULT CHARACTER SET utf8 */;
USE `p2_asistencia_actividades`;

-- Volcando estructura para tabla p2_asistencia_actividades.academic_spaces
CREATE TABLE IF NOT EXISTS `academic_spaces` (
  `id` int(11) unsigned NOT NULL AUTO_INCREMENT,
  `period_id` int(11) unsigned NOT NULL,
  `name` varchar(255) NOT NULL,
  `semester` varchar(255) NOT NULL,
  PRIMARY KEY (`id`),
  KEY `academic_spaces_period_fk` (`period_id`),
  CONSTRAINT `academic_spaces_period_fk` FOREIGN KEY (`period_id`) REFERENCES `periods` (`id`) ON DELETE CASCADE ON UPDATE CASCADE
) ENGINE=InnoDB AUTO_INCREMENT=14 DEFAULT CHARSET=utf8;

-- Volcando datos para la tabla p2_asistencia_actividades.academic_spaces: ~10 rows (aproximadamente)
/*!40000 ALTER TABLE `academic_spaces` DISABLE KEYS */;
INSERT INTO `academic_spaces` (`id`, `period_id`, `name`, `semester`) VALUES
	(1, 3, 'Bases de datos II', 'Quinto'),
	(2, 3, 'Redes y Comunicaciones II', 'Quinto'),
	(3, 3, 'Diseño de Apps', 'Quinto'),
	(4, 3, 'Diagramación y Algoritmo', 'Primero'),
	(5, 3, 'Bases de datos I', 'Cuarto'),
	(6, 3, 'Redes y Comunicaciones I', 'Cuarto'),
	(7, 4, 'Desarrollo de software', 'Primero'),
	(8, 4, 'Lenguaje Estructurado', 'Segundo'),
	(9, 4, 'Estructura de datos', 'Tercer'),
	(10, 4, 'Analisis y Diseño de sistemas', 'Tercer');
/*!40000 ALTER TABLE `academic_spaces` ENABLE KEYS */;

-- Volcando estructura para tabla p2_asistencia_actividades.partials_activities
CREATE TABLE IF NOT EXISTS `partials_activities` (
  `id` int(11) unsigned NOT NULL AUTO_INCREMENT,
  `academic_space_id` int(11) unsigned NOT NULL,
  `date` date NOT NULL,
  `cut` int(50) NOT NULL,
  `name` varchar(255) DEFAULT NULL,
  `porcentage_in_cut` decimal(5,2) NOT NULL,
  PRIMARY KEY (`id`),
  KEY `partials_activities_academic_space_fk` (`academic_space_id`),
  CONSTRAINT `partials_activities_academic_space_fk` FOREIGN KEY (`academic_space_id`) REFERENCES `academic_spaces` (`id`) ON DELETE CASCADE ON UPDATE CASCADE
) ENGINE=InnoDB AUTO_INCREMENT=401 DEFAULT CHARSET=utf8;

-- Volcando datos para la tabla p2_asistencia_actividades.partials_activities: ~300 rows (aproximadamente)
/*!40000 ALTER TABLE `partials_activities` DISABLE KEYS */;
INSERT INTO `partials_activities` (`id`, `academic_space_id`, `date`, `cut`, `name`, `porcentage_in_cut`) VALUES
	(101, 6, '2021-11-13', 2, 'Bamity', 1.46),
	(102, 4, '2021-04-12', 3, 'Treeflex', 1.03),
	(103, 4, '2021-06-07', 2, 'Stronghold', 3.92),
	(104, 4, '2021-09-07', 1, 'Wrapsafe', 3.15),
	(105, 4, '2021-06-25', 1, 'Hatity', 2.30),
	(106, 2, '2021-09-07', 1, 'Sonair', 3.16),
	(107, 3, '2021-10-12', 3, 'Zaam-Dox', 1.47),
	(108, 1, '2021-01-22', 2, 'Wrapsafe', 4.20),
	(109, 5, '2021-01-03', 1, 'Biodex', 2.95),
	(110, 1, '2021-07-09', 1, 'Namfix', 1.07),
	(111, 1, '2021-03-09', 2, 'Stim', 3.84),
	(112, 2, '2021-01-14', 3, 'Fixflex', 1.78),
	(113, 6, '2021-01-17', 3, 'Zontrax', 2.06),
	(114, 1, '2021-01-17', 2, 'Kanlam', 2.07),
	(115, 3, '2021-01-02', 3, 'Sub-Ex', 2.01),
	(116, 4, '2021-08-27', 1, 'Asoka', 4.76),
	(117, 2, '2021-05-29', 1, 'Sonsing', 2.59),
	(118, 6, '2021-04-10', 2, 'Namfix', 1.82),
	(119, 5, '2021-02-05', 2, 'Zathin', 1.64),
	(120, 3, '2021-09-03', 1, 'Toughjoyfax', 1.22),
	(121, 3, '2021-02-25', 2, 'Flexidy', 1.05),
	(122, 5, '2021-11-25', 3, 'Domainer', 1.04),
	(123, 6, '2021-04-29', 1, 'Konklux', 4.18),
	(124, 4, '2021-11-02', 1, 'Treeflex', 2.19),
	(125, 2, '2021-09-26', 3, 'Viva', 4.47),
	(126, 3, '2021-07-11', 1, 'Sonsing', 3.67),
	(127, 4, '2021-06-18', 1, 'Alpha', 1.78),
	(128, 1, '2021-03-17', 1, 'Tempsoft', 2.85),
	(129, 2, '2021-02-14', 2, 'Zaam-Dox', 1.54),
	(130, 2, '2021-06-02', 2, 'Temp', 2.72),
	(131, 1, '2021-06-26', 1, 'Tin', 2.12),
	(132, 1, '2021-07-22', 3, 'Voltsillam', 2.90),
	(133, 5, '2021-03-25', 1, 'Greenlam', 2.14),
	(134, 5, '2021-03-07', 2, 'Tres-Zap', 4.79),
	(135, 2, '2021-11-11', 3, 'Ronstring', 3.57),
	(136, 4, '2021-04-29', 2, 'Home Ing', 1.18),
	(137, 4, '2021-10-25', 3, 'Fintone', 2.44),
	(138, 4, '2021-04-05', 3, 'Sonair', 1.52),
	(139, 5, '2021-06-29', 3, 'Latlux', 3.77),
	(140, 1, '2021-11-21', 1, 'Solarbreeze', 1.14),
	(141, 3, '2021-04-18', 3, 'Toughjoyfax', 3.47),
	(142, 3, '2021-04-19', 2, 'Y-find', 3.83),
	(143, 5, '2021-03-09', 3, 'Bitchip', 3.17),
	(144, 3, '2021-10-30', 1, 'Fixflex', 3.78),
	(145, 5, '2021-02-09', 2, 'Mat Lam Tam', 1.39),
	(146, 5, '2021-01-02', 2, 'Otcom', 1.89),
	(147, 6, '2021-08-16', 1, 'Veribet', 1.03),
	(148, 4, '2021-04-20', 3, 'Kanlam', 3.17),
	(149, 4, '2021-02-05', 1, 'Sonsing', 2.39),
	(150, 5, '2021-10-06', 3, 'Alpha', 2.32),
	(151, 4, '2021-07-11', 1, 'Bamity', 4.02),
	(152, 3, '2021-03-07', 2, 'Konklab', 4.59),
	(153, 1, '2021-09-30', 3, 'Tampflex', 3.11),
	(154, 6, '2021-02-23', 1, 'Veribet', 4.40),
	(155, 6, '2021-02-15', 1, 'Greenlam', 2.43),
	(156, 6, '2021-08-17', 2, 'Flexidy', 1.41),
	(157, 6, '2021-04-07', 2, 'Lotlux', 3.78),
	(158, 4, '2021-10-08', 3, 'Stringtough', 1.28),
	(159, 2, '2021-01-19', 1, 'Ventosanzap', 3.31),
	(160, 2, '2021-06-01', 2, 'Sub-Ex', 2.43),
	(161, 4, '2021-10-21', 1, 'Mat Lam Tam', 3.76),
	(162, 6, '2021-03-12', 1, 'Alpha', 1.53),
	(163, 6, '2021-01-15', 3, 'Toughjoyfax', 3.17),
	(164, 2, '2021-02-04', 3, 'Cardguard', 4.57),
	(165, 4, '2021-03-16', 2, 'Veribet', 4.11),
	(166, 2, '2021-07-12', 1, 'Greenlam', 2.08),
	(167, 1, '2021-01-12', 2, 'Alphazap', 4.99),
	(168, 4, '2021-07-27', 2, 'Aerified', 4.33),
	(169, 6, '2021-09-28', 3, 'Flexidy', 1.61),
	(170, 1, '2021-06-03', 3, 'Fixflex', 3.43),
	(171, 3, '2021-11-24', 1, 'Daltfresh', 2.73),
	(172, 1, '2021-11-17', 1, 'Rank', 3.35),
	(173, 3, '2021-01-24', 3, 'Zathin', 2.55),
	(174, 3, '2021-11-11', 3, 'Konklux', 2.75),
	(175, 4, '2021-10-18', 2, 'Biodex', 4.55),
	(176, 3, '2021-06-07', 3, 'Ventosanzap', 3.62),
	(177, 1, '2021-05-29', 1, 'Sub-Ex', 2.79),
	(178, 2, '2021-03-05', 3, 'Lotstring', 4.42),
	(179, 3, '2021-01-23', 1, 'Transcof', 3.86),
	(180, 2, '2021-09-02', 3, 'Treeflex', 4.62),
	(181, 2, '2021-05-13', 3, 'Mat Lam Tam', 4.82),
	(182, 1, '2021-08-21', 2, 'Latlux', 3.81),
	(183, 2, '2021-06-20', 2, 'Tampflex', 3.88),
	(184, 2, '2021-05-14', 1, 'Gembucket', 4.81),
	(185, 5, '2021-05-24', 3, 'Subin', 4.42),
	(186, 1, '2021-08-25', 1, 'Konklab', 3.24),
	(187, 2, '2021-03-27', 3, 'Bamity', 2.30),
	(188, 3, '2021-08-24', 3, 'Lotlux', 3.55),
	(189, 6, '2021-11-23', 1, 'Solarbreeze', 2.91),
	(190, 2, '2021-03-03', 1, 'Solarbreeze', 4.44),
	(191, 6, '2021-01-18', 2, 'Biodex', 4.54),
	(192, 2, '2021-08-25', 3, 'Sonair', 4.27),
	(193, 1, '2021-03-07', 1, 'Mat Lam Tam', 1.16),
	(194, 2, '2021-03-25', 3, 'Bytecard', 1.72),
	(195, 3, '2021-05-12', 3, 'Sonsing', 2.37),
	(196, 3, '2021-07-02', 2, 'Sonsing', 1.54),
	(197, 2, '2021-06-02', 1, 'Mat Lam Tam', 1.96),
	(198, 6, '2021-07-01', 3, 'Opela', 3.81),
	(199, 5, '2021-10-28', 2, 'Duobam', 2.20),
	(200, 1, '2021-10-31', 2, 'Stim', 3.28),
	(201, 8, '2021-09-26', 1, 'Voyatouch', 0.53),
	(202, 8, '2021-11-21', 2, 'Bamity', 0.57),
	(203, 9, '2021-11-30', 3, 'Kanlam', 0.89),
	(204, 7, '2021-08-07', 3, 'Overhold', 0.43),
	(205, 9, '2021-08-24', 1, 'Temp', 0.60),
	(206, 9, '2021-11-21', 2, 'Pannier', 0.75),
	(207, 8, '2021-10-17', 1, 'Gembucket', 0.46),
	(208, 7, '2021-12-03', 3, 'Temp', 0.79),
	(209, 9, '2021-11-08', 3, 'Veribet', 0.35),
	(210, 9, '2021-09-12', 1, 'Voyatouch', 0.49),
	(211, 10, '2021-12-05', 2, 'Lotlux', 0.91),
	(212, 10, '2021-09-29', 3, 'Bigtax', 0.53),
	(213, 8, '2021-10-12', 1, 'Zontrax', 0.96),
	(214, 10, '2021-11-14', 1, 'Fix San', 0.96),
	(215, 8, '2021-11-18', 3, 'Transcof', 0.38),
	(216, 10, '2021-11-28', 3, 'Trippledex', 0.05),
	(217, 7, '2021-08-07', 3, 'Tampflex', 0.99),
	(218, 10, '2021-10-11', 3, 'Bytecard', 0.19),
	(219, 10, '2021-08-18', 3, 'Andalax', 0.38),
	(220, 8, '2021-10-11', 1, 'Matsoft', 0.75),
	(221, 9, '2021-10-29', 1, 'Flexidy', 0.32),
	(222, 10, '2021-08-15', 2, 'Konklux', 0.71),
	(223, 8, '2021-11-03', 2, 'Cardguard', 0.32),
	(224, 8, '2021-09-18', 1, 'Latlux', 0.94),
	(225, 8, '2021-09-15', 2, 'Mat Lam Tam', 0.42),
	(226, 9, '2021-09-19', 2, 'Quo Lux', 0.98),
	(227, 9, '2021-09-04', 2, 'Overhold', 0.55),
	(228, 7, '2021-09-17', 1, 'Redhold', 0.35),
	(229, 10, '2021-08-26', 2, 'Cardify', 0.86),
	(230, 9, '2021-12-09', 3, 'Solarbreeze', 0.14),
	(231, 8, '2021-10-28', 3, 'Holdlamis', 0.84),
	(232, 10, '2021-09-27', 2, 'Hatity', 0.89),
	(233, 7, '2021-08-15', 1, 'Tempsoft', 0.47),
	(234, 7, '2021-08-14', 2, 'Lotstring', 0.60),
	(235, 10, '2021-09-09', 3, 'Tin', 0.19),
	(236, 10, '2021-10-11', 1, 'Zontrax', 0.13),
	(237, 7, '2021-08-15', 2, 'Stronghold', 0.14),
	(238, 7, '2021-09-10', 2, 'Span', 0.51),
	(239, 9, '2021-10-28', 3, 'Toughjoyfax', 0.53),
	(240, 9, '2021-11-10', 3, 'Tampflex', 0.33),
	(241, 8, '2021-12-08', 2, 'Voyatouch', 0.44),
	(242, 7, '2021-08-22', 3, 'Sub-Ex', 0.72),
	(243, 7, '2021-10-13', 2, 'Otcom', 0.31),
	(244, 9, '2021-11-27', 2, 'Cardify', 0.86),
	(245, 9, '2021-10-22', 2, 'Konklux', 0.04),
	(246, 7, '2021-10-27', 1, 'Opela', 0.53),
	(247, 10, '2021-08-05', 2, 'Matsoft', 0.68),
	(248, 9, '2021-11-22', 2, 'Ventosanzap', 0.19),
	(249, 7, '2021-09-07', 3, 'Subin', 0.24),
	(250, 10, '2021-09-23', 3, 'Mat Lam Tam', 0.55),
	(251, 9, '2021-09-01', 1, 'Bytecard', 0.34),
	(252, 9, '2021-09-14', 3, 'Bitwolf', 0.55),
	(253, 7, '2021-08-13', 2, 'Andalax', 0.71),
	(254, 8, '2021-11-19', 2, 'Bamity', 0.91),
	(255, 10, '2021-08-02', 2, 'Zaam-Dox', 0.93),
	(256, 7, '2021-12-06', 2, 'Opela', 0.37),
	(257, 8, '2021-10-20', 1, 'Job', 0.52),
	(258, 8, '2021-11-19', 1, 'Sonsing', 0.91),
	(259, 8, '2021-10-24', 2, 'Aerified', 0.40),
	(260, 8, '2021-10-25', 2, 'Gembucket', 0.31),
	(261, 10, '2021-09-29', 2, 'Holdlamis', 0.21),
	(262, 10, '2021-11-08', 2, 'Tin', 0.79),
	(263, 8, '2021-08-26', 1, 'Flexidy', 0.12),
	(264, 10, '2021-08-25', 1, 'Lotlux', 0.20),
	(265, 7, '2021-12-07', 3, 'Vagram', 0.34),
	(266, 9, '2021-08-11', 3, 'Veribet', 0.69),
	(267, 8, '2021-10-07', 2, 'Span', 0.62),
	(268, 8, '2021-11-30', 2, 'Latlux', 0.09),
	(269, 9, '2021-08-22', 3, 'Viva', 0.62),
	(270, 8, '2021-12-06', 2, 'Zaam-Dox', 0.51),
	(271, 8, '2021-08-12', 3, 'Tempsoft', 0.95),
	(272, 7, '2021-09-26', 3, 'Flexidy', 0.85),
	(273, 9, '2021-11-30', 2, 'Quo Lux', 0.04),
	(274, 8, '2021-11-07', 1, 'Stringtough', 0.48),
	(275, 9, '2021-10-05', 2, 'Sonair', 0.35),
	(276, 7, '2021-08-05', 3, 'Voyatouch', 0.22),
	(277, 7, '2021-10-05', 3, 'Zontrax', 0.30),
	(278, 9, '2021-09-22', 3, 'Namfix', 0.69),
	(279, 10, '2021-09-07', 3, 'Aerified', 0.86),
	(280, 8, '2021-08-10', 2, 'Bitwolf', 0.28),
	(281, 9, '2021-11-26', 3, 'Stim', 0.75),
	(282, 10, '2021-10-19', 3, 'Kanlam', 0.58),
	(283, 10, '2021-09-02', 1, 'Stim', 0.47),
	(284, 10, '2021-08-15', 2, 'Overhold', 0.42),
	(285, 9, '2021-08-15', 2, 'Tres-Zap', 0.70),
	(286, 8, '2021-11-25', 1, 'Quo Lux', 0.15),
	(287, 7, '2021-09-28', 3, 'Bigtax', 0.70),
	(288, 9, '2021-09-14', 1, 'Biodex', 0.36),
	(289, 10, '2021-09-03', 1, 'Zontrax', 0.03),
	(290, 7, '2021-12-07', 3, 'Transcof', 0.30),
	(291, 7, '2021-11-14', 2, 'Keylex', 0.94),
	(292, 7, '2021-11-01', 2, 'Ventosanzap', 0.01),
	(293, 7, '2021-11-16', 1, 'Tresom', 0.78),
	(294, 10, '2021-08-16', 1, 'Tin', 0.69),
	(295, 10, '2021-08-30', 2, 'Hatity', 0.43),
	(296, 9, '2021-08-07', 1, 'Prodder', 0.36),
	(297, 7, '2021-08-14', 1, 'Fix San', 0.29),
	(298, 10, '2021-08-19', 1, 'Stronghold', 0.10),
	(299, 9, '2021-09-16', 2, 'Temp', 0.61),
	(300, 9, '2021-11-03', 1, 'Bitwolf', 0.33),
	(301, 7, '2021-09-28', 3, 'Y-Solowarm', 0.67),
	(302, 7, '2021-11-27', 1, 'Fix San', 0.31),
	(303, 8, '2021-12-03', 2, 'Temp', 0.49),
	(304, 10, '2021-11-03', 2, 'Sonsing', 0.16),
	(305, 8, '2021-08-24', 3, 'Alpha', 0.56),
	(306, 10, '2021-08-01', 1, 'Sonsing', 0.38),
	(307, 9, '2021-09-09', 3, 'Fix San', 0.39),
	(308, 7, '2021-10-28', 2, 'Sub-Ex', 0.27),
	(309, 10, '2021-08-03', 1, 'Otcom', 0.50),
	(310, 7, '2021-12-05', 3, 'Treeflex', 0.23),
	(311, 10, '2021-08-30', 3, 'Ventosanzap', 0.22),
	(312, 10, '2021-08-06', 1, 'Pannier', 0.58),
	(313, 10, '2021-09-19', 1, 'Konklux', 0.73),
	(314, 10, '2021-09-07', 2, 'Aerified', 0.83),
	(315, 8, '2021-11-25', 3, 'Fixflex', 0.37),
	(316, 9, '2021-08-26', 3, 'Latlux', 0.74),
	(317, 10, '2021-11-19', 3, 'Tin', 0.09),
	(318, 7, '2021-08-24', 2, 'Kanlam', 0.33),
	(319, 10, '2021-08-16', 1, 'Veribet', 0.25),
	(320, 7, '2021-11-26', 2, 'Regrant', 0.17),
	(321, 10, '2021-12-08', 3, 'Y-find', 0.16),
	(322, 10, '2021-12-03', 1, 'Duobam', 0.10),
	(323, 10, '2021-10-31', 2, 'Veribet', 0.10),
	(324, 8, '2021-11-17', 1, 'Cardify', 0.35),
	(325, 9, '2021-08-03', 1, 'Sonsing', 0.42),
	(326, 8, '2021-08-14', 3, 'Tin', 0.57),
	(327, 9, '2021-08-22', 3, 'Tresom', 0.46),
	(328, 9, '2021-11-09', 3, 'Voyatouch', 0.83),
	(329, 8, '2021-10-03', 2, 'Matsoft', 0.26),
	(330, 8, '2021-11-09', 2, 'Alpha', 0.65),
	(331, 7, '2021-08-26', 2, 'Home Ing', 0.89),
	(332, 7, '2021-10-31', 1, 'Y-find', 0.99),
	(333, 9, '2021-11-20', 2, 'Zaam-Dox', 0.31),
	(334, 9, '2021-10-15', 2, 'Opela', 0.87),
	(335, 9, '2021-09-05', 1, 'Konklab', 0.67),
	(336, 10, '2021-08-08', 2, 'Flexidy', 0.35),
	(337, 8, '2021-09-08', 2, 'Gembucket', 0.59),
	(338, 8, '2021-10-21', 3, 'Cardify', 0.31),
	(339, 8, '2021-08-05', 3, 'Toughjoyfax', 0.52),
	(340, 10, '2021-10-29', 1, 'Ronstring', 0.12),
	(341, 9, '2021-11-07', 1, 'Aerified', 0.83),
	(342, 8, '2021-09-05', 3, 'Cardguard', 0.96),
	(343, 9, '2021-08-08', 2, 'Asoka', 0.18),
	(344, 8, '2021-10-13', 3, 'Overhold', 0.67),
	(345, 9, '2021-11-18', 1, 'Viva', 0.87),
	(346, 10, '2021-11-20', 1, 'Cardify', 0.33),
	(347, 9, '2021-10-25', 3, 'Lotlux', 0.43),
	(348, 7, '2021-11-10', 1, 'Treeflex', 0.92),
	(349, 9, '2021-09-04', 2, 'Daltfresh', 0.78),
	(350, 7, '2021-08-29', 2, 'Fixflex', 0.69),
	(351, 9, '2021-08-16', 2, 'Matsoft', 0.20),
	(352, 8, '2021-09-14', 2, 'Veribet', 0.28),
	(353, 8, '2021-12-02', 3, 'Lotstring', 0.19),
	(354, 9, '2021-10-01', 2, 'Job', 0.63),
	(355, 10, '2021-11-08', 2, 'Fintone', 0.68),
	(356, 8, '2021-08-31', 2, 'Transcof', 0.28),
	(357, 7, '2021-11-23', 1, 'Matsoft', 0.37),
	(358, 7, '2021-08-09', 1, 'Lotlux', 0.44),
	(359, 10, '2021-09-09', 1, 'Alphazap', 0.07),
	(360, 9, '2021-09-15', 1, 'Wrapsafe', 0.57),
	(361, 10, '2021-08-28', 1, 'Tempsoft', 0.19),
	(362, 10, '2021-11-27', 2, 'Bitwolf', 0.87),
	(363, 9, '2021-08-20', 2, 'Pannier', 0.78),
	(364, 8, '2021-08-01', 1, 'Zamit', 0.40),
	(365, 9, '2021-09-21', 3, 'Veribet', 0.56),
	(366, 10, '2021-11-15', 2, 'Tresom', 0.23),
	(367, 10, '2021-08-19', 3, 'Biodex', 0.92),
	(368, 8, '2021-12-06', 1, 'Overhold', 0.75),
	(369, 9, '2021-10-15', 1, 'Bitchip', 0.92),
	(370, 9, '2021-08-12', 1, 'Treeflex', 0.87),
	(371, 8, '2021-10-18', 1, 'Treeflex', 0.98),
	(372, 9, '2021-10-20', 1, 'Tempsoft', 0.30),
	(373, 10, '2021-10-16', 1, 'Bitchip', 0.85),
	(374, 9, '2021-09-24', 2, 'Otcom', 0.77),
	(375, 10, '2021-08-12', 1, 'Bitwolf', 0.52),
	(376, 10, '2021-10-09', 1, 'Flowdesk', 0.11),
	(377, 8, '2021-10-11', 2, 'Stronghold', 0.05),
	(378, 7, '2021-11-29', 1, 'Fix San', 0.67),
	(379, 7, '2021-10-31', 1, 'Alpha', 0.20),
	(380, 7, '2021-09-05', 1, 'Home Ing', 0.41),
	(381, 9, '2021-10-20', 1, 'Overhold', 0.75),
	(382, 10, '2021-08-14', 2, 'Voyatouch', 0.29),
	(383, 9, '2021-11-20', 2, 'Lotlux', 0.19),
	(384, 8, '2021-10-18', 2, 'Kanlam', 0.21),
	(385, 9, '2021-11-02', 3, 'Veribet', 0.39),
	(386, 9, '2021-10-21', 1, 'Viva', 0.91),
	(387, 9, '2021-10-17', 1, 'Transcof', 0.83),
	(388, 7, '2021-08-18', 3, 'Sonsing', 0.90),
	(389, 8, '2021-11-04', 3, 'Cardguard', 0.75),
	(390, 8, '2021-10-30', 2, 'Stim', 0.92),
	(391, 10, '2021-11-30', 3, 'Regrant', 0.47),
	(392, 7, '2021-09-18', 2, 'Konklab', 0.51),
	(393, 10, '2021-09-07', 2, 'Wrapsafe', 0.74),
	(394, 7, '2021-09-03', 3, 'Redhold', 1.00),
	(395, 8, '2021-08-28', 1, 'Matsoft', 0.28),
	(396, 10, '2021-09-11', 3, 'Lotlux', 0.05),
	(397, 9, '2021-11-11', 1, 'Namfix', 0.40),
	(398, 9, '2021-08-04', 1, 'Greenlam', 0.55),
	(399, 10, '2021-08-04', 1, 'Sonair', 0.74),
	(400, 10, '2021-09-20', 3, 'Stringtough', 0.62);
/*!40000 ALTER TABLE `partials_activities` ENABLE KEYS */;

-- Volcando estructura para tabla p2_asistencia_actividades.periods
CREATE TABLE IF NOT EXISTS `periods` (
  `id` int(11) unsigned NOT NULL AUTO_INCREMENT,
  `date` year(4) NOT NULL,
  `period` int(11) unsigned NOT NULL,
  PRIMARY KEY (`id`)
) ENGINE=InnoDB AUTO_INCREMENT=9 DEFAULT CHARSET=utf8;

-- Volcando datos para la tabla p2_asistencia_actividades.periods: ~4 rows (aproximadamente)
/*!40000 ALTER TABLE `periods` DISABLE KEYS */;
INSERT INTO `periods` (`id`, `date`, `period`) VALUES
	(1, '2020', 1),
	(2, '2020', 2),
	(3, '2021', 1),
	(4, '2021', 2);
/*!40000 ALTER TABLE `periods` ENABLE KEYS */;

-- Volcando estructura para tabla p2_asistencia_actividades.sessions
CREATE TABLE IF NOT EXISTS `sessions` (
  `id` int(11) unsigned NOT NULL AUTO_INCREMENT,
  `academic_space_id` int(11) unsigned NOT NULL,
  `date` date NOT NULL,
  `cut` varchar(255) NOT NULL,
  `time_start` time NOT NULL,
  `time_end` time NOT NULL,
  PRIMARY KEY (`id`),
  KEY `sessions_academic_sapces_fk` (`academic_space_id`),
  CONSTRAINT `sessions_academic_sapces_fk` FOREIGN KEY (`academic_space_id`) REFERENCES `academic_spaces` (`id`) ON DELETE CASCADE ON UPDATE CASCADE
) ENGINE=InnoDB AUTO_INCREMENT=2001 DEFAULT CHARSET=utf8;

-- Volcando datos para la tabla p2_asistencia_actividades.sessions: ~2.000 rows (aproximadamente)
/*!40000 ALTER TABLE `sessions` DISABLE KEYS */;
INSERT INTO `sessions` (`id`, `academic_space_id`, `date`, `cut`, `time_start`, `time_end`) VALUES
	(1, 3, '2021-01-04', '1', '08:31:59', '10:10:15'),
	(2, 6, '2021-08-03', '2', '07:06:40', '14:21:50'),
	(3, 2, '2021-05-31', '3', '21:35:41', '12:23:41'),
	(4, 3, '2021-04-05', '2', '07:31:59', '15:31:49'),
	(5, 1, '2021-07-10', '1', '06:52:09', '08:10:11'),
	(6, 1, '2021-06-02', '1', '14:04:47', '03:40:31'),
	(7, 2, '2021-05-24', '2', '17:49:50', '18:11:10'),
	(8, 4, '2021-01-31', '3', '01:08:54', '09:24:00'),
	(9, 4, '2021-03-04', '1', '12:16:29', '12:02:50'),
	(10, 4, '2021-01-30', '2', '12:06:06', '14:12:57'),
	(11, 2, '2021-10-08', '1', '00:40:39', '03:13:37'),
	(12, 1, '2021-03-30', '3', '02:02:44', '05:39:25'),
	(13, 3, '2021-01-28', '1', '04:59:25', '07:14:06'),
	(14, 3, '2021-10-13', '2', '21:55:37', '11:23:40'),
	(15, 4, '2021-08-09', '2', '00:25:45', '16:04:30'),
	(16, 4, '2021-09-20', '3', '16:13:21', '04:50:58'),
	(17, 4, '2021-03-19', '3', '05:16:15', '10:28:05'),
	(18, 3, '2021-11-08', '1', '07:02:32', '02:09:41'),
	(19, 2, '2021-10-21', '1', '10:31:10', '10:10:53'),
	(20, 5, '2021-08-28', '1', '02:14:49', '19:57:04'),
	(21, 2, '2021-03-19', '3', '06:10:50', '07:17:55'),
	(22, 1, '2021-06-05', '2', '15:42:07', '23:57:17'),
	(23, 5, '2021-11-01', '3', '14:29:43', '22:07:23'),
	(24, 1, '2021-01-24', '2', '20:29:26', '06:31:37'),
	(25, 1, '2021-10-05', '1', '22:15:35', '10:45:36'),
	(26, 5, '2021-08-09', '1', '13:49:02', '06:29:02'),
	(27, 4, '2021-01-18', '3', '22:42:45', '18:19:54'),
	(28, 2, '2021-05-12', '3', '15:58:46', '01:13:21'),
	(29, 2, '2021-07-29', '1', '02:44:14', '12:21:00'),
	(30, 3, '2021-03-05', '3', '15:16:35', '07:57:24'),
	(31, 4, '2021-10-05', '2', '14:27:58', '01:23:27'),
	(32, 6, '2021-06-15', '1', '04:44:10', '08:45:33'),
	(33, 4, '2021-07-06', '1', '12:23:43', '23:55:20'),
	(34, 2, '2021-04-09', '3', '17:52:32', '03:00:30'),
	(35, 5, '2021-06-01', '2', '02:40:31', '06:33:28'),
	(36, 5, '2021-04-11', '1', '13:34:42', '18:56:57'),
	(37, 1, '2021-07-05', '2', '14:24:57', '20:52:18'),
	(38, 6, '2021-08-21', '2', '21:58:10', '14:34:05'),
	(39, 6, '2021-01-23', '1', '18:38:10', '09:00:17'),
	(40, 5, '2021-09-19', '3', '20:03:24', '00:03:19'),
	(41, 2, '2021-06-11', '1', '09:06:11', '03:48:38'),
	(42, 6, '2021-06-05', '2', '14:29:18', '00:04:19'),
	(43, 1, '2021-08-06', '2', '06:36:33', '02:14:23'),
	(44, 2, '2021-07-28', '3', '01:10:29', '04:54:42'),
	(45, 2, '2021-01-18', '2', '20:27:23', '01:53:58'),
	(46, 6, '2021-06-27', '1', '14:06:37', '01:28:37'),
	(47, 1, '2021-03-27', '3', '17:08:33', '07:52:39'),
	(48, 5, '2021-08-02', '3', '04:50:44', '06:20:21'),
	(49, 6, '2021-09-24', '1', '21:13:33', '01:36:51'),
	(50, 3, '2021-10-27', '2', '14:28:13', '02:14:19'),
	(51, 4, '2021-11-19', '3', '11:26:59', '05:04:12'),
	(52, 1, '2021-11-08', '1', '23:08:39', '19:33:13'),
	(53, 2, '2021-08-03', '3', '15:43:49', '19:51:34'),
	(54, 3, '2021-01-16', '3', '06:04:33', '00:42:28'),
	(55, 2, '2021-04-05', '1', '19:33:37', '00:44:51'),
	(56, 1, '2021-09-18', '1', '20:45:25', '07:59:42'),
	(57, 5, '2021-01-23', '1', '12:11:28', '18:18:20'),
	(58, 4, '2021-04-14', '2', '17:02:10', '05:05:42'),
	(59, 1, '2021-11-03', '3', '03:12:58', '01:49:20'),
	(60, 5, '2021-05-19', '2', '04:30:40', '22:50:41'),
	(61, 6, '2021-01-15', '2', '03:01:20', '06:12:26'),
	(62, 3, '2021-03-09', '1', '06:06:35', '11:02:36'),
	(63, 3, '2021-02-06', '2', '21:42:09', '10:20:40'),
	(64, 6, '2021-04-23', '2', '09:36:13', '05:47:20'),
	(65, 1, '2021-07-02', '1', '15:03:50', '10:56:58'),
	(66, 1, '2021-11-03', '3', '17:30:32', '15:40:26'),
	(67, 6, '2021-10-26', '3', '22:05:53', '14:42:50'),
	(68, 6, '2021-03-10', '3', '06:52:21', '11:06:30'),
	(69, 4, '2021-03-11', '3', '17:47:51', '13:45:26'),
	(70, 5, '2021-11-21', '3', '15:03:05', '10:24:57'),
	(71, 2, '2021-05-06', '3', '03:58:08', '13:36:00'),
	(72, 5, '2021-01-13', '1', '11:31:16', '15:15:28'),
	(73, 1, '2021-01-26', '3', '10:49:38', '03:59:09'),
	(74, 5, '2021-08-18', '1', '17:19:09', '05:41:20'),
	(75, 6, '2021-08-10', '2', '19:38:22', '15:31:05'),
	(76, 1, '2021-06-07', '2', '14:30:59', '15:21:19'),
	(77, 3, '2021-08-11', '3', '10:17:27', '19:03:01'),
	(78, 2, '2021-06-15', '2', '14:58:14', '12:56:51'),
	(79, 6, '2021-11-03', '3', '06:11:38', '01:04:11'),
	(80, 3, '2021-01-07', '2', '12:54:34', '21:35:09'),
	(81, 2, '2021-02-01', '1', '10:23:02', '19:07:06'),
	(82, 3, '2021-03-19', '1', '13:23:08', '04:50:40'),
	(83, 4, '2021-09-14', '3', '02:13:59', '16:17:43'),
	(84, 3, '2021-07-02', '3', '10:34:44', '05:31:08'),
	(85, 1, '2021-07-01', '1', '04:36:11', '03:05:37'),
	(86, 1, '2021-05-28', '1', '05:25:56', '04:32:37'),
	(87, 5, '2021-04-30', '3', '03:51:33', '18:34:41'),
	(88, 1, '2021-06-24', '1', '06:20:29', '17:06:23'),
	(89, 6, '2021-08-02', '1', '08:01:48', '20:30:41'),
	(90, 5, '2021-10-13', '2', '00:40:15', '09:56:05'),
	(91, 3, '2021-11-22', '1', '10:04:39', '22:26:29'),
	(92, 6, '2021-04-21', '3', '17:12:49', '12:01:23'),
	(93, 1, '2021-07-06', '2', '03:22:09', '16:14:37'),
	(94, 5, '2021-05-26', '3', '23:02:32', '07:45:38'),
	(95, 2, '2021-10-20', '3', '00:02:29', '09:38:15'),
	(96, 6, '2021-06-30', '3', '18:29:32', '15:01:59'),
	(97, 4, '2021-03-02', '2', '05:58:32', '01:03:17'),
	(98, 4, '2021-06-11', '3', '03:00:47', '23:58:55'),
	(99, 4, '2021-05-20', '3', '06:49:19', '17:33:49'),
	(100, 4, '2021-04-12', '2', '21:29:10', '04:02:04'),
	(101, 2, '2021-04-07', '2', '18:45:39', '06:46:43'),
	(102, 3, '2021-08-26', '2', '07:33:36', '18:24:10'),
	(103, 3, '2021-08-11', '1', '23:46:08', '11:35:06'),
	(104, 1, '2021-02-03', '1', '09:04:01', '06:09:18'),
	(105, 3, '2021-01-06', '1', '18:34:06', '16:55:51'),
	(106, 2, '2021-11-11', '2', '03:38:59', '23:40:09'),
	(107, 3, '2021-02-09', '3', '22:00:00', '17:30:32'),
	(108, 3, '2021-11-29', '2', '16:11:02', '15:52:58'),
	(109, 2, '2021-10-06', '3', '11:55:49', '02:48:40'),
	(110, 6, '2021-10-22', '2', '10:42:24', '15:49:15'),
	(111, 3, '2021-11-14', '3', '16:51:36', '21:15:13'),
	(112, 6, '2021-08-18', '2', '16:55:37', '15:01:52'),
	(113, 3, '2021-04-06', '3', '15:33:15', '08:17:39'),
	(114, 1, '2021-11-08', '3', '01:20:39', '05:48:37'),
	(115, 4, '2021-02-16', '3', '17:03:40', '10:51:28'),
	(116, 4, '2021-02-20', '2', '06:23:07', '04:22:50'),
	(117, 1, '2021-04-26', '2', '06:02:50', '07:35:47'),
	(118, 4, '2021-06-29', '2', '14:48:40', '09:12:08'),
	(119, 3, '2021-01-31', '3', '21:17:39', '23:56:10'),
	(120, 3, '2021-09-11', '1', '13:35:02', '16:25:54'),
	(121, 6, '2021-11-18', '2', '14:24:12', '19:05:06'),
	(122, 2, '2021-03-24', '1', '15:39:34', '06:24:20'),
	(123, 6, '2021-01-02', '1', '12:49:12', '19:08:09'),
	(124, 6, '2021-09-20', '3', '01:54:09', '13:55:14'),
	(125, 4, '2021-09-30', '2', '08:58:27', '15:35:51'),
	(126, 2, '2021-08-28', '3', '19:02:24', '13:19:21'),
	(127, 1, '2021-01-04', '2', '00:06:57', '11:37:23'),
	(128, 3, '2021-07-18', '2', '09:23:59', '19:33:59'),
	(129, 4, '2021-03-22', '2', '22:57:18', '08:08:51'),
	(130, 5, '2021-09-21', '2', '04:09:07', '12:57:24'),
	(131, 6, '2021-08-17', '2', '17:49:44', '17:26:19'),
	(132, 2, '2021-08-05', '2', '10:40:45', '19:06:18'),
	(133, 3, '2021-03-01', '3', '18:45:33', '10:10:44'),
	(134, 3, '2021-02-13', '3', '23:51:44', '00:26:01'),
	(135, 3, '2021-05-28', '3', '15:59:33', '19:05:03'),
	(136, 5, '2021-11-30', '2', '04:55:35', '00:14:54'),
	(137, 1, '2021-03-29', '3', '02:52:37', '02:17:14'),
	(138, 4, '2021-01-04', '1', '08:11:30', '06:06:52'),
	(139, 1, '2021-06-08', '3', '12:58:13', '14:20:53'),
	(140, 2, '2021-04-21', '1', '17:32:33', '19:34:13'),
	(141, 6, '2021-10-10', '3', '14:07:27', '08:32:42'),
	(142, 2, '2021-04-03', '1', '11:53:26', '09:03:52'),
	(143, 3, '2021-09-02', '2', '17:21:38', '03:59:21'),
	(144, 3, '2021-05-11', '2', '21:54:50', '11:43:51'),
	(145, 2, '2021-10-29', '1', '09:29:51', '03:30:29'),
	(146, 4, '2021-11-16', '1', '15:59:25', '09:25:04'),
	(147, 2, '2021-01-09', '3', '23:27:40', '04:29:12'),
	(148, 1, '2021-04-04', '2', '08:16:16', '12:37:33'),
	(149, 1, '2021-05-27', '2', '05:56:10', '19:00:33'),
	(150, 1, '2021-01-31', '3', '10:10:52', '03:05:51'),
	(151, 4, '2021-05-03', '3', '07:24:57', '08:04:16'),
	(152, 2, '2021-05-14', '1', '15:04:15', '03:47:16'),
	(153, 4, '2021-02-12', '2', '01:44:36', '21:17:29'),
	(154, 3, '2021-11-18', '1', '13:18:58', '05:36:49'),
	(155, 5, '2021-11-19', '3', '05:00:14', '21:47:25'),
	(156, 1, '2021-04-01', '3', '08:11:35', '11:28:59'),
	(157, 1, '2021-11-20', '2', '15:53:08', '02:03:17'),
	(158, 4, '2021-11-20', '2', '16:02:29', '17:35:53'),
	(159, 3, '2021-02-06', '3', '18:55:37', '14:05:06'),
	(160, 1, '2021-03-25', '2', '15:23:25', '22:09:03'),
	(161, 4, '2021-10-21', '3', '09:29:57', '09:57:15'),
	(162, 6, '2021-01-24', '3', '18:42:00', '14:20:31'),
	(163, 2, '2021-11-02', '3', '15:04:50', '09:40:17'),
	(164, 2, '2021-06-15', '2', '13:26:39', '10:59:33'),
	(165, 1, '2021-07-10', '2', '05:06:35', '04:14:29'),
	(166, 1, '2021-06-20', '2', '12:04:25', '17:49:32'),
	(167, 5, '2021-07-07', '2', '01:37:25', '14:48:53'),
	(168, 5, '2021-07-16', '1', '03:29:36', '07:48:55'),
	(169, 6, '2021-10-15', '2', '09:29:13', '21:30:22'),
	(170, 3, '2021-09-01', '1', '04:43:58', '01:21:19'),
	(171, 1, '2021-03-11', '1', '19:20:36', '19:24:34'),
	(172, 2, '2021-07-12', '1', '17:20:19', '04:03:48'),
	(173, 3, '2021-01-27', '1', '19:23:22', '18:49:10'),
	(174, 1, '2021-05-21', '1', '02:53:42', '18:12:36'),
	(175, 4, '2021-01-14', '3', '20:49:48', '00:12:38'),
	(176, 4, '2021-06-08', '3', '01:25:35', '04:30:45'),
	(177, 5, '2021-03-04', '3', '16:52:28', '14:02:19'),
	(178, 5, '2021-08-12', '1', '22:18:21', '07:13:20'),
	(179, 1, '2021-02-08', '2', '12:50:55', '15:54:24'),
	(180, 2, '2021-05-11', '3', '22:47:27', '07:25:39'),
	(181, 4, '2021-02-22', '2', '13:20:27', '06:07:00'),
	(182, 5, '2021-11-22', '2', '09:57:25', '04:57:30'),
	(183, 5, '2021-03-26', '2', '08:01:21', '08:15:44'),
	(184, 1, '2021-08-04', '2', '12:30:53', '04:23:10'),
	(185, 5, '2021-10-13', '2', '03:22:58', '17:49:28'),
	(186, 5, '2021-01-30', '2', '21:56:30', '02:02:24'),
	(187, 6, '2021-08-31', '2', '07:32:12', '17:41:31'),
	(188, 4, '2021-11-15', '3', '07:50:59', '01:33:04'),
	(189, 6, '2021-06-12', '2', '10:37:31', '10:36:06'),
	(190, 6, '2021-10-18', '2', '15:29:34', '05:39:36'),
	(191, 6, '2021-03-17', '1', '23:44:58', '13:57:36'),
	(192, 2, '2021-07-11', '2', '06:13:54', '02:29:30'),
	(193, 6, '2021-01-17', '2', '21:08:32', '00:43:52'),
	(194, 5, '2021-01-20', '3', '08:34:01', '18:04:23'),
	(195, 4, '2021-01-16', '3', '18:35:56', '18:16:29'),
	(196, 4, '2021-08-04', '3', '11:07:33', '08:43:52'),
	(197, 6, '2021-05-26', '3', '07:47:36', '07:52:10'),
	(198, 5, '2021-11-25', '2', '14:03:29', '09:53:04'),
	(199, 1, '2021-03-29', '1', '02:48:13', '19:50:10'),
	(200, 4, '2021-11-26', '3', '17:17:15', '23:33:06'),
	(201, 2, '2021-02-17', '3', '17:00:00', '19:49:09'),
	(202, 1, '2021-05-24', '2', '23:45:32', '03:35:05'),
	(203, 1, '2021-07-01', '1', '05:13:45', '22:06:37'),
	(204, 3, '2021-02-09', '3', '01:53:05', '05:40:40'),
	(205, 1, '2021-03-03', '3', '14:31:26', '23:28:24'),
	(206, 5, '2021-02-17', '1', '06:43:44', '10:01:05'),
	(207, 2, '2021-07-27', '3', '21:47:03', '20:01:12'),
	(208, 2, '2021-02-07', '1', '11:38:40', '02:17:44'),
	(209, 2, '2021-07-26', '1', '21:59:24', '23:02:51'),
	(210, 3, '2021-06-23', '3', '21:42:57', '20:06:04'),
	(211, 2, '2021-08-18', '1', '13:49:38', '05:18:27'),
	(212, 3, '2021-06-19', '2', '15:15:42', '08:30:53'),
	(213, 4, '2021-04-20', '2', '01:38:27', '17:34:50'),
	(214, 5, '2021-03-07', '2', '20:45:07', '23:23:33'),
	(215, 4, '2021-04-09', '2', '02:51:28', '09:46:10'),
	(216, 4, '2021-04-16', '1', '12:16:20', '04:08:38'),
	(217, 6, '2021-11-01', '1', '18:53:45', '18:49:03'),
	(218, 3, '2021-06-09', '3', '11:11:12', '08:35:28'),
	(219, 5, '2021-02-14', '2', '23:24:51', '19:16:28'),
	(220, 5, '2021-06-23', '3', '05:54:33', '07:07:50'),
	(221, 4, '2021-06-25', '2', '19:05:14', '11:17:40'),
	(222, 5, '2021-09-20', '1', '15:47:20', '08:22:00'),
	(223, 3, '2021-01-28', '1', '01:40:10', '16:23:12'),
	(224, 2, '2021-04-23', '1', '09:43:01', '09:09:20'),
	(225, 1, '2021-07-18', '3', '03:47:44', '03:42:46'),
	(226, 1, '2021-06-08', '3', '05:00:57', '16:59:36'),
	(227, 3, '2021-03-04', '1', '23:21:06', '06:54:10'),
	(228, 5, '2021-09-22', '2', '07:00:59', '12:21:19'),
	(229, 6, '2021-08-31', '1', '20:13:38', '15:26:01'),
	(230, 1, '2021-07-23', '3', '04:19:31', '21:32:28'),
	(231, 3, '2021-07-11', '2', '12:44:49', '01:18:43'),
	(232, 3, '2021-10-27', '2', '14:42:31', '16:27:44'),
	(233, 6, '2021-03-20', '3', '16:25:41', '08:01:46'),
	(234, 2, '2021-04-15', '1', '02:18:04', '18:18:46'),
	(235, 4, '2021-04-06', '1', '07:40:13', '02:39:00'),
	(236, 3, '2021-07-19', '3', '03:58:10', '08:05:34'),
	(237, 5, '2021-03-10', '1', '16:36:57', '23:43:44'),
	(238, 5, '2021-03-05', '2', '15:09:36', '22:28:01'),
	(239, 5, '2021-08-30', '2', '13:33:54', '17:38:25'),
	(240, 1, '2021-01-05', '1', '03:58:53', '22:41:35'),
	(241, 4, '2021-11-27', '1', '22:04:14', '23:21:51'),
	(242, 3, '2021-07-01', '2', '22:02:04', '10:11:22'),
	(243, 1, '2021-01-31', '3', '14:15:37', '19:16:20'),
	(244, 2, '2021-08-12', '2', '00:40:57', '05:28:30'),
	(245, 5, '2021-09-25', '1', '18:59:37', '12:36:07'),
	(246, 3, '2021-05-21', '1', '18:12:33', '20:59:40'),
	(247, 1, '2021-01-05', '1', '09:44:37', '13:10:37'),
	(248, 6, '2021-01-22', '1', '01:40:56', '12:06:16'),
	(249, 5, '2021-09-07', '3', '20:45:39', '10:56:19'),
	(250, 5, '2021-07-04', '2', '12:46:57', '09:13:11'),
	(251, 5, '2021-01-22', '1', '17:19:45', '00:35:18'),
	(252, 3, '2021-10-10', '2', '20:37:08', '20:44:14'),
	(253, 6, '2021-08-06', '1', '03:27:45', '16:32:36'),
	(254, 5, '2021-10-08', '3', '01:46:09', '10:18:31'),
	(255, 6, '2021-06-22', '3', '14:12:55', '01:20:21'),
	(256, 4, '2021-05-12', '1', '02:41:46', '12:10:24'),
	(257, 5, '2021-05-11', '3', '09:36:46', '07:03:23'),
	(258, 4, '2021-08-28', '3', '22:24:04', '13:21:24'),
	(259, 4, '2021-03-04', '1', '05:07:55', '00:05:48'),
	(260, 2, '2021-01-07', '3', '03:56:30', '15:55:18'),
	(261, 1, '2021-05-26', '1', '01:51:27', '15:59:36'),
	(262, 1, '2021-07-22', '1', '18:00:31', '12:55:13'),
	(263, 1, '2021-01-29', '1', '18:13:45', '11:19:41'),
	(264, 4, '2021-06-12', '3', '06:28:44', '10:36:08'),
	(265, 2, '2021-06-12', '2', '15:21:08', '00:49:14'),
	(266, 2, '2021-08-20', '2', '12:56:19', '05:03:26'),
	(267, 1, '2021-09-09', '2', '01:55:32', '15:06:12'),
	(268, 4, '2021-01-10', '1', '00:49:16', '14:08:39'),
	(269, 2, '2021-09-13', '2', '19:39:21', '22:34:00'),
	(270, 3, '2021-10-19', '3', '05:24:53', '12:53:37'),
	(271, 3, '2021-04-14', '3', '21:29:29', '04:16:24'),
	(272, 4, '2021-01-14', '1', '16:59:12', '13:38:52'),
	(273, 6, '2021-11-19', '3', '20:25:29', '09:12:40'),
	(274, 1, '2021-01-11', '2', '02:01:59', '16:47:52'),
	(275, 2, '2021-09-12', '2', '01:52:22', '01:31:32'),
	(276, 1, '2021-02-26', '3', '10:03:27', '03:07:43'),
	(277, 4, '2021-02-15', '2', '19:05:04', '10:13:05'),
	(278, 5, '2021-03-17', '2', '22:24:30', '11:22:09'),
	(279, 6, '2021-11-19', '3', '09:01:14', '03:57:34'),
	(280, 6, '2021-06-30', '1', '16:23:17', '06:12:18'),
	(281, 1, '2021-08-28', '3', '11:19:53', '07:18:36'),
	(282, 1, '2021-09-09', '2', '06:19:05', '14:06:26'),
	(283, 6, '2021-02-23', '1', '01:48:39', '14:13:03'),
	(284, 1, '2021-06-22', '2', '04:01:25', '02:06:34'),
	(285, 4, '2021-08-22', '1', '10:35:02', '23:46:28'),
	(286, 3, '2021-01-08', '2', '12:01:31', '21:46:34'),
	(287, 5, '2021-11-28', '2', '10:50:39', '14:40:08'),
	(288, 2, '2021-03-11', '3', '08:17:54', '15:58:24'),
	(289, 3, '2021-01-09', '1', '18:12:27', '11:01:17'),
	(290, 1, '2021-09-23', '1', '13:22:05', '13:17:41'),
	(291, 4, '2021-01-31', '3', '02:03:20', '18:03:01'),
	(292, 3, '2021-10-10', '1', '19:39:58', '19:39:14'),
	(293, 5, '2021-06-05', '2', '06:42:01', '16:22:54'),
	(294, 5, '2021-09-19', '3', '22:24:20', '20:11:49'),
	(295, 5, '2021-05-28', '1', '21:29:41', '03:28:19'),
	(296, 3, '2021-02-05', '2', '23:11:54', '15:40:16'),
	(297, 2, '2021-01-17', '2', '21:48:03', '03:46:23'),
	(298, 3, '2021-05-01', '3', '21:25:12', '04:39:12'),
	(299, 1, '2021-03-30', '1', '05:09:23', '07:34:14'),
	(300, 5, '2021-10-05', '3', '02:10:31', '14:38:58'),
	(301, 6, '2021-06-17', '1', '06:47:24', '20:31:32'),
	(302, 4, '2021-01-14', '2', '00:41:37', '22:38:11'),
	(303, 1, '2021-07-25', '1', '02:48:59', '08:36:29'),
	(304, 2, '2021-07-23', '2', '20:19:27', '20:54:29'),
	(305, 6, '2021-01-20', '1', '07:38:52', '07:53:41'),
	(306, 1, '2021-06-18', '3', '02:30:06', '11:35:01'),
	(307, 5, '2021-08-11', '2', '21:51:20', '14:44:53'),
	(308, 5, '2021-06-17', '1', '11:42:34', '01:57:49'),
	(309, 3, '2021-02-27', '3', '12:44:08', '00:17:15'),
	(310, 1, '2021-02-03', '2', '14:40:13', '16:44:27'),
	(311, 4, '2021-06-20', '1', '06:20:44', '08:37:03'),
	(312, 3, '2021-10-29', '3', '05:58:12', '05:24:46'),
	(313, 2, '2021-04-12', '3', '22:13:11', '16:47:05'),
	(314, 5, '2021-07-05', '3', '11:11:43', '21:38:31'),
	(315, 2, '2021-06-25', '3', '03:23:42', '19:47:40'),
	(316, 2, '2021-02-25', '3', '06:13:19', '15:32:11'),
	(317, 5, '2021-10-07', '2', '23:15:41', '08:59:29'),
	(318, 6, '2021-09-03', '1', '15:34:47', '21:29:10'),
	(319, 2, '2021-11-17', '1', '18:57:06', '21:15:47'),
	(320, 3, '2021-11-14', '2', '07:32:37', '09:44:47'),
	(321, 2, '2021-10-09', '1', '04:19:56', '06:17:12'),
	(322, 6, '2021-10-26', '2', '08:27:15', '15:09:21'),
	(323, 3, '2021-08-12', '2', '09:28:47', '08:53:09'),
	(324, 6, '2021-05-10', '1', '09:29:59', '21:43:18'),
	(325, 6, '2021-07-21', '1', '22:35:31', '10:01:50'),
	(326, 6, '2021-06-09', '1', '11:45:50', '14:25:03'),
	(327, 1, '2021-03-22', '1', '17:52:15', '02:02:29'),
	(328, 3, '2021-09-21', '2', '09:52:36', '14:32:48'),
	(329, 1, '2021-06-12', '2', '23:24:29', '04:15:15'),
	(330, 3, '2021-10-05', '2', '23:42:18', '03:53:41'),
	(331, 3, '2021-04-09', '3', '21:36:37', '22:14:56'),
	(332, 5, '2021-06-08', '1', '18:15:18', '05:36:30'),
	(333, 1, '2021-08-28', '1', '15:52:42', '06:59:08'),
	(334, 1, '2021-04-27', '3', '23:42:31', '04:03:56'),
	(335, 1, '2021-01-20', '3', '01:36:22', '03:37:39'),
	(336, 6, '2021-07-31', '1', '13:32:44', '06:13:06'),
	(337, 2, '2021-01-10', '3', '16:41:28', '01:27:56'),
	(338, 6, '2021-09-02', '3', '13:13:06', '14:56:39'),
	(339, 6, '2021-02-24', '1', '07:53:27', '08:01:02'),
	(340, 3, '2021-07-29', '1', '03:05:50', '09:11:30'),
	(341, 1, '2021-02-27', '2', '16:55:53', '15:03:00'),
	(342, 5, '2021-09-20', '1', '09:10:43', '02:04:15'),
	(343, 6, '2021-06-13', '3', '03:07:28', '11:29:15'),
	(344, 5, '2021-03-12', '1', '01:08:52', '08:13:17'),
	(345, 2, '2021-04-10', '1', '13:45:17', '18:47:01'),
	(346, 3, '2021-04-01', '1', '05:03:25', '13:47:47'),
	(347, 4, '2021-02-10', '3', '18:53:41', '08:14:19'),
	(348, 4, '2021-10-09', '2', '16:00:38', '13:18:30'),
	(349, 2, '2021-09-16', '3', '11:32:00', '03:17:40'),
	(350, 3, '2021-03-03', '2', '05:03:48', '19:15:47'),
	(351, 1, '2021-04-29', '1', '04:44:55', '12:00:35'),
	(352, 6, '2021-06-09', '2', '22:20:16', '17:15:59'),
	(353, 3, '2021-11-28', '2', '22:27:51', '15:21:01'),
	(354, 4, '2021-06-05', '2', '07:12:36', '17:26:57'),
	(355, 4, '2021-08-29', '2', '12:26:58', '04:00:32'),
	(356, 3, '2021-06-17', '3', '10:35:36', '23:25:44'),
	(357, 1, '2021-10-16', '2', '19:51:47', '00:08:07'),
	(358, 6, '2021-06-30', '2', '07:42:00', '01:59:57'),
	(359, 5, '2021-04-17', '2', '02:22:09', '18:17:27'),
	(360, 1, '2021-05-10', '2', '04:43:02', '13:37:44'),
	(361, 6, '2021-06-11', '1', '00:27:32', '05:15:26'),
	(362, 5, '2021-02-19', '1', '02:48:36', '11:33:57'),
	(363, 5, '2021-07-18', '1', '15:17:39', '12:27:15'),
	(364, 2, '2021-01-13', '3', '09:57:55', '18:21:38'),
	(365, 1, '2021-06-21', '1', '05:21:20', '02:41:38'),
	(366, 4, '2021-10-30', '2', '18:57:23', '17:54:13'),
	(367, 4, '2021-10-24', '2', '00:07:56', '00:47:02'),
	(368, 2, '2021-11-20', '1', '05:54:07', '00:19:30'),
	(369, 5, '2021-02-06', '1', '17:23:30', '03:20:16'),
	(370, 3, '2021-09-16', '3', '01:17:47', '12:17:48'),
	(371, 6, '2021-03-13', '3', '00:17:17', '16:26:05'),
	(372, 1, '2021-09-13', '1', '23:27:36', '22:07:48'),
	(373, 2, '2021-02-14', '2', '08:54:21', '08:57:24'),
	(374, 1, '2021-03-22', '1', '01:43:03', '05:37:43'),
	(375, 3, '2021-08-18', '2', '11:35:00', '04:06:09'),
	(376, 4, '2021-10-30', '1', '13:20:38', '00:36:27'),
	(377, 4, '2021-03-18', '2', '22:27:59', '09:50:04'),
	(378, 6, '2021-04-17', '2', '07:07:14', '12:46:14'),
	(379, 4, '2021-01-29', '3', '04:24:44', '18:18:27'),
	(380, 5, '2021-07-30', '3', '13:20:51', '02:10:00'),
	(381, 3, '2021-01-01', '1', '04:25:08', '11:03:41'),
	(382, 4, '2021-06-07', '3', '22:24:25', '23:48:11'),
	(383, 5, '2021-08-15', '1', '19:17:54', '23:53:33'),
	(384, 6, '2021-08-20', '3', '16:37:18', '00:20:28'),
	(385, 2, '2021-11-14', '2', '14:46:24', '15:14:18'),
	(386, 6, '2021-08-31', '1', '11:36:26', '14:19:12'),
	(387, 1, '2021-11-02', '3', '00:58:50', '11:27:22'),
	(388, 5, '2021-01-21', '2', '16:35:02', '13:45:44'),
	(389, 5, '2021-10-22', '2', '18:03:36', '11:56:52'),
	(390, 1, '2021-08-11', '2', '08:29:41', '20:38:04'),
	(391, 4, '2021-06-19', '1', '02:38:24', '03:31:24'),
	(392, 3, '2021-05-15', '2', '15:46:21', '10:44:59'),
	(393, 5, '2021-03-02', '3', '17:15:47', '17:37:04'),
	(394, 3, '2021-09-29', '3', '06:48:52', '16:02:49'),
	(395, 1, '2021-09-28', '2', '03:14:17', '09:17:48'),
	(396, 6, '2021-06-13', '1', '23:35:40', '02:30:42'),
	(397, 1, '2021-08-06', '1', '20:46:41', '16:05:43'),
	(398, 1, '2021-09-28', '3', '04:18:48', '11:41:10'),
	(399, 3, '2021-04-19', '2', '00:50:25', '20:09:54'),
	(400, 2, '2021-06-29', '3', '13:15:54', '23:28:35'),
	(401, 1, '2021-03-22', '1', '16:39:41', '06:42:08'),
	(402, 5, '2021-05-31', '3', '13:50:00', '20:10:20'),
	(403, 6, '2021-03-03', '3', '09:47:17', '15:05:48'),
	(404, 4, '2021-02-23', '1', '00:32:21', '15:20:40'),
	(405, 3, '2021-09-28', '2', '03:01:01', '08:53:29'),
	(406, 1, '2021-03-14', '2', '09:16:39', '04:08:43'),
	(407, 4, '2021-11-10', '3', '18:36:21', '05:32:51'),
	(408, 2, '2021-07-17', '1', '01:44:22', '21:11:36'),
	(409, 1, '2021-01-10', '2', '04:32:32', '15:01:13'),
	(410, 1, '2021-05-15', '3', '21:52:33', '11:09:14'),
	(411, 4, '2021-03-21', '3', '14:36:32', '12:43:27'),
	(412, 4, '2021-11-02', '1', '02:22:50', '21:22:40'),
	(413, 2, '2021-02-01', '3', '12:42:10', '15:09:59'),
	(414, 1, '2021-07-05', '1', '04:32:36', '09:08:25'),
	(415, 1, '2021-05-02', '1', '14:20:14', '10:31:51'),
	(416, 1, '2021-01-14', '3', '08:50:04', '19:03:07'),
	(417, 6, '2021-02-26', '1', '02:13:34', '07:16:58'),
	(418, 3, '2021-01-11', '3', '06:03:42', '14:49:32'),
	(419, 5, '2021-04-02', '1', '00:12:34', '14:24:28'),
	(420, 6, '2021-08-09', '2', '17:01:42', '01:09:38'),
	(421, 1, '2021-08-18', '2', '02:47:08', '23:56:27'),
	(422, 2, '2021-11-17', '2', '04:55:17', '08:34:54'),
	(423, 5, '2021-02-13', '3', '22:32:15', '21:18:09'),
	(424, 2, '2021-01-16', '1', '14:58:24', '23:32:18'),
	(425, 4, '2021-09-15', '1', '12:38:11', '19:23:40'),
	(426, 6, '2021-08-14', '3', '22:08:19', '08:07:26'),
	(427, 6, '2021-04-11', '1', '22:26:16', '01:06:10'),
	(428, 5, '2021-05-29', '3', '01:08:46', '10:30:16'),
	(429, 4, '2021-06-06', '2', '16:55:29', '17:03:15'),
	(430, 1, '2021-08-18', '2', '23:20:13', '11:02:13'),
	(431, 3, '2021-11-22', '1', '09:15:41', '13:51:22'),
	(432, 3, '2021-07-08', '1', '09:27:04', '14:22:48'),
	(433, 3, '2021-04-04', '3', '04:16:39', '07:02:57'),
	(434, 4, '2021-01-12', '1', '00:15:20', '12:35:31'),
	(435, 5, '2021-02-01', '1', '06:57:35', '23:21:58'),
	(436, 5, '2021-07-02', '3', '17:11:39', '11:53:01'),
	(437, 1, '2021-01-12', '2', '18:40:07', '08:45:04'),
	(438, 1, '2021-04-29', '2', '21:28:08', '02:16:18'),
	(439, 5, '2021-04-07', '2', '17:05:24', '07:47:04'),
	(440, 6, '2021-10-15', '1', '21:29:17', '01:02:23'),
	(441, 6, '2021-11-13', '2', '12:30:54', '19:15:30'),
	(442, 3, '2021-11-10', '2', '17:59:03', '08:35:33'),
	(443, 1, '2021-03-28', '3', '08:45:58', '01:14:35'),
	(444, 2, '2021-08-09', '3', '14:48:01', '19:37:47'),
	(445, 5, '2021-08-03', '3', '01:09:26', '21:48:24'),
	(446, 5, '2021-03-12', '3', '11:49:50', '14:10:09'),
	(447, 3, '2021-01-11', '2', '09:19:29', '04:28:45'),
	(448, 4, '2021-05-17', '2', '03:19:06', '12:01:34'),
	(449, 5, '2021-05-08', '3', '22:02:27', '22:06:04'),
	(450, 4, '2021-08-12', '2', '03:09:56', '16:16:00'),
	(451, 2, '2021-03-01', '3', '04:27:47', '03:36:00'),
	(452, 6, '2021-06-04', '1', '12:03:52', '17:10:51'),
	(453, 6, '2021-06-30', '1', '12:58:23', '01:40:24'),
	(454, 1, '2021-04-23', '3', '19:00:17', '22:15:02'),
	(455, 3, '2021-06-05', '2', '13:54:19', '15:33:56'),
	(456, 3, '2021-07-28', '2', '12:54:43', '18:03:37'),
	(457, 4, '2021-11-18', '1', '08:48:29', '21:50:04'),
	(458, 1, '2021-06-12', '2', '19:24:48', '05:04:45'),
	(459, 2, '2021-04-11', '1', '07:53:04', '03:19:39'),
	(460, 5, '2021-01-06', '1', '05:53:36', '09:57:46'),
	(461, 1, '2021-01-02', '1', '13:55:05', '14:48:05'),
	(462, 3, '2021-06-26', '2', '00:20:50', '23:23:17'),
	(463, 5, '2021-03-07', '1', '01:29:37', '19:23:30'),
	(464, 6, '2021-06-12', '3', '00:39:52', '19:31:12'),
	(465, 4, '2021-10-06', '3', '19:49:49', '04:39:47'),
	(466, 4, '2021-06-19', '3', '01:35:55', '08:42:06'),
	(467, 1, '2021-04-20', '2', '09:44:30', '10:41:29'),
	(468, 2, '2021-02-23', '1', '04:58:21', '02:09:14'),
	(469, 5, '2021-02-18', '3', '20:07:48', '22:32:26'),
	(470, 1, '2021-06-08', '2', '03:15:50', '19:23:40'),
	(471, 6, '2021-04-16', '1', '15:19:24', '15:28:15'),
	(472, 2, '2021-08-30', '1', '21:59:42', '20:04:41'),
	(473, 3, '2021-04-01', '2', '22:29:24', '06:12:26'),
	(474, 6, '2021-08-01', '3', '21:06:50', '00:17:51'),
	(475, 2, '2021-09-28', '3', '08:57:38', '10:34:12'),
	(476, 3, '2021-03-21', '1', '21:15:16', '07:20:46'),
	(477, 1, '2021-09-13', '1', '06:10:51', '11:54:45'),
	(478, 5, '2021-06-17', '2', '09:24:22', '13:28:08'),
	(479, 6, '2021-08-26', '3', '19:43:09', '19:49:51'),
	(480, 3, '2021-03-31', '2', '11:52:21', '21:32:02'),
	(481, 4, '2021-08-19', '3', '15:34:46', '11:29:18'),
	(482, 4, '2021-03-09', '1', '11:34:42', '03:21:40'),
	(483, 1, '2021-08-11', '1', '23:18:06', '23:25:09'),
	(484, 5, '2021-06-30', '3', '11:25:16', '08:42:15'),
	(485, 4, '2021-09-18', '2', '22:49:54', '19:37:14'),
	(486, 3, '2021-05-30', '1', '13:36:48', '11:01:14'),
	(487, 4, '2021-06-28', '1', '18:32:00', '05:44:17'),
	(488, 3, '2021-10-14', '3', '04:31:42', '22:00:30'),
	(489, 2, '2021-03-05', '2', '08:15:20', '19:43:22'),
	(490, 1, '2021-09-15', '3', '09:03:02', '06:48:49'),
	(491, 4, '2021-02-22', '1', '21:32:31', '17:03:47'),
	(492, 3, '2021-10-21', '2', '00:04:35', '07:16:58'),
	(493, 5, '2021-05-22', '1', '17:38:44', '15:21:18'),
	(494, 5, '2021-06-15', '3', '04:20:58', '09:45:59'),
	(495, 6, '2021-06-05', '3', '12:05:41', '16:59:28'),
	(496, 5, '2021-10-22', '2', '23:25:34', '11:24:40'),
	(497, 1, '2021-06-09', '3', '13:34:36', '14:09:04'),
	(498, 5, '2021-11-05', '3', '11:20:47', '03:21:33'),
	(499, 3, '2021-09-27', '3', '20:26:57', '00:45:42'),
	(500, 2, '2021-09-22', '2', '21:40:17', '20:56:27'),
	(501, 5, '2021-03-29', '3', '21:03:51', '13:55:40'),
	(502, 3, '2021-06-27', '2', '07:37:08', '12:13:31'),
	(503, 6, '2021-02-28', '2', '15:58:44', '16:33:45'),
	(504, 6, '2021-09-24', '3', '02:47:39', '16:35:48'),
	(505, 3, '2021-05-21', '1', '23:31:05', '19:55:01'),
	(506, 3, '2021-06-25', '1', '16:25:04', '19:04:08'),
	(507, 2, '2021-04-03', '1', '22:47:18', '20:53:44'),
	(508, 3, '2021-06-11', '3', '14:30:03', '01:51:29'),
	(509, 3, '2021-06-01', '1', '11:34:49', '03:29:27'),
	(510, 3, '2021-03-12', '3', '16:13:42', '02:41:56'),
	(511, 2, '2021-07-08', '1', '04:50:18', '14:30:21'),
	(512, 3, '2021-08-28', '3', '08:39:49', '11:09:37'),
	(513, 6, '2021-01-09', '2', '03:29:53', '07:06:48'),
	(514, 3, '2021-01-13', '2', '02:49:47', '18:11:58'),
	(515, 5, '2021-01-02', '3', '11:42:54', '07:36:17'),
	(516, 3, '2021-07-29', '3', '22:24:22', '12:52:09'),
	(517, 3, '2021-06-24', '2', '07:25:43', '06:12:20'),
	(518, 4, '2021-04-25', '2', '22:51:57', '14:33:19'),
	(519, 1, '2021-01-13', '3', '02:18:30', '03:03:42'),
	(520, 1, '2021-10-29', '1', '21:38:40', '14:14:37'),
	(521, 4, '2021-07-26', '3', '19:04:06', '09:45:26'),
	(522, 2, '2021-09-29', '3', '01:55:31', '03:52:23'),
	(523, 3, '2021-09-11', '2', '21:16:54', '01:59:41'),
	(524, 3, '2021-06-14', '1', '03:28:01', '21:39:42'),
	(525, 1, '2021-03-19', '2', '03:51:16', '01:15:45'),
	(526, 5, '2021-01-02', '1', '01:07:59', '14:31:37'),
	(527, 3, '2021-02-24', '1', '16:41:39', '03:22:41'),
	(528, 5, '2021-04-23', '1', '07:32:32', '23:52:03'),
	(529, 2, '2021-02-25', '3', '00:00:30', '01:54:05'),
	(530, 3, '2021-11-10', '1', '14:37:15', '22:19:18'),
	(531, 5, '2021-07-28', '2', '13:05:26', '03:46:35'),
	(532, 1, '2021-02-14', '1', '19:46:25', '00:10:20'),
	(533, 2, '2021-02-10', '1', '23:42:08', '00:01:00'),
	(534, 3, '2021-06-30', '1', '00:07:46', '16:55:46'),
	(535, 4, '2021-08-25', '2', '23:58:32', '20:30:14'),
	(536, 1, '2021-05-26', '3', '09:27:02', '23:36:13'),
	(537, 3, '2021-05-11', '3', '03:52:48', '12:39:06'),
	(538, 6, '2021-08-11', '3', '09:42:03', '21:14:40'),
	(539, 3, '2021-06-17', '2', '22:07:43', '08:25:19'),
	(540, 4, '2021-01-03', '2', '14:56:40', '17:36:24'),
	(541, 6, '2021-06-12', '1', '11:17:31', '15:54:54'),
	(542, 3, '2021-08-03', '2', '13:49:16', '18:35:48'),
	(543, 1, '2021-10-10', '1', '20:57:10', '23:36:01'),
	(544, 2, '2021-04-14', '1', '10:36:59', '07:29:17'),
	(545, 1, '2021-05-04', '1', '04:48:28', '05:34:17'),
	(546, 6, '2021-06-22', '3', '02:20:57', '21:53:37'),
	(547, 2, '2021-01-04', '1', '09:12:14', '06:10:15'),
	(548, 2, '2021-01-18', '3', '06:36:41', '09:32:48'),
	(549, 5, '2021-10-03', '2', '16:43:13', '03:59:00'),
	(550, 5, '2021-01-06', '3', '13:41:16', '22:09:20'),
	(551, 4, '2021-07-05', '1', '09:47:15', '01:47:47'),
	(552, 2, '2021-03-16', '1', '23:57:57', '03:53:14'),
	(553, 1, '2021-11-06', '2', '02:32:20', '11:22:59'),
	(554, 3, '2021-01-20', '1', '00:29:43', '17:55:38'),
	(555, 4, '2021-01-07', '3', '22:44:57', '20:18:06'),
	(556, 3, '2021-10-06', '1', '18:09:27', '23:42:09'),
	(557, 2, '2021-11-18', '1', '10:40:58', '07:39:38'),
	(558, 4, '2021-03-14', '2', '16:58:45', '16:49:23'),
	(559, 1, '2021-10-15', '2', '08:45:48', '17:21:07'),
	(560, 6, '2021-06-15', '1', '16:01:40', '06:03:48'),
	(561, 4, '2021-06-05', '1', '05:32:39', '21:01:52'),
	(562, 1, '2021-02-04', '1', '15:46:58', '23:58:08'),
	(563, 5, '2021-09-15', '2', '16:16:23', '08:06:11'),
	(564, 5, '2021-04-10', '3', '01:33:50', '08:21:09'),
	(565, 5, '2021-09-08', '3', '16:17:05', '18:24:51'),
	(566, 3, '2021-04-17', '3', '23:10:54', '08:16:57'),
	(567, 5, '2021-09-21', '2', '20:42:50', '08:57:19'),
	(568, 1, '2021-11-15', '2', '09:18:14', '03:17:55'),
	(569, 3, '2021-05-09', '2', '16:39:39', '20:17:42'),
	(570, 1, '2021-05-08', '2', '12:46:41', '11:19:53'),
	(571, 5, '2021-09-06', '2', '12:11:46', '22:45:26'),
	(572, 2, '2021-05-10', '3', '08:18:12', '14:51:17'),
	(573, 5, '2021-09-02', '3', '16:31:44', '08:37:08'),
	(574, 3, '2021-03-26', '2', '00:55:07', '10:29:53'),
	(575, 1, '2021-04-09', '1', '15:05:17', '09:24:20'),
	(576, 1, '2021-03-23', '1', '16:17:07', '01:18:51'),
	(577, 4, '2021-04-24', '2', '16:40:08', '14:07:20'),
	(578, 1, '2021-11-17', '1', '20:39:53', '21:28:56'),
	(579, 3, '2021-06-05', '1', '04:09:41', '02:30:48'),
	(580, 4, '2021-05-21', '3', '17:09:30', '01:27:43'),
	(581, 1, '2021-06-22', '1', '13:49:03', '01:37:34'),
	(582, 5, '2021-01-17', '2', '14:15:06', '04:59:09'),
	(583, 4, '2021-02-18', '3', '06:11:28', '17:25:45'),
	(584, 5, '2021-09-07', '3', '18:16:32', '13:43:06'),
	(585, 3, '2021-01-29', '2', '09:19:02', '04:10:16'),
	(586, 6, '2021-08-04', '3', '08:08:53', '13:32:23'),
	(587, 6, '2021-05-06', '2', '04:45:36', '04:53:51'),
	(588, 4, '2021-04-01', '1', '15:30:39', '21:53:23'),
	(589, 1, '2021-08-10', '2', '02:31:06', '23:24:17'),
	(590, 4, '2021-05-25', '1', '04:00:47', '01:46:08'),
	(591, 4, '2021-03-27', '3', '12:51:40', '00:41:11'),
	(592, 6, '2021-03-18', '3', '18:35:28', '08:46:02'),
	(593, 5, '2021-07-16', '3', '05:11:16', '13:52:37'),
	(594, 6, '2021-02-08', '2', '13:01:20', '01:50:00'),
	(595, 6, '2021-05-25', '1', '00:35:11', '11:38:36'),
	(596, 2, '2021-09-28', '1', '17:59:17', '21:19:29'),
	(597, 1, '2021-03-09', '2', '21:13:57', '08:09:05'),
	(598, 6, '2021-01-05', '2', '23:19:24', '15:28:32'),
	(599, 6, '2021-08-23', '1', '01:15:42', '04:52:10'),
	(600, 3, '2021-08-27', '1', '15:07:57', '19:37:03'),
	(601, 6, '2021-11-24', '1', '09:14:49', '06:45:34'),
	(602, 1, '2021-08-22', '3', '03:54:30', '13:06:25'),
	(603, 5, '2021-10-06', '3', '06:34:47', '17:53:34'),
	(604, 4, '2021-06-20', '1', '17:31:35', '08:37:30'),
	(605, 4, '2021-08-12', '2', '17:52:25', '13:43:36'),
	(606, 5, '2021-08-06', '2', '16:29:54', '09:40:45'),
	(607, 4, '2021-04-15', '2', '12:15:13', '04:00:48'),
	(608, 4, '2021-03-25', '2', '12:58:03', '01:58:28'),
	(609, 4, '2021-04-23', '1', '10:25:39', '05:00:44'),
	(610, 5, '2021-10-02', '2', '12:41:13', '01:09:10'),
	(611, 3, '2021-04-05', '2', '23:55:22', '17:58:50'),
	(612, 5, '2021-11-26', '3', '12:31:28', '14:01:25'),
	(613, 3, '2021-10-28', '3', '15:55:56', '16:20:05'),
	(614, 6, '2021-02-26', '3', '09:30:35', '23:12:48'),
	(615, 1, '2021-03-08', '3', '03:06:14', '17:50:04'),
	(616, 1, '2021-06-07', '1', '14:23:22', '23:39:38'),
	(617, 1, '2021-10-19', '2', '05:57:09', '00:34:52'),
	(618, 5, '2021-05-19', '1', '15:04:47', '01:53:51'),
	(619, 2, '2021-05-30', '3', '15:54:59', '03:34:33'),
	(620, 2, '2021-11-26', '2', '11:57:21', '13:24:56'),
	(621, 4, '2021-03-01', '1', '12:47:44', '21:46:48'),
	(622, 3, '2021-06-05', '3', '10:03:43', '01:28:20'),
	(623, 5, '2021-02-15', '3', '20:50:00', '05:18:23'),
	(624, 5, '2021-04-22', '1', '07:14:18', '15:07:19'),
	(625, 3, '2021-05-09', '2', '03:43:08', '10:33:10'),
	(626, 3, '2021-05-07', '3', '06:47:49', '08:57:33'),
	(627, 1, '2021-10-15', '1', '05:35:18', '21:22:51'),
	(628, 1, '2021-05-30', '1', '06:42:59', '06:54:14'),
	(629, 2, '2021-02-05', '1', '21:12:42', '10:18:48'),
	(630, 1, '2021-11-16', '1', '15:13:35', '18:17:21'),
	(631, 6, '2021-07-30', '1', '23:46:47', '10:31:45'),
	(632, 2, '2021-10-14', '2', '13:37:08', '22:59:07'),
	(633, 1, '2021-10-07', '1', '06:24:10', '09:32:13'),
	(634, 3, '2021-04-15', '3', '10:41:01', '14:32:54'),
	(635, 4, '2021-08-12', '3', '09:21:18', '10:45:26'),
	(636, 3, '2021-10-26', '2', '23:03:11', '08:35:00'),
	(637, 2, '2021-10-07', '2', '23:09:08', '08:20:44'),
	(638, 3, '2021-03-14', '1', '05:33:40', '19:37:09'),
	(639, 6, '2021-01-23', '3', '12:22:43', '17:30:36'),
	(640, 4, '2021-11-04', '1', '03:07:00', '02:01:35'),
	(641, 6, '2021-09-11', '2', '17:20:25', '07:26:45'),
	(642, 4, '2021-08-19', '2', '03:25:57', '13:28:23'),
	(643, 4, '2021-10-27', '3', '15:16:50', '04:01:52'),
	(644, 3, '2021-10-02', '3', '14:52:37', '09:34:14'),
	(645, 2, '2021-03-29', '3', '20:03:55', '21:04:43'),
	(646, 3, '2021-07-23', '1', '01:51:18', '14:42:22'),
	(647, 3, '2021-09-10', '3', '01:52:46', '11:16:07'),
	(648, 3, '2021-01-20', '2', '23:15:21', '21:49:32'),
	(649, 6, '2021-05-22', '3', '17:41:26', '22:26:34'),
	(650, 4, '2021-09-08', '2', '02:40:28', '03:31:28'),
	(651, 5, '2021-01-19', '1', '18:42:42', '01:18:35'),
	(652, 5, '2021-08-12', '2', '05:43:33', '18:19:57'),
	(653, 4, '2021-04-06', '1', '05:46:09', '10:44:13'),
	(654, 4, '2021-05-15', '3', '18:16:15', '15:38:01'),
	(655, 1, '2021-09-12', '1', '14:59:13', '17:29:23'),
	(656, 2, '2021-05-23', '1', '09:06:29', '05:47:56'),
	(657, 4, '2021-04-25', '2', '14:46:04', '15:55:55'),
	(658, 5, '2021-02-22', '3', '12:21:05', '04:53:06'),
	(659, 1, '2021-09-01', '1', '16:09:58', '08:49:15'),
	(660, 1, '2021-03-18', '1', '16:48:29', '13:28:44'),
	(661, 2, '2021-07-09', '3', '14:34:49', '09:34:35'),
	(662, 2, '2021-01-14', '1', '11:39:41', '18:24:18'),
	(663, 3, '2021-06-01', '1', '07:42:33', '23:56:48'),
	(664, 2, '2021-09-03', '3', '14:26:23', '12:05:42'),
	(665, 1, '2021-09-06', '1', '06:54:00', '04:18:03'),
	(666, 2, '2021-08-09', '3', '04:22:54', '00:40:36'),
	(667, 3, '2021-11-10', '3', '05:16:09', '14:40:52'),
	(668, 5, '2021-09-15', '2', '12:21:29', '20:05:43'),
	(669, 4, '2021-04-10', '3', '02:18:14', '17:43:20'),
	(670, 5, '2021-05-29', '1', '15:50:16', '13:39:07'),
	(671, 1, '2021-02-01', '1', '17:58:53', '00:01:52'),
	(672, 6, '2021-08-08', '1', '12:51:39', '14:59:02'),
	(673, 4, '2021-02-17', '1', '08:21:23', '11:13:16'),
	(674, 6, '2021-03-17', '3', '07:16:17', '10:31:19'),
	(675, 1, '2021-09-29', '2', '10:14:10', '16:06:20'),
	(676, 1, '2021-04-25', '3', '20:11:43', '03:57:15'),
	(677, 1, '2021-07-17', '1', '13:55:45', '20:46:41'),
	(678, 3, '2021-06-26', '3', '00:16:35', '05:05:54'),
	(679, 2, '2021-03-05', '3', '19:22:50', '04:19:02'),
	(680, 5, '2021-06-27', '3', '22:18:20', '04:04:01'),
	(681, 6, '2021-05-07', '3', '09:58:26', '15:32:49'),
	(682, 3, '2021-04-08', '1', '22:24:33', '14:36:31'),
	(683, 5, '2021-10-13', '3', '06:50:12', '12:12:43'),
	(684, 6, '2021-06-03', '1', '15:52:54', '02:58:30'),
	(685, 2, '2021-10-29', '1', '17:35:24', '02:53:17'),
	(686, 1, '2021-04-27', '3', '13:40:57', '11:49:07'),
	(687, 6, '2021-03-27', '2', '06:20:45', '22:05:50'),
	(688, 3, '2021-08-11', '1', '06:13:21', '12:02:15'),
	(689, 5, '2021-05-04', '1', '01:07:19', '09:18:43'),
	(690, 4, '2021-10-28', '3', '19:53:09', '06:09:21'),
	(691, 2, '2021-06-28', '1', '06:39:55', '10:35:30'),
	(692, 2, '2021-09-28', '2', '14:41:47', '06:55:29'),
	(693, 4, '2021-08-22', '2', '03:21:52', '23:06:42'),
	(694, 3, '2021-03-07', '1', '12:31:32', '23:28:58'),
	(695, 3, '2021-03-28', '1', '12:44:54', '07:00:17'),
	(696, 4, '2021-05-07', '3', '01:00:32', '08:54:12'),
	(697, 1, '2021-06-10', '2', '15:51:37', '09:21:02'),
	(698, 5, '2021-05-10', '3', '00:52:10', '06:24:00'),
	(699, 4, '2021-05-11', '3', '11:42:51', '21:41:29'),
	(700, 3, '2021-04-07', '1', '19:14:10', '16:11:38'),
	(701, 2, '2021-03-06', '3', '05:07:47', '01:30:01'),
	(702, 5, '2021-08-04', '3', '06:18:48', '22:13:22'),
	(703, 5, '2021-04-09', '1', '23:14:25', '13:38:26'),
	(704, 5, '2021-11-13', '2', '23:19:13', '07:08:48'),
	(705, 6, '2021-03-28', '3', '02:30:26', '05:04:42'),
	(706, 4, '2021-09-20', '3', '06:25:33', '23:09:11'),
	(707, 5, '2021-04-01', '2', '23:54:49', '23:54:39'),
	(708, 4, '2021-09-07', '1', '00:16:54', '02:38:47'),
	(709, 4, '2021-09-23', '2', '17:09:01', '13:43:48'),
	(710, 1, '2021-01-07', '2', '14:45:47', '00:00:36'),
	(711, 4, '2021-08-13', '2', '11:29:29', '03:59:45'),
	(712, 5, '2021-11-18', '1', '18:53:54', '00:43:41'),
	(713, 4, '2021-05-17', '1', '02:13:17', '23:52:23'),
	(714, 4, '2021-01-06', '3', '09:15:13', '00:25:08'),
	(715, 6, '2021-01-31', '2', '00:14:55', '01:18:53'),
	(716, 4, '2021-07-17', '2', '21:49:48', '10:18:58'),
	(717, 1, '2021-03-25', '1', '15:22:24', '20:03:32'),
	(718, 2, '2021-02-27', '2', '21:46:40', '05:26:26'),
	(719, 1, '2021-09-22', '1', '22:22:10', '10:48:18'),
	(720, 2, '2021-05-02', '1', '10:39:44', '15:02:24'),
	(721, 3, '2021-05-30', '2', '19:19:04', '23:03:22'),
	(722, 1, '2021-07-15', '1', '07:31:22', '05:04:20'),
	(723, 4, '2021-10-07', '3', '13:31:30', '07:06:43'),
	(724, 3, '2021-08-02', '3', '04:58:26', '23:12:55'),
	(725, 6, '2021-09-03', '2', '05:19:26', '08:29:45'),
	(726, 3, '2021-01-04', '3', '11:03:18', '11:57:42'),
	(727, 3, '2021-03-05', '3', '10:06:57', '23:03:34'),
	(728, 2, '2021-03-31', '3', '21:11:19', '12:28:25'),
	(729, 4, '2021-11-29', '1', '04:08:00', '11:53:48'),
	(730, 4, '2021-04-06', '3', '02:15:54', '02:33:42'),
	(731, 5, '2021-04-11', '1', '13:34:27', '04:21:28'),
	(732, 4, '2021-02-27', '2', '07:15:03', '10:59:13'),
	(733, 5, '2021-07-29', '2', '08:06:48', '04:19:33'),
	(734, 5, '2021-11-05', '1', '18:45:33', '07:25:04'),
	(735, 6, '2021-04-27', '2', '23:40:59', '14:19:41'),
	(736, 6, '2021-03-06', '1', '20:20:14', '07:20:35'),
	(737, 2, '2021-03-23', '1', '20:53:03', '16:18:32'),
	(738, 4, '2021-09-29', '2', '19:38:31', '08:07:40'),
	(739, 2, '2021-09-12', '1', '01:43:39', '04:09:50'),
	(740, 1, '2021-10-08', '1', '15:28:27', '23:43:56'),
	(741, 6, '2021-11-06', '3', '17:32:49', '13:27:30'),
	(742, 5, '2021-09-23', '1', '03:28:35', '11:49:00'),
	(743, 5, '2021-01-21', '3', '03:47:47', '23:00:19'),
	(744, 3, '2021-06-03', '1', '16:12:19', '04:07:47'),
	(745, 1, '2021-05-21', '3', '12:06:06', '03:59:38'),
	(746, 4, '2021-03-06', '1', '00:46:42', '09:52:46'),
	(747, 6, '2021-01-22', '2', '17:50:38', '11:32:13'),
	(748, 3, '2021-10-14', '2', '10:09:52', '21:05:21'),
	(749, 4, '2021-05-02', '3', '05:08:50', '16:32:40'),
	(750, 6, '2021-07-08', '1', '13:24:48', '13:35:59'),
	(751, 2, '2021-11-14', '3', '06:48:55', '11:31:42'),
	(752, 5, '2021-11-27', '2', '14:44:08', '11:48:19'),
	(753, 3, '2021-06-29', '3', '06:26:49', '13:53:27'),
	(754, 1, '2021-11-27', '3', '10:52:12', '20:01:38'),
	(755, 4, '2021-10-22', '3', '05:28:09', '12:28:59'),
	(756, 1, '2021-09-02', '2', '00:22:47', '12:07:54'),
	(757, 1, '2021-11-28', '3', '08:55:59', '23:42:47'),
	(758, 3, '2021-10-31', '2', '04:51:06', '21:29:53'),
	(759, 1, '2021-07-21', '2', '14:06:03', '12:38:13'),
	(760, 3, '2021-02-25', '3', '23:37:59', '00:26:43'),
	(761, 5, '2021-03-07', '2', '10:30:56', '00:02:40'),
	(762, 3, '2021-02-28', '2', '01:06:10', '18:50:23'),
	(763, 2, '2021-09-26', '3', '04:18:23', '03:43:59'),
	(764, 4, '2021-07-15', '3', '21:30:02', '05:45:51'),
	(765, 1, '2021-04-08', '3', '03:15:17', '16:21:35'),
	(766, 6, '2021-09-01', '3', '07:02:20', '03:15:04'),
	(767, 2, '2021-09-24', '2', '22:16:31', '19:50:52'),
	(768, 6, '2021-02-22', '2', '16:27:49', '06:42:35'),
	(769, 5, '2021-05-10', '1', '07:32:01', '20:11:02'),
	(770, 4, '2021-03-08', '1', '03:38:39', '23:20:04'),
	(771, 4, '2021-03-23', '2', '09:52:49', '00:39:04'),
	(772, 1, '2021-08-04', '1', '09:30:22', '15:37:19'),
	(773, 6, '2021-07-18', '1', '10:14:55', '04:24:22'),
	(774, 3, '2021-07-22', '1', '21:43:33', '19:14:38'),
	(775, 6, '2021-06-17', '3', '21:16:01', '06:39:30'),
	(776, 3, '2021-04-13', '2', '03:42:05', '10:19:31'),
	(777, 5, '2021-09-29', '2', '15:16:13', '20:22:52'),
	(778, 5, '2021-09-25', '3', '06:14:42', '19:00:45'),
	(779, 3, '2021-09-24', '2', '10:54:59', '12:29:30'),
	(780, 2, '2021-02-19', '2', '06:22:41', '18:35:20'),
	(781, 5, '2021-11-03', '3', '13:08:56', '23:32:51'),
	(782, 5, '2021-05-16', '1', '07:47:09', '05:14:07'),
	(783, 1, '2021-01-18', '1', '18:19:39', '23:14:12'),
	(784, 2, '2021-10-24', '1', '00:27:38', '08:53:22'),
	(785, 4, '2021-07-13', '2', '18:19:49', '02:27:49'),
	(786, 4, '2021-08-10', '1', '16:39:28', '20:08:48'),
	(787, 2, '2021-07-11', '3', '00:05:13', '08:05:26'),
	(788, 5, '2021-10-18', '3', '14:07:33', '07:49:01'),
	(789, 1, '2021-03-15', '3', '19:22:27', '17:01:40'),
	(790, 5, '2021-11-27', '3', '21:17:51', '23:51:06'),
	(791, 1, '2021-09-20', '1', '23:56:10', '20:22:46'),
	(792, 5, '2021-11-28', '2', '06:18:54', '23:17:28'),
	(793, 6, '2021-08-12', '1', '17:33:30', '09:21:59'),
	(794, 2, '2021-01-12', '2', '04:34:13', '14:32:21'),
	(795, 1, '2021-08-30', '3', '08:04:53', '11:14:13'),
	(796, 5, '2021-03-14', '1', '17:13:32', '12:16:30'),
	(797, 3, '2021-02-16', '1', '08:27:12', '00:20:30'),
	(798, 1, '2021-09-12', '2', '13:51:14', '15:32:49'),
	(799, 5, '2021-08-05', '3', '13:31:13', '01:05:16'),
	(800, 3, '2021-01-21', '3', '15:53:03', '19:38:55'),
	(801, 6, '2021-08-13', '2', '10:59:57', '21:04:23'),
	(802, 4, '2021-08-28', '3', '19:04:00', '19:00:43'),
	(803, 4, '2021-09-21', '2', '02:46:29', '12:32:33'),
	(804, 3, '2021-02-10', '2', '16:16:01', '01:09:16'),
	(805, 2, '2021-02-15', '2', '01:13:02', '20:05:01'),
	(806, 1, '2021-04-18', '3', '21:30:13', '21:35:48'),
	(807, 2, '2021-01-01', '1', '06:16:11', '14:22:14'),
	(808, 6, '2021-03-10', '3', '02:01:46', '12:17:16'),
	(809, 6, '2021-05-17', '1', '00:52:04', '07:20:51'),
	(810, 2, '2021-09-24', '3', '19:55:50', '08:47:11'),
	(811, 3, '2021-03-11', '2', '04:38:12', '07:42:43'),
	(812, 6, '2021-03-01', '1', '08:15:43', '15:04:32'),
	(813, 4, '2021-03-02', '3', '19:09:55', '07:28:26'),
	(814, 4, '2021-06-07', '3', '08:03:43', '12:32:03'),
	(815, 2, '2021-07-01', '2', '23:38:29', '05:05:05'),
	(816, 4, '2021-05-14', '1', '06:11:09', '20:11:16'),
	(817, 6, '2021-10-03', '2', '16:30:56', '16:15:56'),
	(818, 1, '2021-07-14', '3', '08:31:17', '17:10:09'),
	(819, 1, '2021-06-16', '3', '14:58:05', '08:44:19'),
	(820, 3, '2021-02-25', '2', '23:07:07', '10:48:04'),
	(821, 3, '2021-05-21', '1', '13:35:52', '15:02:41'),
	(822, 5, '2021-03-15', '2', '15:10:05', '02:09:45'),
	(823, 4, '2021-08-25', '2', '06:49:15', '15:49:58'),
	(824, 2, '2021-07-20', '2', '01:47:42', '03:03:01'),
	(825, 1, '2021-11-08', '2', '00:02:30', '15:12:23'),
	(826, 4, '2021-02-07', '2', '10:42:08', '13:52:54'),
	(827, 4, '2021-06-22', '1', '01:59:58', '01:51:45'),
	(828, 5, '2021-04-19', '2', '11:13:58', '17:00:46'),
	(829, 4, '2021-10-23', '3', '08:25:26', '14:12:27'),
	(830, 3, '2021-09-18', '2', '13:49:03', '11:11:51'),
	(831, 6, '2021-01-04', '1', '17:16:30', '11:47:51'),
	(832, 5, '2021-05-18', '2', '22:58:43', '02:48:11'),
	(833, 5, '2021-04-17', '2', '05:04:33', '14:57:06'),
	(834, 2, '2021-05-29', '3', '13:21:59', '18:03:19'),
	(835, 2, '2021-03-07', '3', '03:30:26', '00:38:41'),
	(836, 5, '2021-02-01', '3', '03:23:57', '17:49:24'),
	(837, 4, '2021-03-05', '2', '16:10:14', '05:39:08'),
	(838, 1, '2021-09-10', '2', '04:09:58', '19:58:57'),
	(839, 6, '2021-10-07', '1', '07:52:20', '11:03:05'),
	(840, 5, '2021-06-19', '3', '17:38:27', '21:59:09'),
	(841, 6, '2021-09-24', '1', '05:16:32', '15:58:42'),
	(842, 3, '2021-04-29', '1', '07:33:12', '10:52:42'),
	(843, 5, '2021-09-16', '1', '08:06:13', '15:34:16'),
	(844, 6, '2021-03-22', '2', '17:43:04', '09:54:19'),
	(845, 4, '2021-03-16', '3', '06:48:42', '21:53:08'),
	(846, 5, '2021-07-26', '2', '06:29:56', '23:14:08'),
	(847, 2, '2021-07-04', '1', '20:35:39', '01:10:52'),
	(848, 1, '2021-02-24', '1', '15:44:39', '15:00:16'),
	(849, 2, '2021-04-01', '2', '21:24:29', '10:59:26'),
	(850, 6, '2021-03-08', '3', '05:14:09', '07:22:02'),
	(851, 2, '2021-05-15', '3', '11:10:04', '06:38:05'),
	(852, 3, '2021-10-30', '2', '10:48:09', '12:53:45'),
	(853, 3, '2021-10-27', '3', '00:59:26', '18:10:51'),
	(854, 4, '2021-10-22', '2', '03:11:40', '06:19:11'),
	(855, 5, '2021-11-07', '1', '01:14:54', '21:52:19'),
	(856, 6, '2021-07-31', '3', '06:01:02', '20:38:39'),
	(857, 2, '2021-01-08', '1', '16:43:19', '22:45:41'),
	(858, 5, '2021-07-04', '3', '15:21:04', '04:16:55'),
	(859, 4, '2021-09-23', '2', '09:32:04', '06:28:06'),
	(860, 1, '2021-01-03', '3', '17:43:34', '04:26:42'),
	(861, 4, '2021-03-27', '2', '05:27:21', '03:26:32'),
	(862, 2, '2021-01-10', '3', '08:56:46', '07:10:52'),
	(863, 4, '2021-05-05', '2', '02:55:25', '06:38:34'),
	(864, 2, '2021-07-30', '3', '15:42:31', '09:21:43'),
	(865, 2, '2021-02-08', '2', '16:24:49', '03:25:56'),
	(866, 6, '2021-07-11', '3', '22:53:40', '18:15:29'),
	(867, 6, '2021-03-24', '3', '22:00:15', '00:24:58'),
	(868, 1, '2021-10-29', '3', '01:39:19', '05:54:12'),
	(869, 3, '2021-06-09', '3', '21:09:16', '14:01:17'),
	(870, 3, '2021-10-18', '2', '06:21:15', '17:54:11'),
	(871, 4, '2021-01-19', '1', '03:55:22', '17:45:02'),
	(872, 6, '2021-03-13', '2', '13:35:34', '17:59:58'),
	(873, 2, '2021-06-06', '1', '18:54:29', '08:09:02'),
	(874, 5, '2021-05-13', '3', '10:21:51', '05:12:34'),
	(875, 4, '2021-06-25', '3', '02:44:44', '07:41:02'),
	(876, 1, '2021-11-21', '1', '18:18:48', '23:00:24'),
	(877, 5, '2021-08-05', '3', '03:30:16', '04:45:05'),
	(878, 5, '2021-01-20', '1', '08:30:01', '14:42:28'),
	(879, 6, '2021-11-08', '3', '18:43:05', '04:48:41'),
	(880, 1, '2021-10-23', '2', '00:35:04', '02:49:50'),
	(881, 1, '2021-02-26', '3', '12:13:46', '08:27:11'),
	(882, 5, '2021-05-14', '2', '08:13:27', '18:18:38'),
	(883, 4, '2021-06-10', '3', '07:03:04', '17:43:40'),
	(884, 5, '2021-09-26', '1', '22:52:24', '11:17:06'),
	(885, 1, '2021-02-08', '3', '23:33:41', '01:35:47'),
	(886, 5, '2021-05-19', '3', '08:12:22', '04:44:56'),
	(887, 1, '2021-07-28', '1', '03:34:43', '06:12:49'),
	(888, 3, '2021-10-21', '2', '05:02:55', '21:31:20'),
	(889, 2, '2021-10-26', '3', '18:13:59', '04:56:49'),
	(890, 4, '2021-10-20', '2', '18:34:15', '11:49:47'),
	(891, 4, '2021-10-10', '2', '17:06:37', '07:56:09'),
	(892, 2, '2021-07-09', '3', '04:55:10', '18:44:29'),
	(893, 3, '2021-06-02', '2', '14:13:29', '13:44:14'),
	(894, 5, '2021-04-13', '1', '23:08:40', '13:03:24'),
	(895, 2, '2021-11-29', '2', '07:24:31', '14:28:08'),
	(896, 1, '2021-04-07', '3', '04:33:20', '02:11:18'),
	(897, 6, '2021-05-10', '2', '11:40:19', '11:12:42'),
	(898, 4, '2021-06-24', '1', '16:28:48', '12:24:12'),
	(899, 6, '2021-06-28', '1', '16:24:02', '16:58:39'),
	(900, 5, '2021-08-23', '1', '01:02:11', '20:40:35'),
	(901, 2, '2021-10-19', '2', '04:45:41', '09:38:51'),
	(902, 2, '2021-10-10', '1', '09:06:09', '06:04:06'),
	(903, 6, '2021-04-18', '1', '16:24:23', '17:50:11'),
	(904, 2, '2021-08-14', '2', '21:14:33', '19:35:49'),
	(905, 3, '2021-11-10', '3', '17:10:00', '10:49:32'),
	(906, 2, '2021-11-27', '2', '13:59:42', '23:58:27'),
	(907, 2, '2021-06-13', '2', '14:19:37', '20:46:15'),
	(908, 3, '2021-03-17', '1', '09:01:12', '06:32:13'),
	(909, 2, '2021-10-23', '1', '17:28:14', '06:00:48'),
	(910, 5, '2021-01-27', '2', '15:54:18', '03:48:16'),
	(911, 4, '2021-03-05', '1', '07:40:32', '14:34:30'),
	(912, 3, '2021-05-31', '2', '07:47:52', '01:09:25'),
	(913, 4, '2021-11-20', '3', '13:35:52', '09:08:05'),
	(914, 3, '2021-02-15', '1', '18:26:37', '17:12:48'),
	(915, 2, '2021-07-27', '1', '23:56:25', '10:01:58'),
	(916, 1, '2021-02-22', '1', '11:15:28', '16:53:25'),
	(917, 1, '2021-08-05', '2', '14:37:29', '00:55:24'),
	(918, 4, '2021-09-26', '2', '19:09:53', '01:41:00'),
	(919, 5, '2021-04-28', '1', '00:42:48', '05:50:55'),
	(920, 6, '2021-01-18', '3', '05:39:55', '23:39:37'),
	(921, 4, '2021-10-19', '1', '03:35:39', '06:54:12'),
	(922, 6, '2021-01-09', '1', '16:00:50', '02:51:34'),
	(923, 5, '2021-06-11', '3', '21:54:06', '17:37:08'),
	(924, 1, '2021-02-22', '1', '12:46:15', '04:45:52'),
	(925, 4, '2021-04-25', '2', '18:14:02', '17:57:58'),
	(926, 4, '2021-07-03', '2', '21:58:55', '16:52:00'),
	(927, 6, '2021-07-28', '2', '16:58:16', '10:56:34'),
	(928, 4, '2021-08-15', '3', '10:24:22', '19:35:14'),
	(929, 5, '2021-11-10', '2', '23:28:15', '14:05:00'),
	(930, 3, '2021-01-02', '1', '02:29:40', '14:43:31'),
	(931, 6, '2021-07-22', '3', '20:56:44', '14:02:23'),
	(932, 2, '2021-11-09', '2', '23:39:52', '02:25:39'),
	(933, 4, '2021-04-03', '1', '14:47:30', '04:51:32'),
	(934, 3, '2021-10-05', '2', '13:46:11', '18:36:23'),
	(935, 2, '2021-06-05', '2', '06:59:22', '15:39:21'),
	(936, 4, '2021-02-15', '1', '10:26:31', '00:24:11'),
	(937, 2, '2021-08-27', '1', '23:35:41', '21:04:34'),
	(938, 5, '2021-03-22', '3', '16:47:36', '08:55:45'),
	(939, 5, '2021-08-04', '2', '07:32:37', '03:54:37'),
	(940, 5, '2021-07-23', '2', '12:40:16', '18:52:10'),
	(941, 2, '2021-11-09', '3', '04:13:36', '08:08:00'),
	(942, 5, '2021-06-10', '2', '08:42:56', '08:44:50'),
	(943, 2, '2021-07-28', '3', '00:12:14', '23:37:39'),
	(944, 4, '2021-03-31', '1', '18:35:09', '11:08:37'),
	(945, 5, '2021-02-16', '2', '11:26:39', '03:18:14'),
	(946, 1, '2021-08-05', '3', '16:23:41', '10:42:27'),
	(947, 1, '2021-08-09', '2', '05:29:57', '08:23:31'),
	(948, 3, '2021-09-07', '3', '18:34:19', '14:21:41'),
	(949, 6, '2021-10-08', '2', '17:13:01', '20:04:15'),
	(950, 2, '2021-07-24', '1', '06:14:04', '12:16:53'),
	(951, 2, '2021-08-30', '1', '13:10:59', '08:15:43'),
	(952, 4, '2021-08-11', '3', '02:06:22', '23:54:50'),
	(953, 3, '2021-07-02', '2', '15:26:00', '22:52:36'),
	(954, 2, '2021-01-05', '2', '06:44:46', '23:13:46'),
	(955, 5, '2021-07-26', '2', '13:48:03', '13:12:02'),
	(956, 4, '2021-04-29', '3', '15:06:22', '21:25:29'),
	(957, 4, '2021-03-08', '2', '02:13:20', '00:51:22'),
	(958, 4, '2021-01-24', '1', '04:28:20', '07:03:36'),
	(959, 2, '2021-07-26', '3', '21:44:46', '11:41:19'),
	(960, 5, '2021-08-06', '3', '03:07:30', '17:33:22'),
	(961, 1, '2021-07-11', '1', '02:51:01', '20:09:19'),
	(962, 2, '2021-09-21', '3', '04:41:51', '16:22:25'),
	(963, 2, '2021-09-27', '3', '06:17:48', '03:42:14'),
	(964, 1, '2021-02-22', '3', '09:19:51', '04:59:06'),
	(965, 5, '2021-11-16', '1', '04:28:57', '00:00:45'),
	(966, 4, '2021-08-05', '3', '04:04:52', '21:52:43'),
	(967, 1, '2021-03-20', '3', '09:45:21', '19:33:21'),
	(968, 5, '2021-03-11', '2', '21:03:58', '14:39:13'),
	(969, 6, '2021-07-15', '2', '23:25:37', '05:51:51'),
	(970, 3, '2021-11-21', '3', '19:09:09', '23:07:36'),
	(971, 3, '2021-05-26', '2', '11:12:38', '13:03:49'),
	(972, 1, '2021-08-08', '1', '20:00:00', '03:45:44'),
	(973, 5, '2021-02-17', '2', '07:07:24', '02:08:45'),
	(974, 1, '2021-09-20', '2', '16:35:31', '04:23:32'),
	(975, 2, '2021-06-22', '3', '13:07:07', '05:33:14'),
	(976, 2, '2021-06-13', '3', '03:07:51', '16:38:03'),
	(977, 3, '2021-02-07', '2', '04:07:44', '15:15:38'),
	(978, 5, '2021-11-21', '2', '02:26:54', '04:19:29'),
	(979, 5, '2021-10-05', '2', '07:07:07', '11:52:32'),
	(980, 2, '2021-08-25', '3', '09:34:07', '07:06:21'),
	(981, 2, '2021-10-09', '3', '00:05:09', '08:19:23'),
	(982, 3, '2021-06-16', '2', '05:57:32', '21:48:51'),
	(983, 3, '2021-11-15', '1', '13:17:20', '03:25:35'),
	(984, 3, '2021-06-01', '2', '08:18:25', '19:19:12'),
	(985, 1, '2021-02-19', '1', '11:06:47', '12:25:44'),
	(986, 1, '2021-04-25', '1', '08:25:19', '23:54:53'),
	(987, 5, '2021-01-29', '1', '21:31:07', '20:11:53'),
	(988, 5, '2021-10-26', '1', '14:04:40', '18:01:01'),
	(989, 3, '2021-06-03', '1', '14:37:19', '16:58:37'),
	(990, 3, '2021-08-14', '2', '20:55:40', '08:25:31'),
	(991, 3, '2021-04-15', '2', '23:26:59', '04:55:43'),
	(992, 6, '2021-04-24', '3', '19:05:27', '00:49:59'),
	(993, 2, '2021-11-06', '1', '00:24:30', '06:19:56'),
	(994, 5, '2021-06-06', '3', '15:26:26', '10:26:23'),
	(995, 5, '2021-06-19', '2', '23:23:35', '01:45:54'),
	(996, 4, '2021-04-06', '2', '01:04:40', '11:47:18'),
	(997, 6, '2021-01-23', '3', '03:58:27', '20:51:21'),
	(998, 2, '2021-10-09', '2', '18:02:40', '23:33:09'),
	(999, 4, '2021-08-18', '2', '06:06:50', '05:11:37'),
	(1000, 2, '2021-05-24', '2', '18:51:38', '11:14:54'),
	(1001, 9, '2021-08-08', '1', '12:49:00', '03:39:00'),
	(1002, 8, '2021-10-11', '3', '19:22:00', '11:32:00'),
	(1003, 8, '2021-08-01', '3', '00:08:00', '13:30:00'),
	(1004, 9, '2021-11-26', '2', '21:46:00', '14:53:00'),
	(1005, 7, '2021-11-19', '1', '17:50:00', '09:35:00'),
	(1006, 10, '2021-08-18', '3', '01:31:00', '17:16:00'),
	(1007, 9, '2021-08-05', '3', '21:44:00', '13:34:00'),
	(1008, 10, '2021-11-18', '2', '00:45:00', '13:00:00'),
	(1009, 8, '2021-09-24', '3', '21:46:00', '22:34:00'),
	(1010, 7, '2021-11-04', '2', '04:38:00', '02:51:00'),
	(1011, 8, '2021-09-02', '2', '21:58:00', '08:21:00'),
	(1012, 10, '2021-09-07', '2', '08:20:00', '08:15:00'),
	(1013, 10, '2021-11-07', '3', '11:16:00', '00:13:00'),
	(1014, 8, '2021-09-06', '1', '08:54:00', '09:14:00'),
	(1015, 8, '2021-09-19', '2', '00:37:00', '23:45:00'),
	(1016, 8, '2021-12-01', '2', '09:53:00', '14:57:00'),
	(1017, 10, '2021-08-16', '1', '00:46:00', '06:06:00'),
	(1018, 10, '2021-10-06', '3', '20:20:00', '01:31:00'),
	(1019, 8, '2021-10-01', '1', '05:54:00', '03:27:00'),
	(1020, 9, '2021-12-01', '1', '16:14:00', '10:26:00'),
	(1021, 9, '2021-09-18', '1', '07:42:00', '13:25:00'),
	(1022, 10, '2021-09-19', '3', '16:28:00', '01:15:00'),
	(1023, 9, '2021-09-02', '2', '15:13:00', '14:56:00'),
	(1024, 8, '2021-11-15', '1', '19:49:00', '17:42:00'),
	(1025, 10, '2021-08-15', '3', '12:38:00', '09:01:00'),
	(1026, 10, '2021-11-09', '1', '22:16:00', '10:30:00'),
	(1027, 9, '2021-12-02', '1', '07:11:00', '15:17:00'),
	(1028, 9, '2021-11-05', '2', '05:41:00', '00:43:00'),
	(1029, 9, '2021-11-13', '3', '09:15:00', '14:51:00'),
	(1030, 9, '2021-08-10', '2', '10:40:00', '09:33:00'),
	(1031, 9, '2021-08-06', '2', '06:52:00', '00:40:00'),
	(1032, 9, '2021-11-08', '2', '09:01:00', '13:08:00'),
	(1033, 8, '2021-09-18', '1', '23:11:00', '23:15:00'),
	(1034, 8, '2021-10-21', '1', '01:34:00', '18:59:00'),
	(1035, 7, '2021-09-27', '2', '04:18:00', '12:22:00'),
	(1036, 8, '2021-10-04', '2', '12:50:00', '22:48:00'),
	(1037, 8, '2021-09-08', '3', '04:53:00', '05:15:00'),
	(1038, 10, '2021-11-27', '3', '12:22:00', '15:52:00'),
	(1039, 7, '2021-09-11', '3', '09:39:00', '03:36:00'),
	(1040, 9, '2021-09-06', '3', '18:53:00', '02:39:00'),
	(1041, 9, '2021-09-29', '1', '13:54:00', '20:05:00'),
	(1042, 7, '2021-11-12', '3', '15:57:00', '08:39:00'),
	(1043, 10, '2021-10-22', '2', '11:19:00', '01:50:00'),
	(1044, 9, '2021-11-11', '1', '10:58:00', '18:27:00'),
	(1045, 9, '2021-12-06', '3', '13:10:00', '08:57:00'),
	(1046, 10, '2021-10-04', '2', '05:54:00', '23:51:00'),
	(1047, 7, '2021-11-05', '2', '11:08:00', '16:15:00'),
	(1048, 10, '2021-10-15', '3', '08:59:00', '13:20:00'),
	(1049, 9, '2021-08-20', '3', '20:27:00', '19:33:00'),
	(1050, 7, '2021-09-17', '2', '05:40:00', '05:47:00'),
	(1051, 9, '2021-10-22', '2', '02:25:00', '21:23:00'),
	(1052, 7, '2021-09-03', '3', '23:01:00', '05:24:00'),
	(1053, 9, '2021-08-27', '2', '20:13:00', '13:38:00'),
	(1054, 8, '2021-08-22', '1', '09:07:00', '16:03:00'),
	(1055, 10, '2021-11-15', '2', '20:14:00', '02:18:00'),
	(1056, 8, '2021-12-05', '1', '09:24:00', '22:01:00'),
	(1057, 7, '2021-10-27', '1', '10:07:00', '19:43:00'),
	(1058, 7, '2021-09-06', '2', '20:56:00', '22:08:00'),
	(1059, 8, '2021-10-26', '1', '21:13:00', '16:01:00'),
	(1060, 9, '2021-12-09', '2', '05:28:00', '01:21:00'),
	(1061, 7, '2021-12-04', '3', '20:41:00', '13:29:00'),
	(1062, 10, '2021-11-13', '1', '13:54:00', '14:15:00'),
	(1063, 9, '2021-08-10', '2', '00:05:00', '20:02:00'),
	(1064, 9, '2021-08-26', '2', '19:06:00', '17:50:00'),
	(1065, 7, '2021-08-08', '2', '03:50:00', '12:15:00'),
	(1066, 10, '2021-08-29', '2', '05:38:00', '01:41:00'),
	(1067, 10, '2021-11-06', '2', '04:32:00', '05:34:00'),
	(1068, 7, '2021-10-22', '3', '08:44:00', '09:38:00'),
	(1069, 7, '2021-12-03', '2', '00:41:00', '09:36:00'),
	(1070, 7, '2021-12-02', '2', '16:27:00', '07:27:00'),
	(1071, 7, '2021-11-26', '1', '22:35:00', '05:07:00'),
	(1072, 10, '2021-11-17', '2', '04:45:00', '02:44:00'),
	(1073, 9, '2021-11-25', '3', '14:44:00', '02:44:00'),
	(1074, 10, '2021-08-24', '1', '17:27:00', '16:15:00'),
	(1075, 7, '2021-10-11', '2', '17:43:00', '19:02:00'),
	(1076, 9, '2021-11-04', '1', '03:29:00', '16:47:00'),
	(1077, 9, '2021-11-15', '3', '06:02:00', '10:29:00'),
	(1078, 7, '2021-08-13', '1', '12:30:00', '23:27:00'),
	(1079, 7, '2021-11-29', '2', '23:44:00', '21:11:00'),
	(1080, 8, '2021-10-12', '1', '08:02:00', '11:53:00'),
	(1081, 10, '2021-10-28', '3', '07:33:00', '07:38:00'),
	(1082, 9, '2021-10-04', '1', '07:48:00', '00:57:00'),
	(1083, 9, '2021-08-12', '1', '10:39:00', '23:55:00'),
	(1084, 10, '2021-10-11', '3', '16:57:00', '19:56:00'),
	(1085, 8, '2021-10-08', '2', '04:28:00', '23:46:00'),
	(1086, 8, '2021-08-07', '1', '15:42:00', '03:24:00'),
	(1087, 9, '2021-10-12', '2', '09:13:00', '15:12:00'),
	(1088, 10, '2021-11-03', '1', '06:12:00', '18:53:00'),
	(1089, 9, '2021-09-17', '1', '15:58:00', '20:14:00'),
	(1090, 10, '2021-10-13', '3', '02:09:00', '19:08:00'),
	(1091, 8, '2021-10-03', '3', '18:50:00', '01:53:00'),
	(1092, 7, '2021-08-21', '1', '19:04:00', '06:06:00'),
	(1093, 8, '2021-09-23', '2', '10:37:00', '01:04:00'),
	(1094, 9, '2021-09-20', '1', '04:14:00', '06:30:00'),
	(1095, 9, '2021-08-27', '1', '23:53:00', '20:00:00'),
	(1096, 9, '2021-10-31', '3', '14:00:00', '00:01:00'),
	(1097, 7, '2021-12-09', '3', '22:50:00', '19:04:00'),
	(1098, 7, '2021-11-20', '3', '12:39:00', '15:51:00'),
	(1099, 9, '2021-10-19', '2', '20:38:00', '11:16:00'),
	(1100, 7, '2021-10-11', '1', '03:28:00', '05:30:00'),
	(1101, 10, '2021-09-21', '2', '21:35:00', '19:56:00'),
	(1102, 7, '2021-10-09', '3', '11:32:00', '23:49:00'),
	(1103, 9, '2021-09-29', '1', '08:00:00', '20:43:00'),
	(1104, 9, '2021-09-20', '2', '01:18:00', '16:07:00'),
	(1105, 9, '2021-11-01', '3', '22:04:00', '14:30:00'),
	(1106, 10, '2021-11-07', '3', '06:45:00', '19:07:00'),
	(1107, 10, '2021-10-03', '2', '16:02:00', '17:47:00'),
	(1108, 8, '2021-08-09', '2', '14:02:00', '03:01:00'),
	(1109, 7, '2021-09-21', '3', '06:40:00', '06:25:00'),
	(1110, 10, '2021-08-18', '2', '06:50:00', '15:38:00'),
	(1111, 10, '2021-11-12', '1', '23:03:00', '18:01:00'),
	(1112, 9, '2021-11-03', '1', '13:13:00', '21:42:00'),
	(1113, 10, '2021-11-08', '2', '14:37:00', '06:47:00'),
	(1114, 9, '2021-11-07', '2', '02:55:00', '23:24:00'),
	(1115, 7, '2021-08-13', '3', '03:36:00', '23:05:00'),
	(1116, 10, '2021-10-24', '3', '12:44:00', '09:19:00'),
	(1117, 10, '2021-12-02', '1', '02:51:00', '00:18:00'),
	(1118, 8, '2021-11-23', '2', '23:18:00', '01:05:00'),
	(1119, 8, '2021-08-04', '3', '06:11:00', '14:32:00'),
	(1120, 7, '2021-09-14', '1', '14:40:00', '22:54:00'),
	(1121, 10, '2021-12-03', '1', '20:47:00', '14:44:00'),
	(1122, 8, '2021-10-07', '2', '04:35:00', '06:04:00'),
	(1123, 7, '2021-08-31', '2', '07:02:00', '02:31:00'),
	(1124, 9, '2021-10-27', '3', '00:37:00', '23:06:00'),
	(1125, 10, '2021-09-22', '3', '11:58:00', '13:00:00'),
	(1126, 7, '2021-11-02', '3', '19:20:00', '02:25:00'),
	(1127, 8, '2021-08-11', '3', '10:01:00', '07:54:00'),
	(1128, 9, '2021-08-20', '2', '23:39:00', '16:03:00'),
	(1129, 9, '2021-10-11', '2', '23:02:00', '06:39:00'),
	(1130, 9, '2021-08-02', '3', '17:47:00', '08:41:00'),
	(1131, 10, '2021-09-19', '1', '01:01:00', '08:54:00'),
	(1132, 7, '2021-11-06', '2', '12:51:00', '13:25:00'),
	(1133, 9, '2021-10-30', '2', '05:16:00', '11:04:00'),
	(1134, 8, '2021-09-27', '2', '21:23:00', '12:02:00'),
	(1135, 10, '2021-11-22', '3', '14:14:00', '22:47:00'),
	(1136, 10, '2021-08-01', '2', '23:55:00', '14:28:00'),
	(1137, 7, '2021-09-17', '3', '15:08:00', '13:20:00'),
	(1138, 9, '2021-10-28', '3', '03:03:00', '13:41:00'),
	(1139, 10, '2021-08-02', '1', '17:39:00', '21:58:00'),
	(1140, 9, '2021-11-12', '3', '12:14:00', '17:01:00'),
	(1141, 7, '2021-10-22', '3', '07:40:00', '03:11:00'),
	(1142, 9, '2021-09-29', '1', '09:47:00', '19:38:00'),
	(1143, 9, '2021-08-16', '1', '21:48:00', '04:59:00'),
	(1144, 9, '2021-11-05', '3', '10:56:00', '22:41:00'),
	(1145, 8, '2021-09-26', '1', '10:10:00', '11:35:00'),
	(1146, 7, '2021-08-21', '1', '02:28:00', '18:58:00'),
	(1147, 7, '2021-10-15', '1', '23:16:00', '07:02:00'),
	(1148, 8, '2021-08-18', '2', '11:44:00', '09:49:00'),
	(1149, 9, '2021-11-08', '1', '08:33:00', '06:51:00'),
	(1150, 8, '2021-12-08', '3', '22:31:00', '00:09:00'),
	(1151, 7, '2021-08-05', '1', '10:50:00', '03:13:00'),
	(1152, 10, '2021-09-02', '1', '04:51:00', '09:49:00'),
	(1153, 7, '2021-11-07', '2', '07:03:00', '20:22:00'),
	(1154, 8, '2021-08-13', '2', '19:36:00', '10:08:00'),
	(1155, 7, '2021-10-05', '2', '16:03:00', '22:11:00'),
	(1156, 9, '2021-11-16', '3', '05:48:00', '07:57:00'),
	(1157, 8, '2021-09-07', '3', '07:41:00', '13:37:00'),
	(1158, 7, '2021-09-30', '2', '03:15:00', '02:50:00'),
	(1159, 9, '2021-10-03', '2', '01:53:00', '00:47:00'),
	(1160, 7, '2021-09-14', '3', '11:19:00', '22:06:00'),
	(1161, 10, '2021-09-02', '3', '21:00:00', '03:58:00'),
	(1162, 10, '2021-11-03', '1', '16:53:00', '13:10:00'),
	(1163, 10, '2021-12-01', '1', '08:09:00', '23:36:00'),
	(1164, 10, '2021-10-26', '2', '17:21:00', '23:08:00'),
	(1165, 9, '2021-10-28', '3', '13:01:00', '08:03:00'),
	(1166, 9, '2021-11-15', '2', '08:09:00', '11:51:00'),
	(1167, 9, '2021-10-19', '1', '22:19:00', '05:29:00'),
	(1168, 8, '2021-10-11', '3', '03:22:00', '07:08:00'),
	(1169, 7, '2021-09-24', '2', '13:45:00', '01:25:00'),
	(1170, 9, '2021-11-10', '1', '05:03:00', '14:48:00'),
	(1171, 9, '2021-11-20', '2', '12:46:00', '00:24:00'),
	(1172, 9, '2021-10-31', '2', '10:23:00', '13:11:00'),
	(1173, 10, '2021-12-08', '2', '10:40:00', '02:49:00'),
	(1174, 7, '2021-10-05', '3', '08:23:00', '00:32:00'),
	(1175, 10, '2021-08-18', '3', '23:28:00', '07:26:00'),
	(1176, 9, '2021-11-01', '1', '05:11:00', '10:11:00'),
	(1177, 8, '2021-10-17', '2', '05:46:00', '19:45:00'),
	(1178, 10, '2021-10-08', '3', '16:06:00', '15:31:00'),
	(1179, 8, '2021-11-23', '1', '14:05:00', '05:02:00'),
	(1180, 10, '2021-12-01', '2', '06:17:00', '19:28:00'),
	(1181, 9, '2021-09-02', '1', '09:54:00', '03:43:00'),
	(1182, 9, '2021-11-28', '2', '13:24:00', '15:24:00'),
	(1183, 8, '2021-08-22', '2', '07:41:00', '20:28:00'),
	(1184, 10, '2021-08-17', '3', '18:40:00', '20:36:00'),
	(1185, 9, '2021-09-27', '3', '11:53:00', '02:05:00'),
	(1186, 8, '2021-08-16', '1', '09:52:00', '08:03:00'),
	(1187, 8, '2021-10-28', '2', '13:14:00', '03:40:00'),
	(1188, 7, '2021-08-29', '3', '20:05:00', '03:03:00'),
	(1189, 7, '2021-09-06', '3', '01:30:00', '06:56:00'),
	(1190, 7, '2021-11-01', '1', '01:35:00', '14:00:00'),
	(1191, 10, '2021-09-26', '1', '05:31:00', '04:38:00'),
	(1192, 10, '2021-08-22', '3', '04:01:00', '12:17:00'),
	(1193, 9, '2021-08-16', '1', '14:56:00', '09:47:00'),
	(1194, 9, '2021-10-03', '1', '22:06:00', '20:02:00'),
	(1195, 10, '2021-11-05', '2', '12:06:00', '03:48:00'),
	(1196, 8, '2021-09-19', '2', '06:52:00', '16:03:00'),
	(1197, 7, '2021-09-05', '1', '12:28:00', '11:07:00'),
	(1198, 10, '2021-11-01', '2', '19:21:00', '23:34:00'),
	(1199, 8, '2021-11-16', '3', '11:08:00', '08:52:00'),
	(1200, 7, '2021-12-06', '2', '22:54:00', '12:00:00'),
	(1201, 9, '2021-10-03', '2', '13:48:00', '04:09:00'),
	(1202, 9, '2021-10-15', '1', '14:14:00', '06:44:00'),
	(1203, 10, '2021-11-10', '3', '13:59:00', '23:17:00'),
	(1204, 8, '2021-09-01', '2', '02:50:00', '22:35:00'),
	(1205, 7, '2021-10-14', '3', '22:59:00', '06:05:00'),
	(1206, 10, '2021-12-06', '2', '21:27:00', '11:03:00'),
	(1207, 9, '2021-10-06', '1', '02:13:00', '13:41:00'),
	(1208, 9, '2021-09-23', '1', '12:34:00', '02:26:00'),
	(1209, 8, '2021-08-18', '2', '22:53:00', '13:36:00'),
	(1210, 10, '2021-11-04', '1', '12:16:00', '22:00:00'),
	(1211, 7, '2021-09-26', '2', '14:54:00', '09:21:00'),
	(1212, 7, '2021-08-02', '3', '20:22:00', '13:53:00'),
	(1213, 9, '2021-11-30', '3', '08:27:00', '06:14:00'),
	(1214, 10, '2021-11-09', '1', '16:38:00', '06:28:00'),
	(1215, 10, '2021-08-05', '2', '05:40:00', '11:41:00'),
	(1216, 10, '2021-10-21', '2', '04:30:00', '14:25:00'),
	(1217, 7, '2021-12-01', '2', '12:13:00', '16:13:00'),
	(1218, 10, '2021-12-05', '3', '13:36:00', '23:51:00'),
	(1219, 8, '2021-11-17', '1', '20:24:00', '08:47:00'),
	(1220, 10, '2021-09-15', '2', '06:09:00', '03:37:00'),
	(1221, 8, '2021-10-23', '2', '13:01:00', '13:33:00'),
	(1222, 10, '2021-11-01', '2', '21:31:00', '17:14:00'),
	(1223, 8, '2021-11-21', '3', '07:18:00', '02:12:00'),
	(1224, 10, '2021-11-05', '2', '12:20:00', '21:02:00'),
	(1225, 8, '2021-11-04', '3', '16:03:00', '21:21:00'),
	(1226, 9, '2021-10-22', '3', '01:39:00', '22:25:00'),
	(1227, 9, '2021-08-16', '3', '11:58:00', '07:05:00'),
	(1228, 8, '2021-10-16', '3', '13:16:00', '00:20:00'),
	(1229, 8, '2021-10-10', '1', '14:10:00', '02:14:00'),
	(1230, 9, '2021-10-16', '2', '06:22:00', '01:41:00'),
	(1231, 9, '2021-08-15', '3', '05:23:00', '18:49:00'),
	(1232, 10, '2021-09-12', '2', '02:56:00', '19:52:00'),
	(1233, 7, '2021-10-29', '2', '07:26:00', '18:19:00'),
	(1234, 10, '2021-09-16', '3', '13:54:00', '01:27:00'),
	(1235, 8, '2021-10-23', '3', '03:32:00', '14:24:00'),
	(1236, 7, '2021-08-31', '2', '16:38:00', '15:20:00'),
	(1237, 10, '2021-08-30', '2', '22:18:00', '09:33:00'),
	(1238, 9, '2021-10-03', '3', '02:55:00', '13:27:00'),
	(1239, 9, '2021-11-12', '3', '02:50:00', '10:46:00'),
	(1240, 8, '2021-12-08', '1', '19:33:00', '20:16:00'),
	(1241, 8, '2021-08-22', '3', '06:34:00', '10:45:00'),
	(1242, 10, '2021-10-28', '1', '04:14:00', '09:14:00'),
	(1243, 8, '2021-09-11', '3', '01:04:00', '10:00:00'),
	(1244, 10, '2021-09-28', '3', '15:29:00', '14:41:00'),
	(1245, 9, '2021-09-15', '2', '10:48:00', '12:28:00'),
	(1246, 8, '2021-09-13', '3', '19:53:00', '00:12:00'),
	(1247, 9, '2021-09-05', '3', '05:42:00', '21:53:00'),
	(1248, 9, '2021-09-05', '2', '01:49:00', '14:05:00'),
	(1249, 7, '2021-09-07', '2', '06:00:00', '13:13:00'),
	(1250, 10, '2021-11-11', '1', '07:13:00', '00:12:00'),
	(1251, 10, '2021-08-14', '3', '06:46:00', '00:43:00'),
	(1252, 9, '2021-08-05', '1', '04:44:00', '16:17:00'),
	(1253, 10, '2021-09-09', '1', '04:15:00', '10:06:00'),
	(1254, 9, '2021-10-28', '1', '16:26:00', '14:07:00'),
	(1255, 10, '2021-12-08', '2', '19:53:00', '05:16:00'),
	(1256, 10, '2021-08-19', '1', '11:16:00', '11:25:00'),
	(1257, 9, '2021-10-03', '1', '21:30:00', '15:29:00'),
	(1258, 10, '2021-08-29', '3', '11:51:00', '18:30:00'),
	(1259, 10, '2021-11-13', '1', '19:05:00', '05:40:00'),
	(1260, 9, '2021-08-29', '3', '05:59:00', '18:12:00'),
	(1261, 9, '2021-10-03', '2', '21:38:00', '06:58:00'),
	(1262, 7, '2021-10-16', '2', '02:42:00', '21:23:00'),
	(1263, 8, '2021-10-05', '2', '05:08:00', '20:47:00'),
	(1264, 7, '2021-08-20', '2', '21:32:00', '09:34:00'),
	(1265, 9, '2021-08-09', '2', '01:26:00', '04:11:00'),
	(1266, 9, '2021-11-09', '1', '16:19:00', '21:22:00'),
	(1267, 7, '2021-09-22', '3', '19:27:00', '09:50:00'),
	(1268, 9, '2021-08-14', '1', '10:34:00', '19:13:00'),
	(1269, 9, '2021-08-04', '2', '05:27:00', '15:02:00'),
	(1270, 7, '2021-08-08', '3', '00:21:00', '01:54:00'),
	(1271, 10, '2021-10-19', '1', '04:19:00', '22:14:00'),
	(1272, 10, '2021-08-21', '3', '06:27:00', '23:58:00'),
	(1273, 7, '2021-10-14', '2', '18:12:00', '02:00:00'),
	(1274, 7, '2021-08-22', '2', '10:57:00', '14:49:00'),
	(1275, 9, '2021-08-29', '3', '01:30:00', '10:48:00'),
	(1276, 9, '2021-08-26', '1', '14:54:00', '08:21:00'),
	(1277, 7, '2021-08-11', '3', '15:35:00', '09:51:00'),
	(1278, 7, '2021-11-19', '2', '13:07:00', '21:06:00'),
	(1279, 8, '2021-10-18', '2', '18:57:00', '12:15:00'),
	(1280, 9, '2021-11-07', '2', '05:44:00', '00:09:00'),
	(1281, 7, '2021-11-10', '3', '16:50:00', '05:48:00'),
	(1282, 9, '2021-09-28', '1', '21:25:00', '04:06:00'),
	(1283, 7, '2021-10-10', '3', '02:52:00', '18:02:00'),
	(1284, 9, '2021-10-26', '1', '10:46:00', '17:44:00'),
	(1285, 8, '2021-09-18', '2', '00:06:00', '09:08:00'),
	(1286, 10, '2021-08-03', '2', '13:24:00', '19:18:00'),
	(1287, 8, '2021-11-22', '2', '12:55:00', '08:03:00'),
	(1288, 10, '2021-11-25', '1', '03:15:00', '01:56:00'),
	(1289, 10, '2021-08-12', '1', '14:37:00', '23:53:00'),
	(1290, 8, '2021-12-02', '1', '06:12:00', '03:29:00'),
	(1291, 10, '2021-09-30', '2', '09:18:00', '23:32:00'),
	(1292, 7, '2021-10-08', '1', '00:31:00', '23:11:00'),
	(1293, 10, '2021-10-17', '3', '16:30:00', '09:40:00'),
	(1294, 9, '2021-11-13', '3', '04:25:00', '01:14:00'),
	(1295, 10, '2021-08-02', '2', '15:46:00', '19:00:00'),
	(1296, 9, '2021-08-16', '1', '07:10:00', '02:08:00'),
	(1297, 7, '2021-08-26', '3', '03:45:00', '06:24:00'),
	(1298, 8, '2021-08-25', '1', '09:55:00', '08:51:00'),
	(1299, 9, '2021-10-29', '2', '16:37:00', '12:53:00'),
	(1300, 7, '2021-12-08', '3', '02:33:00', '13:37:00'),
	(1301, 9, '2021-10-23', '3', '16:58:00', '10:11:00'),
	(1302, 7, '2021-11-10', '3', '08:18:00', '20:34:00'),
	(1303, 10, '2021-10-15', '3', '10:52:00', '12:08:00'),
	(1304, 7, '2021-10-06', '1', '14:01:00', '21:22:00'),
	(1305, 7, '2021-09-02', '3', '14:21:00', '22:23:00'),
	(1306, 10, '2021-10-17', '2', '23:55:00', '05:27:00'),
	(1307, 8, '2021-08-17', '2', '18:05:00', '23:12:00'),
	(1308, 10, '2021-08-18', '2', '20:58:00', '06:20:00'),
	(1309, 10, '2021-11-30', '2', '23:04:00', '18:01:00'),
	(1310, 10, '2021-11-30', '2', '10:06:00', '22:55:00'),
	(1311, 10, '2021-09-17', '3', '22:25:00', '08:51:00'),
	(1312, 7, '2021-10-11', '2', '07:46:00', '15:45:00'),
	(1313, 8, '2021-08-13', '1', '15:30:00', '09:10:00'),
	(1314, 7, '2021-08-09', '2', '03:07:00', '06:03:00'),
	(1315, 8, '2021-12-05', '3', '08:45:00', '16:58:00'),
	(1316, 8, '2021-08-15', '2', '17:33:00', '03:07:00'),
	(1317, 9, '2021-11-08', '1', '11:45:00', '15:06:00'),
	(1318, 8, '2021-11-03', '2', '02:03:00', '13:41:00'),
	(1319, 7, '2021-09-20', '3', '10:33:00', '23:25:00'),
	(1320, 10, '2021-08-17', '3', '23:15:00', '23:04:00'),
	(1321, 9, '2021-09-13', '2', '01:25:00', '21:35:00'),
	(1322, 9, '2021-08-02', '3', '09:31:00', '09:11:00'),
	(1323, 7, '2021-08-25', '3', '20:08:00', '15:34:00'),
	(1324, 9, '2021-12-09', '2', '20:42:00', '02:45:00'),
	(1325, 7, '2021-10-01', '1', '13:56:00', '14:28:00'),
	(1326, 9, '2021-12-07', '3', '00:55:00', '06:30:00'),
	(1327, 8, '2021-10-03', '2', '00:26:00', '05:49:00'),
	(1328, 7, '2021-11-08', '2', '11:57:00', '14:47:00'),
	(1329, 8, '2021-09-23', '1', '19:27:00', '23:19:00'),
	(1330, 9, '2021-09-12', '1', '02:47:00', '04:01:00'),
	(1331, 9, '2021-09-10', '1', '14:56:00', '20:08:00'),
	(1332, 9, '2021-11-13', '1', '23:12:00', '02:31:00'),
	(1333, 8, '2021-09-28', '3', '17:41:00', '19:52:00'),
	(1334, 8, '2021-08-28', '2', '19:17:00', '05:16:00'),
	(1335, 9, '2021-10-19', '3', '08:47:00', '16:17:00'),
	(1336, 7, '2021-09-26', '2', '22:43:00', '09:40:00'),
	(1337, 10, '2021-09-19', '1', '17:43:00', '20:44:00'),
	(1338, 10, '2021-08-24', '3', '06:19:00', '01:26:00'),
	(1339, 10, '2021-08-04', '1', '12:49:00', '20:22:00'),
	(1340, 9, '2021-10-25', '2', '14:18:00', '04:16:00'),
	(1341, 7, '2021-10-17', '2', '02:38:00', '19:24:00'),
	(1342, 10, '2021-11-02', '2', '05:01:00', '09:48:00'),
	(1343, 10, '2021-08-08', '2', '18:11:00', '01:42:00'),
	(1344, 8, '2021-08-09', '1', '14:00:00', '00:26:00'),
	(1345, 8, '2021-10-27', '1', '16:49:00', '22:27:00'),
	(1346, 9, '2021-09-23', '1', '15:27:00', '22:27:00'),
	(1347, 9, '2021-08-21', '2', '02:47:00', '08:23:00'),
	(1348, 10, '2021-10-21', '3', '02:31:00', '18:50:00'),
	(1349, 7, '2021-08-15', '1', '01:41:00', '06:40:00'),
	(1350, 7, '2021-12-08', '1', '14:43:00', '00:17:00'),
	(1351, 9, '2021-10-23', '2', '08:11:00', '08:23:00'),
	(1352, 8, '2021-11-20', '1', '23:46:00', '19:25:00'),
	(1353, 9, '2021-12-06', '1', '00:18:00', '12:12:00'),
	(1354, 7, '2021-10-31', '1', '13:13:00', '14:26:00'),
	(1355, 8, '2021-11-07', '3', '04:51:00', '11:33:00'),
	(1356, 9, '2021-09-04', '3', '04:32:00', '22:01:00'),
	(1357, 9, '2021-12-01', '3', '04:06:00', '07:05:00'),
	(1358, 8, '2021-11-13', '1', '11:22:00', '23:36:00'),
	(1359, 9, '2021-10-20', '2', '16:25:00', '04:48:00'),
	(1360, 7, '2021-08-22', '1', '23:03:00', '22:12:00'),
	(1361, 8, '2021-11-01', '1', '23:33:00', '09:50:00'),
	(1362, 10, '2021-10-11', '3', '18:12:00', '09:50:00'),
	(1363, 8, '2021-09-25', '2', '07:10:00', '18:40:00'),
	(1364, 9, '2021-12-05', '1', '06:54:00', '01:16:00'),
	(1365, 9, '2021-08-04', '1', '11:26:00', '22:51:00'),
	(1366, 9, '2021-08-09', '2', '21:20:00', '15:35:00'),
	(1367, 10, '2021-08-16', '1', '01:57:00', '01:32:00'),
	(1368, 7, '2021-10-04', '1', '18:53:00', '16:00:00'),
	(1369, 8, '2021-10-13', '1', '21:18:00', '15:21:00'),
	(1370, 9, '2021-11-28', '1', '18:16:00', '17:24:00'),
	(1371, 8, '2021-10-02', '2', '07:55:00', '08:46:00'),
	(1372, 9, '2021-09-30', '1', '17:57:00', '05:50:00'),
	(1373, 8, '2021-09-20', '2', '02:29:00', '03:11:00'),
	(1374, 10, '2021-08-19', '2', '20:26:00', '18:16:00'),
	(1375, 8, '2021-09-10', '1', '11:52:00', '23:30:00'),
	(1376, 9, '2021-09-17', '2', '20:39:00', '07:46:00'),
	(1377, 8, '2021-08-24', '3', '18:32:00', '11:42:00'),
	(1378, 9, '2021-10-18', '2', '12:03:00', '01:42:00'),
	(1379, 10, '2021-10-21', '3', '23:25:00', '17:03:00'),
	(1380, 9, '2021-11-13', '3', '09:15:00', '07:02:00'),
	(1381, 7, '2021-11-12', '3', '10:08:00', '05:23:00'),
	(1382, 9, '2021-11-28', '1', '21:12:00', '04:15:00'),
	(1383, 7, '2021-10-18', '3', '02:56:00', '22:04:00'),
	(1384, 9, '2021-08-25', '1', '06:09:00', '09:43:00'),
	(1385, 10, '2021-08-30', '1', '19:13:00', '09:26:00'),
	(1386, 10, '2021-10-30', '2', '10:23:00', '15:16:00'),
	(1387, 9, '2021-11-30', '1', '18:24:00', '15:19:00'),
	(1388, 8, '2021-11-11', '2', '19:55:00', '15:36:00'),
	(1389, 8, '2021-10-07', '2', '05:03:00', '21:22:00'),
	(1390, 10, '2021-11-27', '3', '08:32:00', '15:50:00'),
	(1391, 8, '2021-11-23', '1', '23:40:00', '14:35:00'),
	(1392, 10, '2021-10-25', '3', '18:41:00', '20:11:00'),
	(1393, 8, '2021-08-13', '3', '07:32:00', '17:47:00'),
	(1394, 7, '2021-08-29', '1', '12:47:00', '06:30:00'),
	(1395, 8, '2021-09-05', '1', '12:27:00', '08:32:00'),
	(1396, 9, '2021-10-14', '2', '09:08:00', '15:34:00'),
	(1397, 8, '2021-11-02', '3', '18:48:00', '01:42:00'),
	(1398, 9, '2021-10-06', '3', '07:38:00', '19:21:00'),
	(1399, 7, '2021-10-09', '1', '02:16:00', '10:02:00'),
	(1400, 9, '2021-09-10', '3', '23:43:00', '02:23:00'),
	(1401, 8, '2021-08-05', '3', '09:38:00', '04:56:00'),
	(1402, 8, '2021-08-07', '1', '18:44:00', '12:39:00'),
	(1403, 8, '2021-09-16', '2', '05:25:00', '17:36:00'),
	(1404, 10, '2021-09-08', '2', '23:42:00', '21:58:00'),
	(1405, 10, '2021-09-04', '3', '05:10:00', '10:42:00'),
	(1406, 10, '2021-11-10', '3', '04:28:00', '18:47:00'),
	(1407, 9, '2021-10-31', '3', '12:10:00', '15:59:00'),
	(1408, 8, '2021-09-23', '3', '19:12:00', '05:06:00'),
	(1409, 7, '2021-08-10', '3', '23:41:00', '06:44:00'),
	(1410, 8, '2021-08-01', '1', '17:57:00', '02:02:00'),
	(1411, 7, '2021-11-20', '1', '21:47:00', '21:01:00'),
	(1412, 8, '2021-11-23', '1', '14:56:00', '20:03:00'),
	(1413, 7, '2021-12-07', '1', '01:19:00', '01:15:00'),
	(1414, 10, '2021-11-18', '3', '22:38:00', '02:00:00'),
	(1415, 8, '2021-09-07', '2', '18:51:00', '09:00:00'),
	(1416, 8, '2021-08-26', '3', '15:09:00', '01:56:00'),
	(1417, 7, '2021-08-20', '1', '16:56:00', '19:49:00'),
	(1418, 9, '2021-11-11', '1', '10:36:00', '16:54:00'),
	(1419, 9, '2021-10-13', '1', '06:09:00', '08:35:00'),
	(1420, 10, '2021-09-05', '3', '17:30:00', '17:25:00'),
	(1421, 7, '2021-09-26', '2', '11:01:00', '09:10:00'),
	(1422, 8, '2021-11-12', '1', '19:25:00', '07:55:00'),
	(1423, 10, '2021-11-28', '3', '04:17:00', '17:27:00'),
	(1424, 9, '2021-10-04', '2', '05:11:00', '20:33:00'),
	(1425, 8, '2021-10-15', '1', '06:30:00', '03:19:00'),
	(1426, 8, '2021-09-26', '1', '15:10:00', '19:14:00'),
	(1427, 9, '2021-10-30', '1', '22:25:00', '17:20:00'),
	(1428, 10, '2021-10-21', '3', '13:41:00', '10:41:00'),
	(1429, 9, '2021-11-04', '3', '15:25:00', '10:00:00'),
	(1430, 8, '2021-09-27', '1', '05:18:00', '15:34:00'),
	(1431, 7, '2021-08-01', '2', '16:07:00', '13:26:00'),
	(1432, 10, '2021-11-21', '3', '21:03:00', '19:13:00'),
	(1433, 9, '2021-09-04', '2', '01:51:00', '07:55:00'),
	(1434, 10, '2021-11-08', '3', '20:19:00', '14:46:00'),
	(1435, 8, '2021-08-13', '3', '20:21:00', '06:37:00'),
	(1436, 8, '2021-10-16', '2', '20:12:00', '00:17:00'),
	(1437, 7, '2021-09-16', '3', '11:23:00', '07:31:00'),
	(1438, 7, '2021-11-28', '1', '23:32:00', '05:42:00'),
	(1439, 7, '2021-11-13', '1', '10:35:00', '14:52:00'),
	(1440, 10, '2021-10-02', '3', '05:07:00', '07:33:00'),
	(1441, 9, '2021-11-04', '1', '01:14:00', '22:39:00'),
	(1442, 10, '2021-09-20', '1', '14:45:00', '18:57:00'),
	(1443, 10, '2021-10-09', '3', '00:25:00', '17:51:00'),
	(1444, 8, '2021-08-11', '1', '02:51:00', '16:13:00'),
	(1445, 7, '2021-10-23', '2', '14:47:00', '17:53:00'),
	(1446, 7, '2021-10-26', '3', '18:35:00', '08:40:00'),
	(1447, 8, '2021-09-08', '1', '02:31:00', '12:14:00'),
	(1448, 10, '2021-09-25', '3', '11:43:00', '17:02:00'),
	(1449, 7, '2021-11-15', '1', '23:39:00', '06:26:00'),
	(1450, 8, '2021-12-05', '3', '06:32:00', '02:44:00'),
	(1451, 8, '2021-09-06', '2', '19:04:00', '11:51:00'),
	(1452, 8, '2021-09-15', '3', '08:18:00', '13:52:00'),
	(1453, 7, '2021-08-20', '3', '04:15:00', '02:18:00'),
	(1454, 10, '2021-10-03', '3', '12:55:00', '07:59:00'),
	(1455, 7, '2021-11-15', '1', '13:08:00', '07:32:00'),
	(1456, 9, '2021-10-16', '3', '16:58:00', '12:52:00'),
	(1457, 10, '2021-09-07', '3', '02:06:00', '12:15:00'),
	(1458, 10, '2021-10-03', '1', '22:01:00', '15:59:00'),
	(1459, 8, '2021-08-11', '1', '17:50:00', '23:23:00'),
	(1460, 9, '2021-08-10', '2', '20:47:00', '07:58:00'),
	(1461, 8, '2021-12-07', '1', '23:27:00', '04:21:00'),
	(1462, 8, '2021-09-03', '1', '02:41:00', '05:47:00'),
	(1463, 9, '2021-08-08', '1', '21:37:00', '07:45:00'),
	(1464, 8, '2021-10-31', '2', '09:16:00', '20:31:00'),
	(1465, 10, '2021-08-06', '2', '08:16:00', '15:34:00'),
	(1466, 7, '2021-10-03', '1', '08:09:00', '19:16:00'),
	(1467, 7, '2021-12-05', '1', '01:50:00', '08:22:00'),
	(1468, 10, '2021-10-24', '3', '14:10:00', '07:14:00'),
	(1469, 7, '2021-08-06', '2', '13:38:00', '02:43:00'),
	(1470, 9, '2021-08-03', '2', '05:21:00', '13:11:00'),
	(1471, 8, '2021-10-28', '2', '16:29:00', '19:21:00'),
	(1472, 7, '2021-08-05', '2', '21:00:00', '20:42:00'),
	(1473, 9, '2021-09-28', '1', '00:36:00', '21:46:00'),
	(1474, 8, '2021-10-16', '2', '00:19:00', '22:34:00'),
	(1475, 7, '2021-11-07', '3', '03:40:00', '21:29:00'),
	(1476, 8, '2021-11-23', '1', '21:36:00', '10:01:00'),
	(1477, 10, '2021-08-23', '3', '16:50:00', '06:58:00'),
	(1478, 9, '2021-08-09', '3', '20:57:00', '04:24:00'),
	(1479, 8, '2021-08-14', '2', '05:33:00', '10:47:00'),
	(1480, 7, '2021-09-18', '2', '08:25:00', '07:47:00'),
	(1481, 7, '2021-11-30', '1', '21:45:00', '04:20:00'),
	(1482, 10, '2021-12-05', '2', '17:12:00', '01:28:00'),
	(1483, 7, '2021-09-05', '2', '12:19:00', '06:52:00'),
	(1484, 7, '2021-09-21', '2', '14:13:00', '17:11:00'),
	(1485, 10, '2021-09-02', '3', '23:29:00', '19:18:00'),
	(1486, 9, '2021-08-07', '1', '18:43:00', '20:36:00'),
	(1487, 9, '2021-11-01', '3', '02:33:00', '01:03:00'),
	(1488, 7, '2021-09-29', '1', '12:31:00', '08:30:00'),
	(1489, 10, '2021-10-11', '1', '03:40:00', '17:47:00'),
	(1490, 7, '2021-10-12', '3', '10:57:00', '21:42:00'),
	(1491, 8, '2021-09-02', '1', '23:11:00', '19:33:00'),
	(1492, 8, '2021-08-05', '2', '08:13:00', '01:00:00'),
	(1493, 7, '2021-11-29', '3', '14:11:00', '07:39:00'),
	(1494, 7, '2021-10-18', '3', '08:55:00', '18:35:00'),
	(1495, 7, '2021-08-23', '1', '10:15:00', '19:49:00'),
	(1496, 10, '2021-11-04', '1', '12:58:00', '01:23:00'),
	(1497, 8, '2021-08-04', '1', '18:21:00', '08:50:00'),
	(1498, 8, '2021-10-07', '1', '05:25:00', '00:47:00'),
	(1499, 7, '2021-12-01', '2', '21:13:00', '23:51:00'),
	(1500, 7, '2021-11-13', '1', '04:34:00', '04:02:00'),
	(1501, 8, '2021-10-16', '3', '11:59:00', '04:29:00'),
	(1502, 8, '2021-12-05', '2', '02:51:00', '23:16:00'),
	(1503, 8, '2021-11-15', '2', '05:55:00', '17:47:00'),
	(1504, 8, '2021-12-03', '2', '01:53:00', '00:20:00'),
	(1505, 10, '2021-10-09', '2', '16:28:00', '16:46:00'),
	(1506, 10, '2021-09-03', '3', '01:37:00', '05:29:00'),
	(1507, 10, '2021-10-24', '2', '01:39:00', '16:55:00'),
	(1508, 8, '2021-09-30', '1', '14:03:00', '09:17:00'),
	(1509, 8, '2021-12-01', '2', '00:01:00', '13:01:00'),
	(1510, 8, '2021-10-23', '2', '12:55:00', '08:01:00'),
	(1511, 10, '2021-09-25', '1', '09:13:00', '04:51:00'),
	(1512, 7, '2021-11-29', '3', '16:43:00', '06:36:00'),
	(1513, 8, '2021-12-07', '1', '21:09:00', '13:38:00'),
	(1514, 8, '2021-11-03', '1', '22:09:00', '12:51:00'),
	(1515, 7, '2021-08-18', '2', '02:52:00', '04:53:00'),
	(1516, 7, '2021-10-31', '1', '12:02:00', '23:54:00'),
	(1517, 8, '2021-12-03', '3', '19:53:00', '17:53:00'),
	(1518, 7, '2021-11-29', '2', '04:01:00', '10:47:00'),
	(1519, 9, '2021-08-21', '3', '06:29:00', '09:41:00'),
	(1520, 10, '2021-08-24', '2', '05:52:00', '19:12:00'),
	(1521, 10, '2021-09-10', '2', '03:11:00', '21:58:00'),
	(1522, 9, '2021-10-02', '2', '10:56:00', '09:05:00'),
	(1523, 8, '2021-10-21', '3', '19:15:00', '06:31:00'),
	(1524, 9, '2021-08-11', '2', '02:43:00', '20:48:00'),
	(1525, 10, '2021-10-17', '1', '20:27:00', '19:36:00'),
	(1526, 10, '2021-12-05', '1', '10:07:00', '18:40:00'),
	(1527, 10, '2021-11-26', '1', '00:35:00', '16:52:00'),
	(1528, 9, '2021-10-01', '1', '06:37:00', '05:32:00'),
	(1529, 8, '2021-11-18', '2', '21:02:00', '18:29:00'),
	(1530, 7, '2021-11-23', '2', '15:35:00', '02:35:00'),
	(1531, 10, '2021-12-05', '2', '14:50:00', '17:58:00'),
	(1532, 10, '2021-08-14', '2', '03:38:00', '22:19:00'),
	(1533, 9, '2021-09-03', '1', '13:01:00', '01:46:00'),
	(1534, 9, '2021-11-02', '2', '05:18:00', '21:00:00'),
	(1535, 10, '2021-11-24', '3', '13:59:00', '10:58:00'),
	(1536, 9, '2021-09-29', '1', '18:33:00', '18:13:00'),
	(1537, 7, '2021-10-09', '1', '20:33:00', '17:54:00'),
	(1538, 7, '2021-11-03', '1', '08:10:00', '22:05:00'),
	(1539, 9, '2021-08-24', '1', '08:59:00', '10:45:00'),
	(1540, 7, '2021-08-23', '2', '03:57:00', '20:56:00'),
	(1541, 10, '2021-11-30', '3', '05:12:00', '13:21:00'),
	(1542, 8, '2021-11-03', '1', '05:26:00', '10:18:00'),
	(1543, 7, '2021-11-23', '1', '16:27:00', '11:51:00'),
	(1544, 7, '2021-08-08', '3', '13:31:00', '08:22:00'),
	(1545, 7, '2021-10-30', '1', '22:44:00', '19:20:00'),
	(1546, 9, '2021-09-03', '3', '16:37:00', '09:42:00'),
	(1547, 10, '2021-10-04', '2', '09:26:00', '13:20:00'),
	(1548, 9, '2021-11-24', '1', '21:48:00', '11:56:00'),
	(1549, 8, '2021-11-11', '2', '05:49:00', '17:29:00'),
	(1550, 7, '2021-08-02', '2', '06:18:00', '19:59:00'),
	(1551, 7, '2021-11-06', '3', '17:12:00', '06:55:00'),
	(1552, 9, '2021-08-08', '1', '13:21:00', '19:34:00'),
	(1553, 7, '2021-09-07', '2', '16:12:00', '13:04:00'),
	(1554, 7, '2021-08-05', '1', '10:39:00', '18:05:00'),
	(1555, 8, '2021-10-21', '2', '00:18:00', '19:25:00'),
	(1556, 9, '2021-10-29', '2', '07:34:00', '19:21:00'),
	(1557, 10, '2021-08-22', '1', '14:17:00', '14:24:00'),
	(1558, 9, '2021-10-23', '3', '21:35:00', '01:11:00'),
	(1559, 10, '2021-11-17', '2', '06:54:00', '21:48:00'),
	(1560, 9, '2021-11-18', '1', '16:25:00', '10:39:00'),
	(1561, 10, '2021-12-02', '2', '18:17:00', '06:40:00'),
	(1562, 10, '2021-08-01', '1', '21:57:00', '19:33:00'),
	(1563, 7, '2021-11-08', '2', '17:09:00', '14:55:00'),
	(1564, 7, '2021-08-11', '2', '12:40:00', '14:16:00'),
	(1565, 10, '2021-11-12', '1', '20:53:00', '21:01:00'),
	(1566, 8, '2021-11-06', '2', '01:38:00', '16:22:00'),
	(1567, 10, '2021-10-10', '2', '08:00:00', '08:33:00'),
	(1568, 8, '2021-10-24', '1', '17:54:00', '16:30:00'),
	(1569, 10, '2021-10-12', '2', '06:36:00', '15:14:00'),
	(1570, 7, '2021-10-26', '3', '22:00:00', '04:50:00'),
	(1571, 7, '2021-10-22', '2', '16:54:00', '06:40:00'),
	(1572, 7, '2021-11-15', '3', '20:39:00', '04:49:00'),
	(1573, 8, '2021-09-30', '1', '14:18:00', '07:35:00'),
	(1574, 9, '2021-09-09', '2', '18:33:00', '04:07:00'),
	(1575, 9, '2021-10-13', '3', '05:34:00', '15:50:00'),
	(1576, 7, '2021-09-01', '2', '11:57:00', '16:50:00'),
	(1577, 10, '2021-09-20', '2', '14:50:00', '04:23:00'),
	(1578, 9, '2021-09-03', '3', '00:57:00', '01:45:00'),
	(1579, 8, '2021-10-12', '2', '18:33:00', '10:15:00'),
	(1580, 10, '2021-09-16', '1', '16:02:00', '12:35:00'),
	(1581, 10, '2021-10-04', '2', '12:13:00', '20:54:00'),
	(1582, 7, '2021-11-30', '2', '06:05:00', '06:45:00'),
	(1583, 8, '2021-10-11', '1', '19:56:00', '12:17:00'),
	(1584, 9, '2021-10-24', '3', '03:46:00', '18:07:00'),
	(1585, 8, '2021-08-13', '3', '21:21:00', '15:54:00'),
	(1586, 9, '2021-10-21', '2', '06:00:00', '11:40:00'),
	(1587, 7, '2021-08-14', '3', '13:53:00', '19:46:00'),
	(1588, 9, '2021-11-10', '1', '17:31:00', '21:16:00'),
	(1589, 10, '2021-09-09', '1', '23:21:00', '03:22:00'),
	(1590, 9, '2021-10-30', '2', '12:07:00', '08:26:00'),
	(1591, 9, '2021-10-31', '2', '02:39:00', '15:18:00'),
	(1592, 8, '2021-09-28', '3', '06:22:00', '01:31:00'),
	(1593, 10, '2021-09-04', '2', '09:24:00', '01:43:00'),
	(1594, 8, '2021-11-27', '3', '11:27:00', '15:58:00'),
	(1595, 8, '2021-09-19', '1', '09:38:00', '14:39:00'),
	(1596, 9, '2021-09-23', '3', '07:48:00', '23:52:00'),
	(1597, 9, '2021-11-02', '1', '20:58:00', '14:31:00'),
	(1598, 9, '2021-10-26', '1', '06:47:00', '10:50:00'),
	(1599, 8, '2021-08-09', '3', '03:15:00', '09:42:00'),
	(1600, 9, '2021-08-21', '2', '14:01:00', '16:28:00'),
	(1601, 7, '2021-08-23', '2', '15:12:00', '01:27:00'),
	(1602, 7, '2021-11-08', '1', '04:18:00', '21:49:00'),
	(1603, 7, '2021-09-04', '2', '08:57:00', '21:40:00'),
	(1604, 9, '2021-11-30', '2', '00:05:00', '16:33:00'),
	(1605, 7, '2021-11-12', '2', '12:35:00', '23:03:00'),
	(1606, 10, '2021-10-08', '2', '17:09:00', '01:56:00'),
	(1607, 10, '2021-09-18', '1', '00:40:00', '12:50:00'),
	(1608, 8, '2021-11-08', '1', '13:34:00', '10:18:00'),
	(1609, 8, '2021-09-16', '2', '17:07:00', '06:13:00'),
	(1610, 9, '2021-08-10', '2', '09:51:00', '18:31:00'),
	(1611, 8, '2021-11-28', '3', '21:04:00', '19:48:00'),
	(1612, 8, '2021-09-09', '3', '07:49:00', '23:35:00'),
	(1613, 8, '2021-09-15', '2', '02:12:00', '16:18:00'),
	(1614, 10, '2021-08-18', '1', '10:57:00', '22:14:00'),
	(1615, 8, '2021-10-17', '1', '16:32:00', '04:23:00'),
	(1616, 7, '2021-11-28', '1', '04:05:00', '08:36:00'),
	(1617, 7, '2021-11-26', '1', '01:26:00', '07:10:00'),
	(1618, 7, '2021-08-11', '3', '23:22:00', '05:06:00'),
	(1619, 9, '2021-08-27', '2', '19:41:00', '03:25:00'),
	(1620, 10, '2021-09-04', '2', '23:38:00', '22:04:00'),
	(1621, 9, '2021-11-16', '1', '18:51:00', '21:33:00'),
	(1622, 10, '2021-10-09', '1', '17:30:00', '00:32:00'),
	(1623, 9, '2021-08-06', '1', '19:57:00', '02:10:00'),
	(1624, 7, '2021-11-25', '2', '12:16:00', '13:13:00'),
	(1625, 10, '2021-09-19', '3', '04:52:00', '04:02:00'),
	(1626, 8, '2021-10-14', '1', '21:30:00', '17:56:00'),
	(1627, 9, '2021-09-17', '1', '21:16:00', '10:36:00'),
	(1628, 9, '2021-11-13', '2', '16:29:00', '02:37:00'),
	(1629, 9, '2021-10-30', '1', '20:50:00', '03:27:00'),
	(1630, 8, '2021-11-16', '2', '22:29:00', '15:42:00'),
	(1631, 8, '2021-08-11', '1', '01:25:00', '23:15:00'),
	(1632, 7, '2021-11-04', '3', '02:33:00', '22:15:00'),
	(1633, 8, '2021-10-15', '2', '15:06:00', '20:20:00'),
	(1634, 10, '2021-08-06', '2', '11:26:00', '23:02:00'),
	(1635, 10, '2021-09-09', '3', '05:42:00', '18:53:00'),
	(1636, 7, '2021-08-17', '3', '15:11:00', '03:45:00'),
	(1637, 8, '2021-12-01', '3', '16:06:00', '22:09:00'),
	(1638, 10, '2021-08-28', '2', '06:30:00', '16:28:00'),
	(1639, 7, '2021-08-07', '3', '00:38:00', '21:28:00'),
	(1640, 8, '2021-12-08', '2', '07:41:00', '01:37:00'),
	(1641, 8, '2021-09-28', '1', '06:55:00', '19:54:00'),
	(1642, 8, '2021-11-27', '3', '02:48:00', '00:28:00'),
	(1643, 8, '2021-09-09', '1', '20:46:00', '06:10:00'),
	(1644, 8, '2021-09-03', '1', '03:07:00', '15:57:00'),
	(1645, 9, '2021-10-19', '2', '13:43:00', '19:47:00'),
	(1646, 10, '2021-09-11', '2', '16:47:00', '11:00:00'),
	(1647, 8, '2021-08-31', '1', '16:31:00', '10:29:00'),
	(1648, 9, '2021-08-11', '3', '02:10:00', '03:23:00'),
	(1649, 8, '2021-11-18', '3', '14:11:00', '04:17:00'),
	(1650, 8, '2021-11-13', '2', '03:37:00', '12:48:00'),
	(1651, 8, '2021-09-26', '3', '10:10:00', '18:19:00'),
	(1652, 8, '2021-10-15', '1', '20:17:00', '09:46:00'),
	(1653, 10, '2021-10-03', '2', '10:39:00', '19:37:00'),
	(1654, 9, '2021-11-12', '1', '10:37:00', '01:31:00'),
	(1655, 8, '2021-10-11', '3', '15:11:00', '10:31:00'),
	(1656, 7, '2021-09-19', '2', '00:51:00', '07:22:00'),
	(1657, 7, '2021-10-08', '2', '10:05:00', '23:56:00'),
	(1658, 9, '2021-08-12', '3', '00:29:00', '07:09:00'),
	(1659, 8, '2021-08-09', '2', '09:07:00', '19:02:00'),
	(1660, 9, '2021-08-01', '3', '07:45:00', '17:46:00'),
	(1661, 7, '2021-12-08', '1', '23:54:00', '12:33:00'),
	(1662, 9, '2021-11-15', '2', '12:58:00', '20:38:00'),
	(1663, 7, '2021-08-23', '2', '13:28:00', '12:15:00'),
	(1664, 8, '2021-08-23', '2', '13:41:00', '22:06:00'),
	(1665, 10, '2021-11-03', '1', '13:01:00', '11:16:00'),
	(1666, 10, '2021-08-16', '3', '01:26:00', '15:38:00'),
	(1667, 8, '2021-10-29', '1', '07:15:00', '23:05:00'),
	(1668, 7, '2021-09-22', '3', '18:03:00', '14:40:00'),
	(1669, 9, '2021-09-26', '2', '13:13:00', '20:46:00'),
	(1670, 9, '2021-11-05', '3', '15:27:00', '12:26:00'),
	(1671, 7, '2021-11-18', '2', '08:59:00', '12:36:00'),
	(1672, 7, '2021-10-09', '3', '08:19:00', '18:48:00'),
	(1673, 8, '2021-12-02', '2', '13:54:00', '15:43:00'),
	(1674, 7, '2021-11-10', '1', '19:20:00', '14:25:00'),
	(1675, 7, '2021-08-29', '3', '04:15:00', '03:58:00'),
	(1676, 8, '2021-10-29', '3', '06:35:00', '11:47:00'),
	(1677, 7, '2021-10-28', '2', '22:39:00', '19:31:00'),
	(1678, 9, '2021-11-07', '2', '08:53:00', '11:59:00'),
	(1679, 10, '2021-11-03', '2', '04:30:00', '23:05:00'),
	(1680, 10, '2021-08-31', '2', '19:39:00', '06:25:00'),
	(1681, 9, '2021-09-07', '3', '13:05:00', '22:16:00'),
	(1682, 10, '2021-11-29', '1', '22:50:00', '12:48:00'),
	(1683, 7, '2021-09-14', '3', '15:58:00', '21:29:00'),
	(1684, 8, '2021-11-18', '1', '12:08:00', '11:11:00'),
	(1685, 9, '2021-11-23', '3', '17:07:00', '08:16:00'),
	(1686, 7, '2021-10-15', '3', '15:18:00', '22:57:00'),
	(1687, 9, '2021-08-20', '3', '13:51:00', '09:40:00'),
	(1688, 8, '2021-10-24', '2', '09:38:00', '19:53:00'),
	(1689, 7, '2021-11-20', '3', '03:13:00', '20:14:00'),
	(1690, 10, '2021-10-16', '3', '23:53:00', '07:23:00'),
	(1691, 8, '2021-11-29', '3', '16:15:00', '12:34:00'),
	(1692, 7, '2021-11-03', '1', '02:26:00', '11:45:00'),
	(1693, 8, '2021-11-22', '2', '04:17:00', '18:32:00'),
	(1694, 8, '2021-12-05', '2', '14:07:00', '10:56:00'),
	(1695, 8, '2021-11-22', '3', '07:27:00', '05:05:00'),
	(1696, 7, '2021-09-19', '2', '08:35:00', '11:45:00'),
	(1697, 9, '2021-09-22', '3', '07:00:00', '19:08:00'),
	(1698, 9, '2021-10-24', '1', '12:18:00', '00:21:00'),
	(1699, 9, '2021-09-07', '1', '13:17:00', '15:25:00'),
	(1700, 8, '2021-08-11', '1', '04:32:00', '07:29:00'),
	(1701, 10, '2021-12-05', '3', '14:31:00', '20:03:00'),
	(1702, 7, '2021-08-26', '1', '18:02:00', '18:57:00'),
	(1703, 8, '2021-08-06', '3', '04:03:00', '20:40:00'),
	(1704, 7, '2021-11-14', '3', '08:34:00', '16:05:00'),
	(1705, 7, '2021-11-13', '1', '06:06:00', '13:23:00'),
	(1706, 10, '2021-10-01', '1', '11:29:00', '06:10:00'),
	(1707, 9, '2021-11-10', '2', '06:38:00', '01:14:00'),
	(1708, 7, '2021-09-26', '3', '22:21:00', '14:59:00'),
	(1709, 9, '2021-12-05', '2', '03:52:00', '05:09:00'),
	(1710, 10, '2021-11-07', '1', '20:22:00', '01:09:00'),
	(1711, 8, '2021-12-07', '1', '00:59:00', '07:17:00'),
	(1712, 8, '2021-09-17', '3', '10:14:00', '09:20:00'),
	(1713, 7, '2021-10-01', '3', '14:31:00', '08:59:00'),
	(1714, 10, '2021-09-16', '3', '18:39:00', '05:58:00'),
	(1715, 9, '2021-09-11', '1', '16:27:00', '21:54:00'),
	(1716, 10, '2021-08-12', '2', '02:53:00', '05:49:00'),
	(1717, 10, '2021-09-26', '2', '02:58:00', '16:05:00'),
	(1718, 9, '2021-08-18', '1', '20:51:00', '13:47:00'),
	(1719, 10, '2021-08-13', '1', '22:41:00', '06:00:00'),
	(1720, 9, '2021-08-16', '2', '14:48:00', '16:36:00'),
	(1721, 8, '2021-08-18', '1', '19:29:00', '02:30:00'),
	(1722, 9, '2021-09-15', '1', '23:52:00', '21:45:00'),
	(1723, 7, '2021-08-02', '3', '05:22:00', '06:09:00'),
	(1724, 10, '2021-09-06', '2', '20:27:00', '18:37:00'),
	(1725, 10, '2021-10-06', '1', '23:50:00', '23:26:00'),
	(1726, 7, '2021-09-04', '1', '02:04:00', '03:49:00'),
	(1727, 10, '2021-08-24', '3', '10:04:00', '14:29:00'),
	(1728, 7, '2021-11-02', '3', '03:12:00', '16:31:00'),
	(1729, 10, '2021-11-17', '3', '08:07:00', '18:29:00'),
	(1730, 10, '2021-09-07', '1', '22:10:00', '15:05:00'),
	(1731, 7, '2021-11-25', '2', '11:06:00', '21:24:00'),
	(1732, 9, '2021-10-29', '2', '22:34:00', '11:20:00'),
	(1733, 7, '2021-08-31', '2', '01:36:00', '22:49:00'),
	(1734, 9, '2021-10-16', '1', '14:31:00', '16:17:00'),
	(1735, 7, '2021-09-11', '1', '12:27:00', '22:39:00'),
	(1736, 9, '2021-10-16', '1', '02:54:00', '16:18:00'),
	(1737, 7, '2021-08-25', '3', '05:41:00', '00:16:00'),
	(1738, 10, '2021-10-14', '1', '14:15:00', '16:35:00'),
	(1739, 10, '2021-11-28', '3', '21:53:00', '08:25:00'),
	(1740, 7, '2021-11-21', '3', '00:42:00', '11:31:00'),
	(1741, 8, '2021-11-16', '1', '13:34:00', '11:33:00'),
	(1742, 9, '2021-08-18', '3', '08:34:00', '23:12:00'),
	(1743, 10, '2021-09-27', '1', '08:00:00', '19:17:00'),
	(1744, 8, '2021-12-07', '3', '22:06:00', '15:33:00'),
	(1745, 7, '2021-08-11', '2', '04:34:00', '11:37:00'),
	(1746, 8, '2021-08-07', '2', '13:27:00', '18:59:00'),
	(1747, 10, '2021-09-21', '3', '09:45:00', '11:30:00'),
	(1748, 10, '2021-10-07', '1', '10:27:00', '15:27:00'),
	(1749, 9, '2021-08-27', '2', '09:34:00', '20:28:00'),
	(1750, 9, '2021-08-17', '2', '21:56:00', '20:42:00'),
	(1751, 8, '2021-10-14', '2', '23:32:00', '02:42:00'),
	(1752, 7, '2021-10-07', '2', '15:03:00', '04:15:00'),
	(1753, 9, '2021-11-15', '2', '16:10:00', '20:16:00'),
	(1754, 10, '2021-11-28', '1', '00:46:00', '21:12:00'),
	(1755, 9, '2021-09-29', '3', '02:52:00', '20:53:00'),
	(1756, 9, '2021-10-06', '2', '01:23:00', '01:47:00'),
	(1757, 7, '2021-09-12', '1', '07:29:00', '11:27:00'),
	(1758, 9, '2021-09-02', '3', '09:51:00', '12:59:00'),
	(1759, 9, '2021-08-05', '3', '10:22:00', '05:37:00'),
	(1760, 10, '2021-08-29', '2', '14:13:00', '01:26:00'),
	(1761, 9, '2021-08-01', '2', '20:12:00', '11:56:00'),
	(1762, 8, '2021-11-16', '1', '12:06:00', '11:31:00'),
	(1763, 9, '2021-09-27', '3', '08:49:00', '07:11:00'),
	(1764, 9, '2021-12-02', '3', '01:07:00', '06:27:00'),
	(1765, 9, '2021-08-12', '3', '23:14:00', '12:03:00'),
	(1766, 10, '2021-11-04', '2', '11:34:00', '17:52:00'),
	(1767, 9, '2021-12-08', '3', '05:02:00', '04:04:00'),
	(1768, 8, '2021-10-18', '1', '11:54:00', '22:10:00'),
	(1769, 9, '2021-09-28', '1', '02:21:00', '04:11:00'),
	(1770, 8, '2021-11-29', '1', '16:13:00', '10:33:00'),
	(1771, 9, '2021-12-06', '3', '16:08:00', '20:59:00'),
	(1772, 9, '2021-10-15', '3', '01:50:00', '03:26:00'),
	(1773, 8, '2021-12-07', '1', '22:43:00', '09:47:00'),
	(1774, 7, '2021-09-18', '1', '16:52:00', '21:39:00'),
	(1775, 8, '2021-08-05', '3', '22:45:00', '08:18:00'),
	(1776, 7, '2021-08-13', '3', '07:23:00', '19:51:00'),
	(1777, 10, '2021-10-10', '2', '11:25:00', '05:50:00'),
	(1778, 9, '2021-09-17', '1', '18:26:00', '05:24:00'),
	(1779, 10, '2021-12-03', '1', '17:53:00', '14:09:00'),
	(1780, 10, '2021-08-04', '3', '06:57:00', '20:37:00'),
	(1781, 7, '2021-08-20', '3', '21:52:00', '21:28:00'),
	(1782, 10, '2021-09-22', '2', '07:08:00', '07:01:00'),
	(1783, 8, '2021-11-17', '3', '13:34:00', '04:04:00'),
	(1784, 7, '2021-12-08', '2', '12:21:00', '21:25:00'),
	(1785, 10, '2021-08-25', '1', '11:16:00', '12:44:00'),
	(1786, 7, '2021-11-08', '1', '14:53:00', '21:00:00'),
	(1787, 9, '2021-12-04', '1', '03:13:00', '03:19:00'),
	(1788, 8, '2021-12-04', '1', '20:28:00', '18:22:00'),
	(1789, 7, '2021-11-03', '3', '18:33:00', '03:52:00'),
	(1790, 8, '2021-08-02', '1', '08:35:00', '03:47:00'),
	(1791, 9, '2021-10-27', '1', '20:48:00', '12:11:00'),
	(1792, 8, '2021-08-24', '2', '10:11:00', '03:54:00'),
	(1793, 10, '2021-12-09', '3', '22:34:00', '05:20:00'),
	(1794, 7, '2021-09-18', '3', '06:50:00', '11:04:00'),
	(1795, 7, '2021-09-03', '3', '04:56:00', '12:32:00'),
	(1796, 7, '2021-10-03', '1', '21:39:00', '09:56:00'),
	(1797, 9, '2021-08-24', '1', '18:35:00', '18:32:00'),
	(1798, 8, '2021-09-14', '3', '13:27:00', '21:50:00'),
	(1799, 7, '2021-11-27', '1', '00:57:00', '02:51:00'),
	(1800, 8, '2021-09-24', '1', '22:43:00', '11:14:00'),
	(1801, 10, '2021-09-07', '2', '02:56:00', '17:22:00'),
	(1802, 7, '2021-10-22', '3', '23:12:00', '12:22:00'),
	(1803, 7, '2021-10-17', '2', '22:39:00', '19:43:00'),
	(1804, 9, '2021-11-08', '1', '06:52:00', '01:45:00'),
	(1805, 7, '2021-08-12', '2', '09:59:00', '06:29:00'),
	(1806, 10, '2021-12-01', '2', '20:39:00', '14:13:00'),
	(1807, 8, '2021-11-23', '3', '18:13:00', '06:05:00'),
	(1808, 9, '2021-11-17', '3', '10:09:00', '10:29:00'),
	(1809, 8, '2021-08-05', '3', '19:28:00', '00:52:00'),
	(1810, 9, '2021-10-17', '2', '15:43:00', '18:17:00'),
	(1811, 9, '2021-08-06', '2', '04:58:00', '05:10:00'),
	(1812, 10, '2021-09-27', '2', '22:59:00', '22:40:00'),
	(1813, 10, '2021-12-04', '2', '08:17:00', '09:30:00'),
	(1814, 10, '2021-11-17', '1', '05:31:00', '05:37:00'),
	(1815, 8, '2021-11-23', '1', '04:46:00', '23:40:00'),
	(1816, 10, '2021-09-30', '3', '21:04:00', '17:41:00'),
	(1817, 8, '2021-10-27', '3', '10:59:00', '20:41:00'),
	(1818, 10, '2021-12-05', '2', '01:23:00', '03:35:00'),
	(1819, 8, '2021-10-19', '2', '18:08:00', '17:43:00'),
	(1820, 10, '2021-10-26', '1', '09:47:00', '16:48:00'),
	(1821, 8, '2021-08-14', '1', '03:21:00', '17:53:00'),
	(1822, 8, '2021-10-04', '3', '02:36:00', '07:56:00'),
	(1823, 8, '2021-09-02', '1', '05:35:00', '20:53:00'),
	(1824, 10, '2021-10-21', '1', '05:13:00', '09:07:00'),
	(1825, 7, '2021-09-27', '2', '11:06:00', '15:18:00'),
	(1826, 9, '2021-08-20', '3', '00:40:00', '20:59:00'),
	(1827, 7, '2021-10-06', '1', '11:23:00', '20:33:00'),
	(1828, 8, '2021-12-03', '3', '18:49:00', '16:44:00'),
	(1829, 8, '2021-11-09', '1', '16:15:00', '21:20:00'),
	(1830, 9, '2021-08-03', '2', '03:37:00', '14:33:00'),
	(1831, 10, '2021-11-26', '2', '01:36:00', '18:20:00'),
	(1832, 10, '2021-11-23', '3', '17:48:00', '04:47:00'),
	(1833, 10, '2021-10-23', '2', '06:23:00', '05:37:00'),
	(1834, 10, '2021-09-07', '2', '22:45:00', '08:43:00'),
	(1835, 8, '2021-10-22', '2', '17:44:00', '07:30:00'),
	(1836, 10, '2021-10-26', '1', '12:04:00', '02:09:00'),
	(1837, 7, '2021-09-04', '1', '12:50:00', '05:10:00'),
	(1838, 9, '2021-10-04', '2', '20:14:00', '06:38:00'),
	(1839, 10, '2021-09-15', '2', '03:18:00', '23:26:00'),
	(1840, 10, '2021-10-23', '1', '06:57:00', '04:19:00'),
	(1841, 9, '2021-09-08', '3', '17:49:00', '22:25:00'),
	(1842, 10, '2021-09-12', '1', '03:41:00', '17:28:00'),
	(1843, 9, '2021-08-20', '3', '01:00:00', '09:06:00'),
	(1844, 10, '2021-10-23', '3', '21:55:00', '21:46:00'),
	(1845, 9, '2021-08-17', '3', '11:46:00', '05:49:00'),
	(1846, 10, '2021-11-11', '1', '09:10:00', '01:38:00'),
	(1847, 8, '2021-09-17', '1', '00:50:00', '11:53:00'),
	(1848, 7, '2021-11-30', '1', '16:09:00', '13:22:00'),
	(1849, 8, '2021-10-10', '1', '06:32:00', '17:40:00'),
	(1850, 8, '2021-09-04', '2', '04:13:00', '03:02:00'),
	(1851, 9, '2021-11-21', '2', '09:07:00', '21:07:00'),
	(1852, 7, '2021-09-19', '1', '17:08:00', '19:12:00'),
	(1853, 10, '2021-09-23', '2', '07:49:00', '01:29:00'),
	(1854, 10, '2021-09-28', '2', '20:47:00', '16:27:00'),
	(1855, 8, '2021-10-19', '3', '02:31:00', '03:50:00'),
	(1856, 10, '2021-09-10', '1', '14:24:00', '02:20:00'),
	(1857, 10, '2021-08-07', '3', '15:37:00', '15:43:00'),
	(1858, 9, '2021-10-23', '3', '04:00:00', '13:25:00'),
	(1859, 7, '2021-10-16', '1', '13:26:00', '14:37:00'),
	(1860, 8, '2021-08-28', '3', '05:18:00', '14:37:00'),
	(1861, 10, '2021-11-22', '1', '01:32:00', '01:06:00'),
	(1862, 9, '2021-10-02', '2', '04:05:00', '15:47:00'),
	(1863, 9, '2021-08-30', '3', '19:55:00', '20:04:00'),
	(1864, 7, '2021-10-14', '1', '18:00:00', '09:27:00'),
	(1865, 7, '2021-09-16', '3', '00:07:00', '05:23:00'),
	(1866, 9, '2021-10-27', '2', '13:57:00', '04:54:00'),
	(1867, 9, '2021-11-10', '1', '01:15:00', '03:25:00'),
	(1868, 8, '2021-09-17', '2', '10:29:00', '07:56:00'),
	(1869, 10, '2021-08-14', '1', '05:23:00', '08:41:00'),
	(1870, 10, '2021-11-28', '2', '17:01:00', '02:13:00'),
	(1871, 7, '2021-08-16', '2', '23:01:00', '02:54:00'),
	(1872, 8, '2021-10-24', '1', '16:52:00', '22:52:00'),
	(1873, 8, '2021-08-05', '1', '16:39:00', '09:23:00'),
	(1874, 8, '2021-11-10', '3', '20:53:00', '07:45:00'),
	(1875, 7, '2021-09-04', '2', '06:06:00', '13:49:00'),
	(1876, 9, '2021-10-10', '2', '02:27:00', '00:58:00'),
	(1877, 10, '2021-08-31', '1', '12:48:00', '23:45:00'),
	(1878, 10, '2021-08-11', '1', '10:23:00', '22:31:00'),
	(1879, 8, '2021-08-22', '3', '11:31:00', '06:14:00'),
	(1880, 9, '2021-11-16', '1', '22:20:00', '12:46:00'),
	(1881, 8, '2021-12-01', '1', '16:46:00', '06:39:00'),
	(1882, 10, '2021-08-15', '3', '18:48:00', '05:22:00'),
	(1883, 7, '2021-11-26', '1', '05:09:00', '04:55:00'),
	(1884, 10, '2021-09-27', '1', '00:18:00', '04:23:00'),
	(1885, 7, '2021-09-09', '1', '23:30:00', '11:55:00'),
	(1886, 9, '2021-11-15', '3', '21:36:00', '18:04:00'),
	(1887, 8, '2021-11-21', '3', '19:42:00', '13:50:00'),
	(1888, 7, '2021-08-26', '3', '09:43:00', '07:47:00'),
	(1889, 8, '2021-10-01', '1', '15:03:00', '21:29:00'),
	(1890, 7, '2021-09-23', '3', '08:51:00', '18:15:00'),
	(1891, 10, '2021-10-03', '3', '22:20:00', '05:59:00'),
	(1892, 10, '2021-12-02', '3', '06:44:00', '18:34:00'),
	(1893, 10, '2021-09-15', '3', '05:16:00', '12:26:00'),
	(1894, 9, '2021-09-04', '2', '07:43:00', '13:23:00'),
	(1895, 10, '2021-08-16', '1', '11:42:00', '17:01:00'),
	(1896, 10, '2021-09-08', '1', '10:20:00', '22:42:00'),
	(1897, 10, '2021-11-04', '2', '00:59:00', '03:24:00'),
	(1898, 10, '2021-09-13', '1', '03:22:00', '16:16:00'),
	(1899, 10, '2021-10-20', '3', '01:36:00', '22:56:00'),
	(1900, 7, '2021-08-12', '2', '18:58:00', '23:05:00'),
	(1901, 10, '2021-08-21', '1', '16:34:00', '08:50:00'),
	(1902, 8, '2021-08-22', '1', '00:52:00', '07:34:00'),
	(1903, 7, '2021-11-24', '2', '15:07:00', '18:25:00'),
	(1904, 9, '2021-09-05', '1', '16:31:00', '02:57:00'),
	(1905, 10, '2021-09-05', '3', '03:59:00', '18:36:00'),
	(1906, 9, '2021-08-28', '3', '18:34:00', '06:59:00'),
	(1907, 10, '2021-08-06', '1', '04:21:00', '23:36:00'),
	(1908, 7, '2021-11-05', '2', '23:56:00', '04:55:00'),
	(1909, 9, '2021-10-20', '1', '16:37:00', '03:17:00'),
	(1910, 9, '2021-09-29', '1', '21:28:00', '15:15:00'),
	(1911, 10, '2021-08-22', '2', '08:53:00', '08:08:00'),
	(1912, 9, '2021-11-28', '1', '01:13:00', '22:47:00'),
	(1913, 10, '2021-08-29', '1', '05:47:00', '23:53:00'),
	(1914, 10, '2021-10-29', '2', '10:47:00', '20:44:00'),
	(1915, 7, '2021-10-10', '3', '07:43:00', '00:28:00'),
	(1916, 8, '2021-10-27', '3', '04:38:00', '03:58:00'),
	(1917, 8, '2021-12-01', '3', '19:36:00', '07:33:00'),
	(1918, 7, '2021-11-07', '2', '12:05:00', '08:17:00'),
	(1919, 9, '2021-08-02', '1', '14:46:00', '10:23:00'),
	(1920, 10, '2021-08-05', '2', '12:12:00', '22:12:00'),
	(1921, 7, '2021-08-11', '1', '07:16:00', '02:03:00'),
	(1922, 7, '2021-08-21', '1', '21:26:00', '21:50:00'),
	(1923, 10, '2021-12-05', '1', '23:00:00', '12:43:00'),
	(1924, 9, '2021-08-18', '3', '19:25:00', '00:08:00'),
	(1925, 9, '2021-08-23', '2', '16:40:00', '14:18:00'),
	(1926, 9, '2021-08-02', '2', '04:32:00', '03:46:00'),
	(1927, 9, '2021-09-11', '3', '01:19:00', '18:52:00'),
	(1928, 10, '2021-08-12', '2', '07:54:00', '17:54:00'),
	(1929, 7, '2021-09-17', '1', '08:17:00', '12:53:00'),
	(1930, 10, '2021-11-04', '1', '10:52:00', '19:46:00'),
	(1931, 7, '2021-11-16', '1', '02:06:00', '09:40:00'),
	(1932, 8, '2021-08-31', '3', '02:23:00', '14:19:00'),
	(1933, 9, '2021-11-03', '1', '12:52:00', '23:47:00'),
	(1934, 10, '2021-12-02', '1', '12:45:00', '07:39:00'),
	(1935, 8, '2021-10-23', '2', '03:57:00', '03:15:00'),
	(1936, 8, '2021-11-29', '1', '03:54:00', '09:04:00'),
	(1937, 8, '2021-08-19', '1', '05:08:00', '07:41:00'),
	(1938, 7, '2021-10-26', '2', '17:59:00', '13:40:00'),
	(1939, 8, '2021-09-01', '1', '21:47:00', '20:34:00'),
	(1940, 7, '2021-09-14', '3', '05:03:00', '15:50:00'),
	(1941, 9, '2021-08-05', '2', '07:25:00', '14:33:00'),
	(1942, 10, '2021-11-06', '2', '00:57:00', '01:06:00'),
	(1943, 7, '2021-09-06', '3', '03:56:00', '04:34:00'),
	(1944, 8, '2021-08-21', '3', '17:48:00', '04:16:00'),
	(1945, 7, '2021-10-22', '1', '17:08:00', '17:30:00'),
	(1946, 10, '2021-11-19', '1', '21:16:00', '23:18:00'),
	(1947, 8, '2021-09-16', '3', '05:46:00', '12:15:00'),
	(1948, 9, '2021-09-07', '1', '05:31:00', '07:28:00'),
	(1949, 10, '2021-12-04', '1', '10:21:00', '22:14:00'),
	(1950, 9, '2021-08-05', '1', '22:36:00', '08:33:00'),
	(1951, 9, '2021-11-16', '3', '15:00:00', '09:04:00'),
	(1952, 8, '2021-10-08', '2', '02:41:00', '10:19:00'),
	(1953, 9, '2021-08-18', '2', '15:46:00', '09:28:00'),
	(1954, 8, '2021-12-01', '3', '09:46:00', '17:56:00'),
	(1955, 10, '2021-09-11', '3', '09:11:00', '22:26:00'),
	(1956, 9, '2021-08-15', '1', '14:26:00', '10:53:00'),
	(1957, 8, '2021-10-13', '1', '19:10:00', '08:07:00'),
	(1958, 8, '2021-10-18', '1', '17:56:00', '04:32:00'),
	(1959, 8, '2021-11-06', '3', '09:10:00', '07:41:00'),
	(1960, 7, '2021-08-05', '2', '14:03:00', '06:52:00'),
	(1961, 7, '2021-09-11', '3', '12:34:00', '11:39:00'),
	(1962, 9, '2021-08-04', '1', '08:37:00', '11:50:00'),
	(1963, 9, '2021-08-30', '1', '07:10:00', '15:37:00'),
	(1964, 10, '2021-10-13', '3', '16:20:00', '22:03:00'),
	(1965, 10, '2021-10-11', '2', '23:03:00', '04:25:00'),
	(1966, 7, '2021-12-02', '3', '16:40:00', '08:29:00'),
	(1967, 10, '2021-09-19', '2', '19:48:00', '11:33:00'),
	(1968, 8, '2021-10-08', '2', '05:40:00', '10:13:00'),
	(1969, 7, '2021-12-07', '1', '23:14:00', '04:01:00'),
	(1970, 10, '2021-12-06', '2', '11:58:00', '18:02:00'),
	(1971, 7, '2021-09-23', '1', '03:57:00', '03:29:00'),
	(1972, 8, '2021-12-06', '2', '12:29:00', '11:40:00'),
	(1973, 7, '2021-08-10', '3', '02:30:00', '18:30:00'),
	(1974, 9, '2021-11-22', '3', '05:22:00', '20:26:00'),
	(1975, 7, '2021-08-27', '3', '05:31:00', '18:11:00'),
	(1976, 10, '2021-09-11', '2', '14:51:00', '11:54:00'),
	(1977, 7, '2021-08-17', '1', '12:30:00', '21:37:00'),
	(1978, 9, '2021-11-20', '1', '08:34:00', '15:25:00'),
	(1979, 7, '2021-11-13', '3', '05:24:00', '00:10:00'),
	(1980, 8, '2021-09-02', '3', '15:01:00', '19:17:00'),
	(1981, 8, '2021-08-26', '1', '09:41:00', '12:14:00'),
	(1982, 7, '2021-08-08', '3', '08:28:00', '00:37:00'),
	(1983, 10, '2021-11-20', '1', '13:42:00', '22:12:00'),
	(1984, 7, '2021-09-15', '2', '10:08:00', '18:55:00'),
	(1985, 10, '2021-10-24', '3', '03:32:00', '01:33:00'),
	(1986, 10, '2021-11-24', '1', '12:26:00', '03:22:00'),
	(1987, 8, '2021-08-29', '2', '09:03:00', '16:50:00'),
	(1988, 10, '2021-09-25', '2', '03:58:00', '20:50:00'),
	(1989, 9, '2021-12-05', '1', '02:33:00', '10:27:00'),
	(1990, 10, '2021-10-12', '3', '12:39:00', '22:22:00'),
	(1991, 10, '2021-11-22', '1', '17:21:00', '16:53:00'),
	(1992, 8, '2021-08-22', '3', '03:39:00', '19:53:00'),
	(1993, 8, '2021-09-18', '2', '21:58:00', '19:58:00'),
	(1994, 7, '2021-08-02', '1', '14:39:00', '22:31:00'),
	(1995, 9, '2021-10-15', '1', '18:35:00', '04:30:00'),
	(1996, 8, '2021-10-29', '2', '13:38:00', '19:39:00'),
	(1997, 7, '2021-11-04', '1', '17:46:00', '05:48:00'),
	(1998, 7, '2021-10-18', '3', '02:35:00', '23:11:00'),
	(1999, 10, '2021-08-08', '2', '01:21:00', '23:20:00'),
	(2000, 9, '2021-11-06', '1', '10:38:00', '01:44:00');
/*!40000 ALTER TABLE `sessions` ENABLE KEYS */;

-- Volcando estructura para tabla p2_asistencia_actividades.session_student
CREATE TABLE IF NOT EXISTS `session_student` (
  `id` int(11) unsigned NOT NULL AUTO_INCREMENT,
  `session_id` int(11) unsigned DEFAULT NULL,
  `student_id` int(11) unsigned DEFAULT NULL,
  PRIMARY KEY (`id`),
  KEY `session_fk` (`session_id`),
  KEY `student_fk` (`student_id`),
  CONSTRAINT `session_fk` FOREIGN KEY (`session_id`) REFERENCES `sessions` (`id`) ON DELETE CASCADE ON UPDATE CASCADE,
  CONSTRAINT `student_fk` FOREIGN KEY (`student_id`) REFERENCES `students` (`id`) ON DELETE CASCADE ON UPDATE CASCADE
) ENGINE=InnoDB AUTO_INCREMENT=2001 DEFAULT CHARSET=utf8;

-- Volcando datos para la tabla p2_asistencia_actividades.session_student: ~2.000 rows (aproximadamente)
/*!40000 ALTER TABLE `session_student` DISABLE KEYS */;
INSERT INTO `session_student` (`id`, `session_id`, `student_id`) VALUES
	(1, 717, 97),
	(2, 751, 4),
	(3, 461, 35),
	(4, 817, 36),
	(5, 634, 43),
	(6, 17, 29),
	(7, 998, 31),
	(8, 260, 25),
	(9, 555, 36),
	(10, 60, 100),
	(11, 533, 9),
	(12, 200, 77),
	(13, 299, 55),
	(14, 756, 32),
	(15, 987, 73),
	(16, 985, 66),
	(17, 54, 5),
	(18, 375, 86),
	(19, 360, 12),
	(20, 599, 63),
	(21, 791, 9),
	(22, 560, 22),
	(23, 43, 22),
	(24, 160, 88),
	(25, 268, 99),
	(26, 816, 98),
	(27, 83, 64),
	(28, 708, 55),
	(29, 699, 95),
	(30, 409, 73),
	(31, 186, 30),
	(32, 867, 55),
	(33, 767, 1),
	(34, 402, 34),
	(35, 64, 85),
	(36, 333, 99),
	(37, 718, 68),
	(38, 582, 39),
	(39, 617, 73),
	(40, 512, 10),
	(41, 28, 67),
	(42, 419, 8),
	(43, 703, 13),
	(44, 957, 47),
	(45, 602, 95),
	(46, 902, 8),
	(47, 356, 64),
	(48, 878, 17),
	(49, 618, 68),
	(50, 965, 45),
	(51, 372, 82),
	(52, 9, 11),
	(53, 590, 50),
	(54, 248, 9),
	(55, 409, 41),
	(56, 414, 22),
	(57, 478, 91),
	(58, 758, 50),
	(59, 912, 26),
	(60, 461, 10),
	(61, 190, 98),
	(62, 832, 92),
	(63, 15, 91),
	(64, 452, 70),
	(65, 101, 96),
	(66, 886, 82),
	(67, 287, 83),
	(68, 392, 56),
	(69, 838, 36),
	(70, 190, 85),
	(71, 474, 10),
	(72, 956, 11),
	(73, 999, 35),
	(74, 540, 31),
	(75, 435, 54),
	(76, 762, 13),
	(77, 243, 47),
	(78, 957, 71),
	(79, 693, 6),
	(80, 366, 99),
	(81, 619, 41),
	(82, 71, 3),
	(83, 717, 12),
	(84, 690, 31),
	(85, 464, 89),
	(86, 597, 95),
	(87, 92, 28),
	(88, 822, 80),
	(89, 823, 56),
	(90, 185, 41),
	(91, 976, 40),
	(92, 375, 97),
	(93, 295, 76),
	(94, 827, 65),
	(95, 269, 14),
	(96, 254, 97),
	(97, 979, 94),
	(98, 207, 96),
	(99, 932, 35),
	(100, 652, 4),
	(101, 726, 5),
	(102, 513, 6),
	(103, 12, 93),
	(104, 739, 23),
	(105, 678, 24),
	(106, 282, 31),
	(107, 932, 5),
	(108, 286, 79),
	(109, 166, 39),
	(110, 695, 28),
	(111, 617, 14),
	(112, 387, 73),
	(113, 92, 53),
	(114, 185, 51),
	(115, 228, 9),
	(116, 407, 32),
	(117, 684, 93),
	(118, 344, 1),
	(119, 114, 12),
	(120, 523, 80),
	(121, 510, 70),
	(122, 833, 44),
	(123, 552, 15),
	(124, 475, 12),
	(125, 266, 71),
	(126, 865, 25),
	(127, 56, 45),
	(128, 230, 3),
	(129, 475, 53),
	(130, 798, 83),
	(131, 786, 84),
	(132, 603, 84),
	(133, 239, 85),
	(134, 883, 69),
	(135, 70, 81),
	(136, 872, 15),
	(137, 262, 4),
	(138, 644, 70),
	(139, 832, 15),
	(140, 763, 54),
	(141, 641, 87),
	(142, 546, 20),
	(143, 43, 78),
	(144, 211, 17),
	(145, 917, 24),
	(146, 272, 79),
	(147, 84, 20),
	(148, 70, 87),
	(149, 149, 23),
	(150, 587, 14),
	(151, 536, 32),
	(152, 480, 31),
	(153, 718, 43),
	(154, 728, 21),
	(155, 5, 8),
	(156, 533, 27),
	(157, 83, 99),
	(158, 584, 2),
	(159, 343, 70),
	(160, 703, 38),
	(161, 798, 39),
	(162, 8, 6),
	(163, 697, 24),
	(164, 884, 73),
	(165, 293, 90),
	(166, 409, 7),
	(167, 271, 86),
	(168, 381, 21),
	(169, 618, 65),
	(170, 32, 84),
	(171, 463, 54),
	(172, 9, 56),
	(173, 919, 70),
	(174, 100, 43),
	(175, 468, 17),
	(176, 21, 69),
	(177, 783, 82),
	(178, 347, 17),
	(179, 179, 9),
	(180, 237, 31),
	(181, 432, 76),
	(182, 111, 82),
	(183, 802, 51),
	(184, 59, 55),
	(185, 755, 51),
	(186, 11, 4),
	(187, 870, 50),
	(188, 927, 30),
	(189, 624, 10),
	(190, 417, 67),
	(191, 249, 95),
	(192, 820, 95),
	(193, 402, 61),
	(194, 139, 56),
	(195, 389, 18),
	(196, 444, 15),
	(197, 358, 90),
	(198, 275, 22),
	(199, 79, 87),
	(200, 683, 13),
	(201, 278, 13),
	(202, 153, 62),
	(203, 169, 68),
	(204, 463, 59),
	(205, 316, 25),
	(206, 4, 65),
	(207, 985, 31),
	(208, 301, 57),
	(209, 716, 24),
	(210, 897, 29),
	(211, 813, 13),
	(212, 417, 15),
	(213, 914, 17),
	(214, 240, 5),
	(215, 273, 92),
	(216, 402, 31),
	(217, 882, 46),
	(218, 896, 40),
	(219, 102, 66),
	(220, 427, 13),
	(221, 269, 87),
	(222, 545, 48),
	(223, 391, 60),
	(224, 814, 31),
	(225, 113, 43),
	(226, 231, 5),
	(227, 269, 75),
	(228, 905, 52),
	(229, 842, 80),
	(230, 761, 60),
	(231, 584, 52),
	(232, 911, 34),
	(233, 515, 71),
	(234, 965, 63),
	(235, 721, 87),
	(236, 180, 20),
	(237, 145, 99),
	(238, 480, 68),
	(239, 204, 16),
	(240, 213, 72),
	(241, 346, 55),
	(242, 14, 100),
	(243, 940, 82),
	(244, 703, 56),
	(245, 546, 13),
	(246, 27, 21),
	(247, 493, 97),
	(248, 350, 92),
	(249, 825, 24),
	(250, 978, 38),
	(251, 554, 64),
	(252, 562, 73),
	(253, 523, 68),
	(254, 12, 48),
	(255, 676, 67),
	(256, 179, 95),
	(257, 248, 75),
	(258, 455, 25),
	(259, 40, 70),
	(260, 642, 20),
	(261, 514, 89),
	(262, 237, 60),
	(263, 591, 54),
	(264, 526, 27),
	(265, 754, 97),
	(266, 241, 40),
	(267, 253, 52),
	(268, 512, 48),
	(269, 652, 72),
	(270, 420, 43),
	(271, 131, 82),
	(272, 907, 44),
	(273, 654, 4),
	(274, 774, 5),
	(275, 695, 18),
	(276, 917, 92),
	(277, 549, 44),
	(278, 74, 61),
	(279, 760, 40),
	(280, 126, 84),
	(281, 404, 29),
	(282, 509, 18),
	(283, 529, 6),
	(284, 337, 89),
	(285, 760, 43),
	(286, 51, 18),
	(287, 648, 50),
	(288, 262, 62),
	(289, 198, 29),
	(290, 611, 48),
	(291, 388, 94),
	(292, 28, 74),
	(293, 119, 36),
	(294, 506, 10),
	(295, 67, 36),
	(296, 1, 78),
	(297, 974, 39),
	(298, 500, 87),
	(299, 241, 62),
	(300, 548, 71),
	(301, 247, 8),
	(302, 803, 84),
	(303, 19, 65),
	(304, 255, 25),
	(305, 254, 31),
	(306, 617, 23),
	(307, 779, 38),
	(308, 921, 14),
	(309, 910, 37),
	(310, 639, 24),
	(311, 504, 17),
	(312, 2, 7),
	(313, 480, 44),
	(314, 55, 1),
	(315, 123, 7),
	(316, 392, 100),
	(317, 342, 23),
	(318, 110, 43),
	(319, 449, 26),
	(320, 960, 59),
	(321, 100, 25),
	(322, 694, 17),
	(323, 464, 55),
	(324, 844, 43),
	(325, 510, 71),
	(326, 894, 81),
	(327, 17, 86),
	(328, 632, 22),
	(329, 557, 92),
	(330, 265, 4),
	(331, 880, 91),
	(332, 363, 35),
	(333, 664, 95),
	(334, 109, 25),
	(335, 498, 66),
	(336, 962, 71),
	(337, 851, 8),
	(338, 799, 9),
	(339, 66, 15),
	(340, 495, 15),
	(341, 904, 59),
	(342, 642, 85),
	(343, 867, 98),
	(344, 610, 17),
	(345, 302, 9),
	(346, 668, 89),
	(347, 859, 82),
	(348, 924, 52),
	(349, 299, 43),
	(350, 38, 66),
	(351, 870, 96),
	(352, 816, 78),
	(353, 535, 51),
	(354, 276, 21),
	(355, 506, 1),
	(356, 300, 47),
	(357, 348, 10),
	(358, 541, 13),
	(359, 220, 85),
	(360, 541, 11),
	(361, 551, 27),
	(362, 768, 1),
	(363, 984, 3),
	(364, 938, 48),
	(365, 324, 68),
	(366, 468, 34),
	(367, 211, 23),
	(368, 79, 70),
	(369, 874, 22),
	(370, 18, 68),
	(371, 427, 56),
	(372, 52, 52),
	(373, 123, 23),
	(374, 713, 63),
	(375, 699, 62),
	(376, 967, 15),
	(377, 634, 15),
	(378, 760, 10),
	(379, 14, 95),
	(380, 331, 40),
	(381, 413, 8),
	(382, 715, 85),
	(383, 143, 16),
	(384, 983, 61),
	(385, 212, 89),
	(386, 673, 100),
	(387, 60, 92),
	(388, 695, 80),
	(389, 16, 53),
	(390, 591, 86),
	(391, 686, 33),
	(392, 379, 33),
	(393, 388, 81),
	(394, 287, 90),
	(395, 975, 36),
	(396, 805, 74),
	(397, 512, 24),
	(398, 174, 94),
	(399, 319, 93),
	(400, 834, 19),
	(401, 166, 80),
	(402, 55, 37),
	(403, 86, 97),
	(404, 664, 82),
	(405, 472, 71),
	(406, 632, 34),
	(407, 185, 71),
	(408, 10, 11),
	(409, 987, 99),
	(410, 774, 74),
	(411, 672, 92),
	(412, 334, 92),
	(413, 815, 27),
	(414, 872, 28),
	(415, 672, 8),
	(416, 669, 54),
	(417, 65, 75),
	(418, 242, 51),
	(419, 655, 19),
	(420, 884, 33),
	(421, 452, 59),
	(422, 710, 16),
	(423, 352, 9),
	(424, 513, 31),
	(425, 239, 75),
	(426, 472, 13),
	(427, 228, 30),
	(428, 338, 38),
	(429, 651, 24),
	(430, 984, 32),
	(431, 435, 49),
	(432, 301, 82),
	(433, 212, 5),
	(434, 825, 68),
	(435, 443, 79),
	(436, 266, 85),
	(437, 44, 59),
	(438, 65, 97),
	(439, 985, 43),
	(440, 765, 5),
	(441, 122, 19),
	(442, 927, 50),
	(443, 613, 9),
	(444, 269, 89),
	(445, 226, 22),
	(446, 890, 84),
	(447, 649, 68),
	(448, 770, 96),
	(449, 589, 81),
	(450, 669, 78),
	(451, 898, 66),
	(452, 299, 30),
	(453, 386, 99),
	(454, 174, 66),
	(455, 264, 28),
	(456, 265, 98),
	(457, 349, 16),
	(458, 89, 39),
	(459, 642, 88),
	(460, 588, 14),
	(461, 49, 62),
	(462, 928, 48),
	(463, 65, 86),
	(464, 542, 87),
	(465, 765, 8),
	(466, 86, 33),
	(467, 614, 6),
	(468, 938, 53),
	(469, 930, 45),
	(470, 816, 83),
	(471, 924, 32),
	(472, 920, 22),
	(473, 58, 48),
	(474, 240, 53),
	(475, 433, 80),
	(476, 889, 53),
	(477, 400, 31),
	(478, 347, 44),
	(479, 717, 70),
	(480, 925, 58),
	(481, 1, 42),
	(482, 313, 21),
	(483, 755, 17),
	(484, 354, 96),
	(485, 665, 70),
	(486, 141, 40),
	(487, 665, 91),
	(488, 999, 71),
	(489, 990, 72),
	(490, 789, 5),
	(491, 329, 73),
	(492, 577, 31),
	(493, 222, 36),
	(494, 497, 43),
	(495, 909, 8),
	(496, 655, 14),
	(497, 522, 97),
	(498, 811, 44),
	(499, 355, 40),
	(500, 113, 73),
	(501, 774, 92),
	(502, 550, 5),
	(503, 218, 80),
	(504, 493, 56),
	(505, 600, 79),
	(506, 909, 33),
	(507, 638, 72),
	(508, 993, 1),
	(509, 620, 47),
	(510, 991, 73),
	(511, 487, 91),
	(512, 812, 51),
	(513, 550, 12),
	(514, 921, 47),
	(515, 960, 24),
	(516, 511, 72),
	(517, 256, 49),
	(518, 785, 86),
	(519, 580, 55),
	(520, 871, 83),
	(521, 457, 19),
	(522, 886, 43),
	(523, 956, 31),
	(524, 451, 51),
	(525, 198, 83),
	(526, 610, 48),
	(527, 125, 64),
	(528, 156, 32),
	(529, 925, 29),
	(530, 614, 35),
	(531, 173, 57),
	(532, 224, 39),
	(533, 219, 30),
	(534, 455, 90),
	(535, 853, 55),
	(536, 994, 68),
	(537, 900, 23),
	(538, 913, 78),
	(539, 272, 75),
	(540, 759, 60),
	(541, 293, 35),
	(542, 495, 63),
	(543, 803, 74),
	(544, 755, 1),
	(545, 521, 29),
	(546, 630, 90),
	(547, 124, 43),
	(548, 492, 61),
	(549, 748, 65),
	(550, 631, 22),
	(551, 772, 94),
	(552, 195, 88),
	(553, 187, 100),
	(554, 44, 24),
	(555, 322, 69),
	(556, 791, 95),
	(557, 999, 2),
	(558, 892, 68),
	(559, 778, 59),
	(560, 499, 93),
	(561, 658, 53),
	(562, 530, 36),
	(563, 586, 43),
	(564, 322, 79),
	(565, 757, 96),
	(566, 239, 49),
	(567, 133, 16),
	(568, 410, 86),
	(569, 284, 41),
	(570, 368, 17),
	(571, 663, 18),
	(572, 503, 62),
	(573, 35, 87),
	(574, 862, 16),
	(575, 164, 84),
	(576, 70, 35),
	(577, 664, 53),
	(578, 660, 64),
	(579, 560, 99),
	(580, 533, 22),
	(581, 349, 44),
	(582, 72, 56),
	(583, 469, 8),
	(584, 305, 52),
	(585, 136, 71),
	(586, 476, 95),
	(587, 528, 76),
	(588, 993, 81),
	(589, 229, 55),
	(590, 481, 2),
	(591, 450, 72),
	(592, 778, 95),
	(593, 601, 44),
	(594, 548, 4),
	(595, 256, 5),
	(596, 313, 30),
	(597, 773, 2),
	(598, 940, 96),
	(599, 494, 60),
	(600, 372, 58),
	(601, 646, 73),
	(602, 305, 27),
	(603, 536, 47),
	(604, 307, 55),
	(605, 251, 75),
	(606, 691, 99),
	(607, 287, 46),
	(608, 723, 69),
	(609, 989, 47),
	(610, 535, 40),
	(611, 476, 59),
	(612, 409, 7),
	(613, 22, 83),
	(614, 270, 11),
	(615, 235, 76),
	(616, 578, 17),
	(617, 166, 72),
	(618, 337, 80),
	(619, 568, 11),
	(620, 243, 89),
	(621, 826, 13),
	(622, 271, 30),
	(623, 648, 28),
	(624, 882, 45),
	(625, 850, 69),
	(626, 488, 31),
	(627, 216, 41),
	(628, 837, 37),
	(629, 407, 26),
	(630, 435, 59),
	(631, 882, 77),
	(632, 59, 36),
	(633, 285, 48),
	(634, 88, 78),
	(635, 276, 30),
	(636, 509, 65),
	(637, 598, 71),
	(638, 978, 14),
	(639, 744, 9),
	(640, 241, 28),
	(641, 466, 7),
	(642, 341, 78),
	(643, 352, 60),
	(644, 437, 62),
	(645, 168, 75),
	(646, 508, 6),
	(647, 969, 16),
	(648, 495, 62),
	(649, 860, 25),
	(650, 191, 47),
	(651, 739, 66),
	(652, 151, 63),
	(653, 284, 98),
	(654, 333, 15),
	(655, 8, 30),
	(656, 565, 7),
	(657, 175, 60),
	(658, 471, 23),
	(659, 877, 65),
	(660, 827, 87),
	(661, 565, 41),
	(662, 437, 17),
	(663, 256, 66),
	(664, 369, 67),
	(665, 596, 17),
	(666, 997, 80),
	(667, 281, 88),
	(668, 369, 64),
	(669, 903, 56),
	(670, 619, 8),
	(671, 884, 14),
	(672, 331, 65),
	(673, 971, 90),
	(674, 975, 42),
	(675, 147, 97),
	(676, 190, 29),
	(677, 301, 14),
	(678, 919, 23),
	(679, 469, 99),
	(680, 564, 19),
	(681, 91, 40),
	(682, 100, 93),
	(683, 230, 89),
	(684, 503, 32),
	(685, 818, 41),
	(686, 577, 22),
	(687, 767, 72),
	(688, 130, 51),
	(689, 491, 16),
	(690, 11, 86),
	(691, 908, 78),
	(692, 730, 35),
	(693, 130, 95),
	(694, 338, 92),
	(695, 205, 100),
	(696, 709, 25),
	(697, 797, 20),
	(698, 356, 53),
	(699, 353, 12),
	(700, 711, 59),
	(701, 969, 62),
	(702, 340, 4),
	(703, 602, 67),
	(704, 569, 41),
	(705, 720, 79),
	(706, 629, 23),
	(707, 650, 2),
	(708, 428, 39),
	(709, 902, 72),
	(710, 122, 29),
	(711, 165, 30),
	(712, 363, 93),
	(713, 113, 77),
	(714, 624, 1),
	(715, 369, 6),
	(716, 274, 15),
	(717, 738, 68),
	(718, 720, 34),
	(719, 381, 96),
	(720, 358, 29),
	(721, 930, 65),
	(722, 535, 79),
	(723, 202, 57),
	(724, 499, 14),
	(725, 76, 30),
	(726, 277, 69),
	(727, 151, 39),
	(728, 454, 60),
	(729, 782, 88),
	(730, 769, 49),
	(731, 518, 1),
	(732, 755, 22),
	(733, 621, 34),
	(734, 124, 17),
	(735, 50, 73),
	(736, 980, 59),
	(737, 345, 7),
	(738, 887, 94),
	(739, 839, 44),
	(740, 654, 29),
	(741, 927, 21),
	(742, 714, 82),
	(743, 902, 7),
	(744, 966, 46),
	(745, 577, 6),
	(746, 471, 39),
	(747, 136, 27),
	(748, 413, 63),
	(749, 606, 60),
	(750, 486, 99),
	(751, 315, 51),
	(752, 193, 29),
	(753, 949, 22),
	(754, 855, 9),
	(755, 18, 79),
	(756, 168, 30),
	(757, 412, 87),
	(758, 576, 53),
	(759, 292, 45),
	(760, 993, 38),
	(761, 949, 96),
	(762, 940, 28),
	(763, 40, 21),
	(764, 837, 83),
	(765, 317, 89),
	(766, 186, 76),
	(767, 99, 9),
	(768, 178, 3),
	(769, 392, 97),
	(770, 245, 2),
	(771, 230, 81),
	(772, 586, 72),
	(773, 71, 42),
	(774, 232, 12),
	(775, 873, 9),
	(776, 640, 97),
	(777, 586, 6),
	(778, 376, 55),
	(779, 118, 38),
	(780, 363, 2),
	(781, 501, 35),
	(782, 696, 34),
	(783, 79, 54),
	(784, 449, 77),
	(785, 585, 52),
	(786, 33, 38),
	(787, 208, 71),
	(788, 990, 86),
	(789, 279, 9),
	(790, 827, 21),
	(791, 837, 58),
	(792, 459, 89),
	(793, 686, 8),
	(794, 469, 69),
	(795, 588, 12),
	(796, 656, 15),
	(797, 921, 23),
	(798, 580, 68),
	(799, 129, 33),
	(800, 211, 12),
	(801, 591, 53),
	(802, 391, 49),
	(803, 513, 93),
	(804, 143, 69),
	(805, 804, 35),
	(806, 666, 38),
	(807, 760, 65),
	(808, 414, 12),
	(809, 379, 2),
	(810, 89, 26),
	(811, 189, 50),
	(812, 829, 67),
	(813, 911, 100),
	(814, 116, 100),
	(815, 218, 76),
	(816, 424, 12),
	(817, 319, 76),
	(818, 696, 66),
	(819, 338, 93),
	(820, 949, 3),
	(821, 406, 69),
	(822, 722, 31),
	(823, 330, 34),
	(824, 903, 15),
	(825, 520, 8),
	(826, 252, 74),
	(827, 427, 37),
	(828, 782, 22),
	(829, 433, 25),
	(830, 783, 1),
	(831, 861, 24),
	(832, 178, 98),
	(833, 655, 13),
	(834, 32, 41),
	(835, 885, 39),
	(836, 865, 96),
	(837, 693, 95),
	(838, 832, 47),
	(839, 44, 62),
	(840, 936, 88),
	(841, 358, 14),
	(842, 883, 15),
	(843, 334, 16),
	(844, 128, 90),
	(845, 640, 52),
	(846, 361, 95),
	(847, 405, 89),
	(848, 263, 95),
	(849, 460, 19),
	(850, 217, 78),
	(851, 845, 62),
	(852, 32, 66),
	(853, 724, 33),
	(854, 795, 36),
	(855, 93, 61),
	(856, 902, 13),
	(857, 144, 4),
	(858, 964, 21),
	(859, 126, 44),
	(860, 387, 7),
	(861, 488, 16),
	(862, 795, 17),
	(863, 68, 66),
	(864, 225, 12),
	(865, 293, 32),
	(866, 288, 81),
	(867, 580, 16),
	(868, 83, 16),
	(869, 719, 1),
	(870, 905, 57),
	(871, 791, 31),
	(872, 825, 95),
	(873, 994, 99),
	(874, 671, 83),
	(875, 142, 33),
	(876, 803, 55),
	(877, 780, 34),
	(878, 875, 98),
	(879, 477, 49),
	(880, 423, 100),
	(881, 747, 88),
	(882, 41, 9),
	(883, 718, 87),
	(884, 202, 68),
	(885, 98, 65),
	(886, 988, 17),
	(887, 941, 16),
	(888, 282, 73),
	(889, 674, 25),
	(890, 120, 6),
	(891, 482, 32),
	(892, 476, 11),
	(893, 714, 60),
	(894, 27, 42),
	(895, 88, 2),
	(896, 363, 30),
	(897, 949, 70),
	(898, 776, 45),
	(899, 323, 87),
	(900, 169, 57),
	(901, 432, 66),
	(902, 279, 97),
	(903, 918, 83),
	(904, 953, 86),
	(905, 436, 28),
	(906, 241, 40),
	(907, 164, 48),
	(908, 835, 51),
	(909, 478, 79),
	(910, 377, 43),
	(911, 233, 65),
	(912, 141, 70),
	(913, 736, 67),
	(914, 426, 46),
	(915, 780, 70),
	(916, 622, 76),
	(917, 996, 17),
	(918, 481, 56),
	(919, 815, 85),
	(920, 438, 41),
	(921, 90, 6),
	(922, 962, 36),
	(923, 165, 22),
	(924, 430, 88),
	(925, 194, 22),
	(926, 247, 60),
	(927, 735, 63),
	(928, 43, 32),
	(929, 822, 41),
	(930, 671, 81),
	(931, 997, 31),
	(932, 607, 29),
	(933, 387, 89),
	(934, 316, 61),
	(935, 16, 27),
	(936, 43, 97),
	(937, 581, 32),
	(938, 951, 67),
	(939, 737, 75),
	(940, 333, 77),
	(941, 950, 63),
	(942, 27, 13),
	(943, 524, 72),
	(944, 472, 76),
	(945, 169, 77),
	(946, 833, 94),
	(947, 686, 33),
	(948, 307, 48),
	(949, 243, 72),
	(950, 331, 26),
	(951, 327, 14),
	(952, 34, 52),
	(953, 846, 51),
	(954, 359, 92),
	(955, 47, 58),
	(956, 506, 11),
	(957, 551, 65),
	(958, 39, 14),
	(959, 620, 76),
	(960, 423, 63),
	(961, 965, 95),
	(962, 578, 78),
	(963, 47, 83),
	(964, 580, 15),
	(965, 869, 11),
	(966, 403, 54),
	(967, 954, 22),
	(968, 552, 76),
	(969, 804, 73),
	(970, 1000, 91),
	(971, 314, 35),
	(972, 956, 34),
	(973, 166, 50),
	(974, 550, 33),
	(975, 236, 30),
	(976, 684, 96),
	(977, 381, 63),
	(978, 845, 97),
	(979, 432, 85),
	(980, 858, 85),
	(981, 201, 95),
	(982, 160, 2),
	(983, 748, 95),
	(984, 324, 96),
	(985, 999, 38),
	(986, 987, 72),
	(987, 365, 9),
	(988, 378, 5),
	(989, 509, 43),
	(990, 976, 52),
	(991, 216, 85),
	(992, 34, 17),
	(993, 146, 63),
	(994, 74, 63),
	(995, 981, 96),
	(996, 397, 3),
	(997, 579, 32),
	(998, 89, 61),
	(999, 544, 41),
	(1000, 4, 71),
	(1001, 1134, 162),
	(1002, 1457, 134),
	(1003, 1654, 186),
	(1004, 1128, 146),
	(1005, 1846, 137),
	(1006, 1336, 101),
	(1007, 1336, 114),
	(1008, 1624, 182),
	(1009, 1992, 133),
	(1010, 1508, 122),
	(1011, 1769, 173),
	(1012, 1930, 173),
	(1013, 1385, 130),
	(1014, 1970, 199),
	(1015, 1040, 163),
	(1016, 1083, 158),
	(1017, 1953, 149),
	(1018, 1011, 194),
	(1019, 1954, 141),
	(1020, 1021, 106),
	(1021, 1028, 161),
	(1022, 1298, 187),
	(1023, 1020, 109),
	(1024, 1814, 105),
	(1025, 1899, 198),
	(1026, 1025, 151),
	(1027, 1530, 164),
	(1028, 1931, 156),
	(1029, 1591, 174),
	(1030, 1685, 172),
	(1031, 1601, 147),
	(1032, 1759, 176),
	(1033, 1568, 195),
	(1034, 1541, 112),
	(1035, 1379, 102),
	(1036, 1856, 184),
	(1037, 1064, 126),
	(1038, 1342, 143),
	(1039, 1638, 195),
	(1040, 1247, 170),
	(1041, 1761, 151),
	(1042, 1087, 187),
	(1043, 1202, 167),
	(1044, 1426, 197),
	(1045, 1905, 167),
	(1046, 1051, 119),
	(1047, 1944, 186),
	(1048, 1646, 104),
	(1049, 1483, 116),
	(1050, 1998, 150),
	(1051, 1079, 110),
	(1052, 1464, 182),
	(1053, 1874, 164),
	(1054, 1379, 154),
	(1055, 1517, 132),
	(1056, 1247, 154),
	(1057, 1035, 172),
	(1058, 1744, 122),
	(1059, 1704, 141),
	(1060, 1312, 182),
	(1061, 1925, 148),
	(1062, 1347, 115),
	(1063, 1954, 132),
	(1064, 1337, 105),
	(1065, 1716, 115),
	(1066, 1468, 163),
	(1067, 1168, 166),
	(1068, 1386, 175),
	(1069, 1409, 161),
	(1070, 1737, 120),
	(1071, 1915, 159),
	(1072, 1056, 158),
	(1073, 1264, 136),
	(1074, 1851, 183),
	(1075, 1750, 162),
	(1076, 1987, 141),
	(1077, 1437, 184),
	(1078, 1053, 168),
	(1079, 1607, 124),
	(1080, 1104, 115),
	(1081, 1083, 125),
	(1082, 1484, 195),
	(1083, 1022, 187),
	(1084, 1374, 140),
	(1085, 1242, 132),
	(1086, 1705, 125),
	(1087, 1088, 114),
	(1088, 1403, 183),
	(1089, 1858, 194),
	(1090, 1488, 137),
	(1091, 1044, 128),
	(1092, 1631, 193),
	(1093, 1912, 111),
	(1094, 1462, 102),
	(1095, 1248, 110),
	(1096, 1132, 102),
	(1097, 1394, 194),
	(1098, 1423, 151),
	(1099, 1675, 110),
	(1100, 1663, 165),
	(1101, 1485, 171),
	(1102, 1829, 192),
	(1103, 1062, 121),
	(1104, 1196, 173),
	(1105, 1154, 111),
	(1106, 1806, 163),
	(1107, 1270, 159),
	(1108, 1246, 142),
	(1109, 1921, 176),
	(1110, 1410, 131),
	(1111, 1104, 164),
	(1112, 1218, 136),
	(1113, 1059, 195),
	(1114, 1196, 148),
	(1115, 1390, 115),
	(1116, 1039, 160),
	(1117, 1260, 103),
	(1118, 1709, 118),
	(1119, 1462, 121),
	(1120, 1811, 188),
	(1121, 1791, 160),
	(1122, 1038, 200),
	(1123, 1218, 146),
	(1124, 1621, 157),
	(1125, 1142, 162),
	(1126, 1173, 169),
	(1127, 1729, 165),
	(1128, 1604, 136),
	(1129, 1311, 137),
	(1130, 1548, 108),
	(1131, 1330, 153),
	(1132, 1819, 103),
	(1133, 1843, 149),
	(1134, 1056, 113),
	(1135, 1847, 127),
	(1136, 1280, 189),
	(1137, 1541, 157),
	(1138, 1123, 195),
	(1139, 1231, 109),
	(1140, 1032, 115),
	(1141, 1644, 169),
	(1142, 1960, 197),
	(1143, 1479, 143),
	(1144, 1979, 134),
	(1145, 1694, 152),
	(1146, 1961, 135),
	(1147, 1783, 197),
	(1148, 1809, 172),
	(1149, 1441, 174),
	(1150, 1384, 119),
	(1151, 1033, 152),
	(1152, 1783, 139),
	(1153, 1362, 135),
	(1154, 1595, 174),
	(1155, 1150, 166),
	(1156, 1457, 194),
	(1157, 1245, 131),
	(1158, 1919, 106),
	(1159, 1398, 177),
	(1160, 1311, 150),
	(1161, 1864, 129),
	(1162, 1933, 198),
	(1163, 1282, 154),
	(1164, 1168, 146),
	(1165, 1512, 117),
	(1166, 1284, 163),
	(1167, 1894, 155),
	(1168, 1255, 138),
	(1169, 1406, 167),
	(1170, 1908, 108),
	(1171, 1761, 149),
	(1172, 1290, 131),
	(1173, 1875, 180),
	(1174, 1266, 136),
	(1175, 1006, 149),
	(1176, 1017, 162),
	(1177, 1547, 133),
	(1178, 1111, 119),
	(1179, 1392, 170),
	(1180, 1501, 151),
	(1181, 1453, 177),
	(1182, 1821, 199),
	(1183, 1498, 155),
	(1184, 1176, 185),
	(1185, 1644, 136),
	(1186, 1495, 161),
	(1187, 1504, 197),
	(1188, 1073, 186),
	(1189, 1046, 139),
	(1190, 1602, 160),
	(1191, 1909, 129),
	(1192, 1172, 175),
	(1193, 1296, 101),
	(1194, 1423, 129),
	(1195, 1456, 147),
	(1196, 1075, 106),
	(1197, 1385, 182),
	(1198, 1303, 116),
	(1199, 1132, 180),
	(1200, 1743, 186),
	(1201, 1389, 101),
	(1202, 1185, 197),
	(1203, 1878, 140),
	(1204, 1725, 168),
	(1205, 1122, 165),
	(1206, 1260, 169),
	(1207, 1158, 103),
	(1208, 1877, 112),
	(1209, 1302, 162),
	(1210, 1754, 133),
	(1211, 1273, 104),
	(1212, 1308, 120),
	(1213, 1628, 168),
	(1214, 1457, 133),
	(1215, 1513, 134),
	(1216, 1465, 118),
	(1217, 1243, 141),
	(1218, 1809, 183),
	(1219, 1935, 133),
	(1220, 1280, 151),
	(1221, 1840, 135),
	(1222, 1425, 189),
	(1223, 1159, 179),
	(1224, 1943, 182),
	(1225, 1988, 155),
	(1226, 1497, 145),
	(1227, 1610, 135),
	(1228, 1777, 175),
	(1229, 1609, 132),
	(1230, 1167, 144),
	(1231, 1262, 200),
	(1232, 1977, 188),
	(1233, 1918, 119),
	(1234, 1699, 157),
	(1235, 1971, 181),
	(1236, 1509, 155),
	(1237, 1762, 111),
	(1238, 1960, 132),
	(1239, 1609, 143),
	(1240, 1799, 129),
	(1241, 1396, 197),
	(1242, 1648, 132),
	(1243, 1454, 140),
	(1244, 1929, 112),
	(1245, 1986, 113),
	(1246, 1936, 110),
	(1247, 1396, 163),
	(1248, 1087, 168),
	(1249, 1383, 124),
	(1250, 1577, 191),
	(1251, 1008, 163),
	(1252, 1519, 125),
	(1253, 1535, 132),
	(1254, 1090, 198),
	(1255, 1355, 112),
	(1256, 1420, 130),
	(1257, 1334, 150),
	(1258, 1944, 121),
	(1259, 1815, 114),
	(1260, 1851, 151),
	(1261, 1170, 107),
	(1262, 1626, 151),
	(1263, 1233, 119),
	(1264, 1189, 135),
	(1265, 1357, 138),
	(1266, 1347, 132),
	(1267, 1165, 102),
	(1268, 1191, 157),
	(1269, 1070, 125),
	(1270, 1343, 174),
	(1271, 1395, 165),
	(1272, 1254, 170),
	(1273, 1564, 194),
	(1274, 1647, 171),
	(1275, 1152, 126),
	(1276, 1744, 185),
	(1277, 1753, 159),
	(1278, 1923, 199),
	(1279, 1513, 113),
	(1280, 1960, 167),
	(1281, 1942, 188),
	(1282, 1767, 168),
	(1283, 1757, 120),
	(1284, 1269, 134),
	(1285, 1901, 132),
	(1286, 1419, 129),
	(1287, 1674, 164),
	(1288, 1106, 126),
	(1289, 1300, 129),
	(1290, 1193, 102),
	(1291, 1445, 162),
	(1292, 1284, 148),
	(1293, 1903, 127),
	(1294, 1004, 188),
	(1295, 1268, 129),
	(1296, 1896, 146),
	(1297, 1148, 132),
	(1298, 1082, 114),
	(1299, 1230, 164),
	(1300, 1388, 117),
	(1301, 1456, 126),
	(1302, 1952, 112),
	(1303, 1547, 120),
	(1304, 1253, 153),
	(1305, 1579, 119),
	(1306, 1724, 183),
	(1307, 1451, 148),
	(1308, 1320, 112),
	(1309, 1756, 181),
	(1310, 1497, 138),
	(1311, 1152, 107),
	(1312, 1045, 158),
	(1313, 1580, 121),
	(1314, 1346, 197),
	(1315, 1159, 159),
	(1316, 1412, 137),
	(1317, 1361, 159),
	(1318, 1240, 185),
	(1319, 1442, 181),
	(1320, 1409, 160),
	(1321, 1754, 155),
	(1322, 1406, 200),
	(1323, 1930, 159),
	(1324, 1862, 193),
	(1325, 1805, 141),
	(1326, 1842, 178),
	(1327, 1675, 144),
	(1328, 1904, 126),
	(1329, 1019, 197),
	(1330, 1675, 118),
	(1331, 1669, 182),
	(1332, 1204, 194),
	(1333, 1972, 155),
	(1334, 1216, 122),
	(1335, 1173, 149),
	(1336, 1553, 186),
	(1337, 1379, 103),
	(1338, 1763, 159),
	(1339, 1779, 104),
	(1340, 1237, 179),
	(1341, 1172, 104),
	(1342, 1799, 119),
	(1343, 1815, 103),
	(1344, 1373, 139),
	(1345, 1748, 149),
	(1346, 1634, 113),
	(1347, 1025, 180),
	(1348, 1266, 117),
	(1349, 1837, 116),
	(1350, 1772, 192),
	(1351, 1469, 122),
	(1352, 1779, 188),
	(1353, 1384, 104),
	(1354, 1504, 166),
	(1355, 1674, 185),
	(1356, 1428, 103),
	(1357, 1360, 152),
	(1358, 1439, 119),
	(1359, 1878, 125),
	(1360, 1523, 111),
	(1361, 1768, 180),
	(1362, 1900, 195),
	(1363, 1549, 149),
	(1364, 1808, 112),
	(1365, 1784, 191),
	(1366, 1006, 168),
	(1367, 1739, 168),
	(1368, 1100, 184),
	(1369, 1430, 188),
	(1370, 1339, 198),
	(1371, 1325, 198),
	(1372, 1443, 144),
	(1373, 1111, 167),
	(1374, 1655, 195),
	(1375, 1583, 165),
	(1376, 1764, 104),
	(1377, 1343, 165),
	(1378, 1992, 115),
	(1379, 1759, 198),
	(1380, 1479, 111),
	(1381, 1752, 136),
	(1382, 1280, 200),
	(1383, 1224, 113),
	(1384, 1926, 151),
	(1385, 1067, 128),
	(1386, 1159, 155),
	(1387, 1146, 194),
	(1388, 1625, 147),
	(1389, 1993, 113),
	(1390, 1672, 158),
	(1391, 1926, 175),
	(1392, 1968, 115),
	(1393, 1994, 158),
	(1394, 1433, 126),
	(1395, 1088, 163),
	(1396, 1924, 192),
	(1397, 1633, 136),
	(1398, 1896, 188),
	(1399, 1751, 142),
	(1400, 1708, 162),
	(1401, 1279, 140),
	(1402, 1231, 190),
	(1403, 1274, 166),
	(1404, 1940, 158),
	(1405, 1346, 147),
	(1406, 1501, 186),
	(1407, 1186, 126),
	(1408, 1758, 123),
	(1409, 1390, 150),
	(1410, 1482, 171),
	(1411, 1564, 181),
	(1412, 1873, 170),
	(1413, 1510, 176),
	(1414, 1756, 136),
	(1415, 1935, 117),
	(1416, 1807, 196),
	(1417, 1620, 160),
	(1418, 1834, 138),
	(1419, 1945, 176),
	(1420, 1017, 120),
	(1421, 1029, 180),
	(1422, 1938, 106),
	(1423, 1364, 196),
	(1424, 1192, 136),
	(1425, 1160, 188),
	(1426, 1010, 136),
	(1427, 1818, 121),
	(1428, 1297, 177),
	(1429, 1940, 186),
	(1430, 1201, 169),
	(1431, 1174, 144),
	(1432, 1209, 160),
	(1433, 1278, 125),
	(1434, 1659, 115),
	(1435, 1846, 120),
	(1436, 1078, 185),
	(1437, 1277, 123),
	(1438, 1457, 107),
	(1439, 1110, 127),
	(1440, 1776, 193),
	(1441, 1835, 121),
	(1442, 1234, 181),
	(1443, 1692, 178),
	(1444, 1909, 154),
	(1445, 1244, 128),
	(1446, 1215, 186),
	(1447, 1491, 145),
	(1448, 1409, 166),
	(1449, 1391, 101),
	(1450, 1794, 123),
	(1451, 1375, 175),
	(1452, 1541, 193),
	(1453, 1028, 160),
	(1454, 1015, 168),
	(1455, 1932, 161),
	(1456, 1412, 187),
	(1457, 1047, 179),
	(1458, 1488, 147),
	(1459, 1266, 194),
	(1460, 1204, 120),
	(1461, 1989, 125),
	(1462, 1697, 192),
	(1463, 1104, 182),
	(1464, 1282, 176),
	(1465, 1164, 126),
	(1466, 1028, 107),
	(1467, 1066, 195),
	(1468, 1480, 197),
	(1469, 1430, 149),
	(1470, 1651, 181),
	(1471, 1498, 200),
	(1472, 1241, 164),
	(1473, 1999, 110),
	(1474, 1423, 140),
	(1475, 1193, 183),
	(1476, 1183, 107),
	(1477, 1650, 128),
	(1478, 1495, 132),
	(1479, 1261, 186),
	(1480, 1193, 117),
	(1481, 1558, 136),
	(1482, 1147, 102),
	(1483, 1375, 188),
	(1484, 1836, 144),
	(1485, 1916, 104),
	(1486, 1440, 113),
	(1487, 1513, 199),
	(1488, 1672, 110),
	(1489, 1554, 166),
	(1490, 1978, 163),
	(1491, 1850, 134),
	(1492, 1758, 135),
	(1493, 1727, 189),
	(1494, 1001, 196),
	(1495, 1700, 106),
	(1496, 1542, 174),
	(1497, 1731, 126),
	(1498, 1627, 190),
	(1499, 1689, 132),
	(1500, 1102, 175),
	(1501, 1007, 159),
	(1502, 1295, 109),
	(1503, 1665, 146),
	(1504, 1734, 173),
	(1505, 1155, 184),
	(1506, 1492, 146),
	(1507, 1519, 165),
	(1508, 1642, 153),
	(1509, 1918, 174),
	(1510, 1713, 197),
	(1511, 1309, 119),
	(1512, 1074, 132),
	(1513, 1022, 112),
	(1514, 1620, 128),
	(1515, 1071, 134),
	(1516, 1014, 141),
	(1517, 1758, 125),
	(1518, 1706, 177),
	(1519, 1163, 176),
	(1520, 1478, 105),
	(1521, 1461, 194),
	(1522, 1340, 187),
	(1523, 1144, 147),
	(1524, 1451, 142),
	(1525, 1720, 104),
	(1526, 1562, 197),
	(1527, 1630, 156),
	(1528, 1027, 137),
	(1529, 1540, 132),
	(1530, 1593, 138),
	(1531, 1011, 163),
	(1532, 1936, 136),
	(1533, 1466, 103),
	(1534, 1007, 158),
	(1535, 1233, 114),
	(1536, 1361, 116),
	(1537, 1578, 109),
	(1538, 1619, 135),
	(1539, 1486, 173),
	(1540, 1390, 115),
	(1541, 1281, 195),
	(1542, 1636, 128),
	(1543, 1260, 123),
	(1544, 1460, 139),
	(1545, 1494, 104),
	(1546, 1214, 122),
	(1547, 1500, 182),
	(1548, 1688, 140),
	(1549, 1560, 159),
	(1550, 1775, 115),
	(1551, 1243, 195),
	(1552, 1376, 103),
	(1553, 1644, 184),
	(1554, 1271, 141),
	(1555, 1311, 141),
	(1556, 1560, 129),
	(1557, 1308, 166),
	(1558, 1410, 136),
	(1559, 1678, 120),
	(1560, 1269, 107),
	(1561, 1438, 151),
	(1562, 1624, 161),
	(1563, 1661, 173),
	(1564, 1558, 123),
	(1565, 1444, 178),
	(1566, 1088, 194),
	(1567, 1170, 158),
	(1568, 1321, 152),
	(1569, 1886, 114),
	(1570, 1842, 167),
	(1571, 1452, 157),
	(1572, 1022, 131),
	(1573, 1292, 107),
	(1574, 1637, 109),
	(1575, 1013, 171),
	(1576, 1636, 163),
	(1577, 1960, 170),
	(1578, 1687, 129),
	(1579, 1607, 107),
	(1580, 1057, 165),
	(1581, 1060, 108),
	(1582, 1619, 149),
	(1583, 1492, 162),
	(1584, 1743, 114),
	(1585, 1450, 123),
	(1586, 1985, 174),
	(1587, 1512, 170),
	(1588, 1566, 113),
	(1589, 1924, 197),
	(1590, 1657, 107),
	(1591, 1378, 124),
	(1592, 1881, 184),
	(1593, 1928, 111),
	(1594, 1366, 133),
	(1595, 1110, 112),
	(1596, 1666, 158),
	(1597, 1221, 191),
	(1598, 1294, 189),
	(1599, 1784, 106),
	(1600, 1463, 152),
	(1601, 1402, 128),
	(1602, 1974, 200),
	(1603, 1308, 147),
	(1604, 1732, 164),
	(1605, 1426, 196),
	(1606, 1773, 117),
	(1607, 1699, 117),
	(1608, 1128, 151),
	(1609, 1585, 183),
	(1610, 1202, 186),
	(1611, 1292, 104),
	(1612, 1411, 165),
	(1613, 1543, 168),
	(1614, 1875, 144),
	(1615, 1176, 187),
	(1616, 1612, 181),
	(1617, 1548, 121),
	(1618, 1855, 181),
	(1619, 1724, 190),
	(1620, 1907, 171),
	(1621, 1816, 135),
	(1622, 1549, 199),
	(1623, 1590, 163),
	(1624, 1483, 102),
	(1625, 1417, 159),
	(1626, 1177, 168),
	(1627, 1812, 192),
	(1628, 1050, 171),
	(1629, 1918, 178),
	(1630, 1472, 187),
	(1631, 1908, 147),
	(1632, 1565, 107),
	(1633, 1640, 112),
	(1634, 1273, 130),
	(1635, 1494, 102),
	(1636, 1020, 102),
	(1637, 1643, 181),
	(1638, 1654, 115),
	(1639, 1780, 166),
	(1640, 1681, 156),
	(1641, 1440, 122),
	(1642, 1407, 166),
	(1643, 1476, 140),
	(1644, 1562, 108),
	(1645, 1013, 121),
	(1646, 1334, 175),
	(1647, 1355, 120),
	(1648, 1751, 150),
	(1649, 1576, 123),
	(1650, 1447, 132),
	(1651, 1080, 191),
	(1652, 1695, 144),
	(1653, 1486, 163),
	(1654, 1540, 168),
	(1655, 1643, 104),
	(1656, 1266, 136),
	(1657, 1469, 126),
	(1658, 1588, 159),
	(1659, 1073, 120),
	(1660, 1771, 197),
	(1661, 1864, 122),
	(1662, 1659, 189),
	(1663, 1622, 115),
	(1664, 1759, 159),
	(1665, 1701, 176),
	(1666, 1245, 193),
	(1667, 1149, 191),
	(1668, 1586, 122),
	(1669, 1479, 159),
	(1670, 1123, 175),
	(1671, 1298, 200),
	(1672, 1366, 108),
	(1673, 1397, 183),
	(1674, 1336, 109),
	(1675, 1441, 176),
	(1676, 1435, 147),
	(1677, 1067, 166),
	(1678, 1217, 163),
	(1679, 1129, 199),
	(1680, 1415, 120),
	(1681, 1070, 113),
	(1682, 1135, 197),
	(1683, 1060, 118),
	(1684, 1766, 161),
	(1685, 1182, 134),
	(1686, 1031, 173),
	(1687, 1531, 191),
	(1688, 1396, 192),
	(1689, 1654, 167),
	(1690, 1479, 125),
	(1691, 1698, 161),
	(1692, 1538, 199),
	(1693, 1770, 147),
	(1694, 1054, 142),
	(1695, 1868, 147),
	(1696, 1985, 139),
	(1697, 1674, 109),
	(1698, 1319, 115),
	(1699, 1300, 183),
	(1700, 1783, 170),
	(1701, 1669, 185),
	(1702, 1729, 192),
	(1703, 1596, 160),
	(1704, 1770, 170),
	(1705, 1517, 121),
	(1706, 1953, 122),
	(1707, 1984, 107),
	(1708, 1123, 151),
	(1709, 1557, 171),
	(1710, 1034, 150),
	(1711, 1846, 182),
	(1712, 1299, 138),
	(1713, 1815, 137),
	(1714, 1811, 123),
	(1715, 1400, 128),
	(1716, 1582, 123),
	(1717, 1589, 133),
	(1718, 1535, 172),
	(1719, 1283, 133),
	(1720, 1917, 107),
	(1721, 1900, 145),
	(1722, 1498, 173),
	(1723, 1369, 106),
	(1724, 1244, 114),
	(1725, 1774, 131),
	(1726, 1404, 145),
	(1727, 1323, 107),
	(1728, 1665, 163),
	(1729, 1394, 196),
	(1730, 1659, 152),
	(1731, 1460, 178),
	(1732, 1355, 151),
	(1733, 1984, 183),
	(1734, 1808, 109),
	(1735, 1692, 166),
	(1736, 1040, 161),
	(1737, 1477, 160),
	(1738, 1836, 200),
	(1739, 1499, 192),
	(1740, 1505, 131),
	(1741, 1257, 170),
	(1742, 1889, 156),
	(1743, 1002, 169),
	(1744, 1440, 133),
	(1745, 1471, 181),
	(1746, 1123, 123),
	(1747, 1705, 186),
	(1748, 1305, 188),
	(1749, 1138, 128),
	(1750, 1646, 120),
	(1751, 1600, 179),
	(1752, 1927, 162),
	(1753, 1911, 138),
	(1754, 1520, 101),
	(1755, 1481, 115),
	(1756, 1250, 200),
	(1757, 1083, 179),
	(1758, 1745, 196),
	(1759, 1243, 114),
	(1760, 1064, 196),
	(1761, 1975, 180),
	(1762, 1434, 158),
	(1763, 1473, 181),
	(1764, 1126, 129),
	(1765, 1908, 133),
	(1766, 1773, 175),
	(1767, 1255, 164),
	(1768, 1815, 164),
	(1769, 1811, 152),
	(1770, 1898, 120),
	(1771, 1742, 139),
	(1772, 1429, 108),
	(1773, 1108, 149),
	(1774, 1446, 101),
	(1775, 1106, 182),
	(1776, 1627, 116),
	(1777, 1008, 124),
	(1778, 1123, 163),
	(1779, 1678, 177),
	(1780, 1694, 125),
	(1781, 1129, 166),
	(1782, 1885, 200),
	(1783, 1786, 123),
	(1784, 1768, 186),
	(1785, 1847, 137),
	(1786, 1685, 193),
	(1787, 1739, 153),
	(1788, 1309, 162),
	(1789, 1717, 189),
	(1790, 1522, 118),
	(1791, 1506, 162),
	(1792, 1609, 132),
	(1793, 1202, 136),
	(1794, 1479, 129),
	(1795, 1691, 126),
	(1796, 1839, 158),
	(1797, 1385, 150),
	(1798, 1781, 134),
	(1799, 1579, 120),
	(1800, 1662, 183),
	(1801, 1130, 155),
	(1802, 1628, 137),
	(1803, 1890, 117),
	(1804, 1431, 144),
	(1805, 1678, 196),
	(1806, 1471, 167),
	(1807, 1686, 177),
	(1808, 1511, 126),
	(1809, 1730, 167),
	(1810, 1988, 177),
	(1811, 1500, 140),
	(1812, 1765, 136),
	(1813, 1341, 128),
	(1814, 1534, 130),
	(1815, 1776, 173),
	(1816, 1265, 129),
	(1817, 1294, 108),
	(1818, 1004, 200),
	(1819, 1197, 103),
	(1820, 1522, 120),
	(1821, 1841, 133),
	(1822, 1502, 105),
	(1823, 1994, 156),
	(1824, 1723, 188),
	(1825, 1728, 187),
	(1826, 1733, 142),
	(1827, 1185, 183),
	(1828, 1495, 146),
	(1829, 1471, 162),
	(1830, 1105, 171),
	(1831, 1472, 101),
	(1832, 1892, 110),
	(1833, 1025, 118),
	(1834, 1527, 132),
	(1835, 1820, 183),
	(1836, 1855, 104),
	(1837, 1159, 107),
	(1838, 1515, 161),
	(1839, 1888, 109),
	(1840, 1319, 175),
	(1841, 1628, 126),
	(1842, 1222, 165),
	(1843, 1986, 172),
	(1844, 1483, 172),
	(1845, 1838, 128),
	(1846, 1623, 168),
	(1847, 1503, 163),
	(1848, 1569, 144),
	(1849, 1327, 112),
	(1850, 1501, 122),
	(1851, 1133, 133),
	(1852, 1727, 130),
	(1853, 1457, 128),
	(1854, 1810, 120),
	(1855, 1658, 162),
	(1856, 1438, 183),
	(1857, 1192, 108),
	(1858, 1421, 118),
	(1859, 1523, 115),
	(1860, 1190, 180),
	(1861, 1135, 163),
	(1862, 1449, 193),
	(1863, 1726, 110),
	(1864, 1032, 147),
	(1865, 1136, 116),
	(1866, 1406, 121),
	(1867, 1270, 117),
	(1868, 1343, 190),
	(1869, 1553, 146),
	(1870, 1987, 195),
	(1871, 1960, 127),
	(1872, 1812, 103),
	(1873, 1135, 121),
	(1874, 1526, 107),
	(1875, 1493, 127),
	(1876, 1901, 187),
	(1877, 1540, 158),
	(1878, 1476, 152),
	(1879, 1728, 102),
	(1880, 1920, 173),
	(1881, 1998, 198),
	(1882, 1030, 143),
	(1883, 1775, 130),
	(1884, 1590, 143),
	(1885, 1822, 190),
	(1886, 1736, 130),
	(1887, 1888, 164),
	(1888, 1700, 163),
	(1889, 1911, 178),
	(1890, 1196, 101),
	(1891, 1271, 153),
	(1892, 1897, 141),
	(1893, 1338, 130),
	(1894, 1458, 142),
	(1895, 1024, 113),
	(1896, 1215, 179),
	(1897, 1782, 152),
	(1898, 1802, 117),
	(1899, 1278, 147),
	(1900, 1012, 145),
	(1901, 1923, 131),
	(1902, 1589, 104),
	(1903, 1532, 188),
	(1904, 1411, 120),
	(1905, 1331, 169),
	(1906, 1354, 113),
	(1907, 1220, 102),
	(1908, 1329, 157),
	(1909, 1402, 157),
	(1910, 1319, 102),
	(1911, 1776, 140),
	(1912, 1136, 111),
	(1913, 1676, 111),
	(1914, 1701, 156),
	(1915, 1607, 114),
	(1916, 1619, 190),
	(1917, 1494, 143),
	(1918, 1688, 143),
	(1919, 1502, 172),
	(1920, 1961, 172),
	(1921, 1029, 196),
	(1922, 1285, 168),
	(1923, 1604, 173),
	(1924, 1073, 118),
	(1925, 1393, 161),
	(1926, 1455, 107),
	(1927, 1879, 113),
	(1928, 1496, 101),
	(1929, 1301, 101),
	(1930, 1994, 120),
	(1931, 1647, 165),
	(1932, 1141, 145),
	(1933, 1945, 180),
	(1934, 1854, 183),
	(1935, 1217, 119),
	(1936, 1608, 153),
	(1937, 1518, 119),
	(1938, 1661, 138),
	(1939, 1780, 113),
	(1940, 1140, 191),
	(1941, 1490, 179),
	(1942, 1810, 153),
	(1943, 1495, 167),
	(1944, 1863, 186),
	(1945, 1587, 101),
	(1946, 1626, 136),
	(1947, 1039, 165),
	(1948, 1372, 164),
	(1949, 1278, 175),
	(1950, 1061, 156),
	(1951, 1051, 170),
	(1952, 1400, 178),
	(1953, 1624, 144),
	(1954, 1366, 146),
	(1955, 1112, 170),
	(1956, 1184, 185),
	(1957, 1340, 103),
	(1958, 1067, 153),
	(1959, 1615, 107),
	(1960, 1797, 165),
	(1961, 1437, 164),
	(1962, 1117, 146),
	(1963, 1029, 142),
	(1964, 1260, 164),
	(1965, 1664, 193),
	(1966, 1440, 194),
	(1967, 1490, 125),
	(1968, 1809, 149),
	(1969, 1230, 114),
	(1970, 1666, 177),
	(1971, 1741, 198),
	(1972, 1433, 109),
	(1973, 1681, 140),
	(1974, 1431, 183),
	(1975, 1149, 128),
	(1976, 1251, 154),
	(1977, 1120, 154),
	(1978, 1159, 164),
	(1979, 1794, 108),
	(1980, 1226, 104),
	(1981, 1657, 188),
	(1982, 1788, 104),
	(1983, 1153, 115),
	(1984, 1965, 186),
	(1985, 1055, 163),
	(1986, 1736, 170),
	(1987, 1688, 144),
	(1988, 1605, 119),
	(1989, 1215, 130),
	(1990, 1300, 144),
	(1991, 1608, 142),
	(1992, 1496, 199),
	(1993, 1301, 139),
	(1994, 1070, 128),
	(1995, 1086, 111),
	(1996, 1667, 141),
	(1997, 1740, 106),
	(1998, 1019, 144),
	(1999, 1904, 137),
	(2000, 1187, 199);
/*!40000 ALTER TABLE `session_student` ENABLE KEYS */;

-- Volcando estructura para tabla p2_asistencia_actividades.students
CREATE TABLE IF NOT EXISTS `students` (
  `id` int(11) unsigned NOT NULL AUTO_INCREMENT,
  `identification` int(50) unsigned DEFAULT NULL,
  `name` varchar(255) DEFAULT NULL,
  `surname` varchar(255) DEFAULT NULL,
  `phone_number` varchar(255) DEFAULT NULL,
  `email` varchar(255) DEFAULT NULL,
  `semester` int(11) DEFAULT NULL,
  `period_id` int(11) unsigned DEFAULT NULL,
  PRIMARY KEY (`id`),
  KEY `students_period_fk` (`period_id`),
  CONSTRAINT `students_period_fk` FOREIGN KEY (`period_id`) REFERENCES `periods` (`id`) ON DELETE CASCADE ON UPDATE CASCADE
) ENGINE=InnoDB AUTO_INCREMENT=2601 DEFAULT CHARSET=utf8;

-- Volcando datos para la tabla p2_asistencia_actividades.students: ~200 rows (aproximadamente)
/*!40000 ALTER TABLE `students` DISABLE KEYS */;
INSERT INTO `students` (`id`, `identification`, `name`, `surname`, `phone_number`, `email`, `semester`, `period_id`) VALUES
	(1, 1072633382, 'Deeyn', 'Asee', '495-636-3862', 'dasee0@blogspot.com', 9, 3),
	(2, 1125771320, 'Jakie', 'Kindread', '405-215-8606', 'jkindread1@rakuten.co.jp', 1, 3),
	(3, 1475068692, 'Tessie', 'Eric', '116-326-2670', 'teric2@angelfire.com', 7, 3),
	(4, 1832934409, 'Caprice', 'Soonhouse', '913-336-3986', 'csoonhouse3@mapy.cz', 3, 3),
	(5, 1020397648, 'Guy', 'Eyes', '896-616-9356', 'geyes4@jimdo.com', 9, 3),
	(6, 1472934734, 'Milicent', 'Elsom', '784-848-9623', 'melsom5@quantcast.com', 8, 3),
	(7, 1401507475, 'Natale', 'Grinyer', '983-713-0077', 'ngrinyer6@independent.co.uk', 4, 3),
	(8, 1033648660, 'Ulrica', 'Giacoboni', '403-481-0859', 'ugiacoboni7@1und1.de', 9, 3),
	(9, 1017675864, 'Flori', 'Abethell', '435-888-2159', 'fabethell8@uiuc.edu', 8, 3),
	(10, 1084962902, 'Drusilla', 'Gebby', '933-994-2225', 'dgebby9@wikipedia.org', 10, 3),
	(11, 1798769171, 'Arlinda', 'Mayze', '669-434-0356', 'amayzea@dyndns.org', 5, 3),
	(12, 1559512097, 'Stephanus', 'Kobus', '919-725-7550', 'skobusb@arstechnica.com', 10, 3),
	(13, 1622608308, 'Brittani', 'Quartley', '302-556-1702', 'bquartleyc@scientificamerican.com', 10, 3),
	(14, 1357454650, 'Tamas', 'Gulleford', '422-901-3320', 'tgullefordd@reuters.com', 2, 3),
	(15, 1731377999, 'Kaila', 'Cosgrove', '213-798-8429', 'kcosgrovee@ycombinator.com', 9, 3),
	(16, 1147425432, 'Allyson', 'Spikins', '785-625-1685', 'aspikinsf@slashdot.org', 7, 3),
	(17, 1749808100, 'Klarrisa', 'Baudrey', '700-704-1107', 'kbaudreyg@imgur.com', 2, 3),
	(18, 1622454298, 'Haywood', 'Vallintine', '270-744-8221', 'hvallintineh@youtube.com', 1, 3),
	(19, 1534432739, 'Kendell', 'Millery', '714-169-4717', 'kmilleryi@prlog.org', 5, 3),
	(20, 1376389095, 'Benn', 'Sharvill', '577-718-7763', 'bsharvillj@digg.com', 4, 3),
	(21, 1614290063, 'Ralina', 'Ferronet', '908-220-2856', 'rferronetk@gnu.org', 1, 3),
	(22, 1970093488, 'Susanna', 'Ceely', '331-855-4991', 'sceelyl@bizjournals.com', 4, 3),
	(23, 1418341991, 'Merralee', 'Whale', '709-879-8897', 'mwhalem@chicagotribune.com', 2, 3),
	(24, 1760712633, 'Norean', 'Heball', '811-948-9352', 'nheballn@addtoany.com', 1, 3),
	(25, 1860757073, 'Dacie', 'Tite', '308-901-8900', 'dtiteo@prlog.org', 1, 3),
	(26, 1201042182, 'Carmencita', 'Pigeon', '480-493-6975', 'cpigeonp@infoseek.co.jp', 1, 3),
	(27, 1676279270, 'Dulcie', 'Longmore', '454-611-3281', 'dlongmoreq@wikipedia.org', 10, 3),
	(28, 1050560513, 'Leslie', 'Hallas', '491-898-8732', 'lhallasr@opera.com', 2, 3),
	(29, 1413201249, 'Olia', 'Parsall', '687-446-0252', 'oparsalls@nasa.gov', 10, 3),
	(30, 1910574710, 'Arliene', 'Waison', '852-631-3909', 'awaisont@furl.net', 10, 3),
	(31, 1923612324, 'Mitzi', 'McCuaig', '691-678-8808', 'mmccuaigu@wufoo.com', 5, 3),
	(32, 1355687448, 'Joletta', 'Banaszewski', '450-704-7347', 'jbanaszewskiv@rakuten.co.jp', 7, 3),
	(33, 1631430104, 'Cristionna', 'Iacovacci', '247-767-3775', 'ciacovacciw@cafepress.com', 5, 3),
	(34, 1298497371, 'Chrystel', 'Flemming', '937-874-3993', 'cflemmingx@examiner.com', 10, 3),
	(35, 1015558901, 'Mag', 'Stockbridge', '836-641-7841', 'mstockbridgey@omniture.com', 7, 3),
	(36, 1948366257, 'Angel', 'Edyson', '783-611-9131', 'aedysonz@imageshack.us', 7, 3),
	(37, 1866273357, 'Adlai', 'Pesak', '650-456-8203', 'apesak10@mapquest.com', 3, 3),
	(38, 1062662922, 'Shawnee', 'Yorston', '106-608-1020', 'syorston11@rediff.com', 4, 3),
	(39, 1759791941, 'Madlin', 'Levick', '500-453-8022', 'mlevick12@geocities.jp', 2, 3),
	(40, 1483097904, 'Drusie', 'Dionis', '712-379-3555', 'ddionis13@123-reg.co.uk', 4, 3),
	(41, 1639672203, 'Carey', 'Stockey', '624-646-3685', 'cstockey14@vinaora.com', 2, 3),
	(42, 1225994493, 'Ferd', 'O\'Leahy', '270-225-9257', 'foleahy15@tinyurl.com', 3, 3),
	(43, 1053537675, 'Maura', 'Scini', '116-472-1254', 'mscini16@abc.net.au', 2, 3),
	(44, 1656458330, 'Mahmoud', 'Balling', '623-661-4613', 'mballing17@yellowbook.com', 7, 3),
	(45, 1242852654, 'Thea', 'Spread', '823-499-2883', 'tspread18@godaddy.com', 6, 3),
	(46, 1873170105, 'Nahum', 'Crennan', '974-734-4745', 'ncrennan19@geocities.com', 3, 3),
	(47, 1672642591, 'Patsy', 'McIvor', '952-491-3630', 'pmcivor1a@histats.com', 9, 3),
	(48, 1880808192, 'Roseline', 'Tsarovic', '141-593-1692', 'rtsarovic1b@alibaba.com', 10, 3),
	(49, 1085512061, 'Jocko', 'Rothon', '177-850-1041', 'jrothon1c@last.fm', 6, 3),
	(50, 1542057838, 'Amory', 'MacBean', '512-976-1296', 'amacbean1d@dropbox.com', 6, 3),
	(51, 1133227496, 'Karla', 'Rizzetti', '202-749-8594', 'krizzetti1e@auda.org.au', 8, 3),
	(52, 1399683390, 'Darlleen', 'Pontain', '726-346-0760', 'dpontain1f@army.mil', 8, 3),
	(53, 1689354137, 'Mariann', 'Buttress', '533-399-0708', 'mbuttress1g@hubpages.com', 4, 3),
	(54, 1824894127, 'Ramsey', 'Volke', '270-582-8323', 'rvolke1h@flickr.com', 6, 3),
	(55, 1091400631, 'Maxi', 'McKerrow', '938-575-2567', 'mmckerrow1i@amazon.co.uk', 4, 3),
	(56, 1133067271, 'Claude', 'Badcock', '222-818-7256', 'cbadcock1j@comcast.net', 1, 3),
	(57, 1352252732, 'Lorettalorna', 'Kener', '818-743-8626', 'lkener1k@bing.com', 8, 3),
	(58, 1472011175, 'Agna', 'Gerretsen', '810-625-1447', 'agerretsen1l@phoca.cz', 10, 3),
	(59, 1364001053, 'Mitzi', 'Memory', '745-330-0204', 'mmemory1m@army.mil', 8, 3),
	(60, 1865555698, 'Carol', 'Marjot', '291-807-3438', 'cmarjot1n@nyu.edu', 2, 3),
	(61, 1663248883, 'Noel', 'Gosney', '627-121-6125', 'ngosney1o@prnewswire.com', 9, 3),
	(62, 1556654702, 'Garrik', 'Orrow', '626-775-4427', 'gorrow1p@hatena.ne.jp', 9, 3),
	(63, 1790943157, 'Paolina', 'Yerrall', '989-449-1427', 'pyerrall1q@histats.com', 3, 3),
	(64, 1786119198, 'Marjie', 'Howsden', '623-257-6172', 'mhowsden1r@printfriendly.com', 4, 3),
	(65, 1208341454, 'Edythe', 'Dugget', '367-709-7795', 'edugget1s@behance.net', 3, 3),
	(66, 1286923004, 'Dorine', 'Searsby', '877-893-0219', 'dsearsby1t@guardian.co.uk', 4, 3),
	(67, 1249812137, 'Ansel', 'Lyptratt', '255-473-1277', 'alyptratt1u@wisc.edu', 3, 3),
	(68, 1713909128, 'Jemimah', 'Simonard', '705-322-8447', 'jsimonard1v@facebook.com', 2, 3),
	(69, 1779260905, 'Doti', 'Major', '256-366-1309', 'dmajor1w@netlog.com', 1, 3),
	(70, 1137656499, 'Devi', 'Harrema', '117-141-9488', 'dharrema1x@photobucket.com', 8, 3),
	(71, 1582706339, 'Rozella', 'Titchmarsh', '840-862-8241', 'rtitchmarsh1y@nymag.com', 10, 3),
	(72, 1776258881, 'Jamill', 'Antrobus', '813-838-3919', 'jantrobus1z@com.com', 1, 3),
	(73, 1339540093, 'Nicolis', 'Enrique', '743-740-0615', 'nenrique20@php.net', 4, 3),
	(74, 1318434660, 'Annabela', 'Talloe', '917-357-5165', 'atalloe21@usatoday.com', 7, 3),
	(75, 1380560051, 'Juana', 'Harradine', '286-574-1610', 'jharradine22@ca.gov', 5, 3),
	(76, 1827354652, 'Dante', 'O\'Curneen', '232-143-9294', 'docurneen23@woothemes.com', 4, 3),
	(77, 1738363533, 'Heinrik', 'Calleja', '812-212-2237', 'hcalleja24@google.de', 3, 3),
	(78, 1764334618, 'Perren', 'Titmarsh', '541-137-9933', 'ptitmarsh25@washingtonpost.com', 8, 3),
	(79, 1091380522, 'Wynn', 'Braemer', '875-639-3033', 'wbraemer26@dmoz.org', 10, 3),
	(80, 1760115483, 'Andrea', 'Featherston', '393-812-7877', 'afeatherston27@princeton.edu', 6, 3),
	(81, 1355993356, 'Monica', 'MacFarland', '706-104-9732', 'mmacfarland28@google.ca', 6, 3),
	(82, 1428014478, 'Myrlene', 'Imms', '570-446-7069', 'mimms29@amazon.co.uk', 6, 3),
	(83, 1195978514, 'Ambros', 'Rutley', '104-329-0439', 'arutley2a@drupal.org', 2, 3),
	(84, 1216081176, 'Paquito', 'Hevner', '391-528-1187', 'phevner2b@domainmarket.com', 9, 3),
	(85, 1139688690, 'Lucilia', 'Pudner', '215-685-2140', 'lpudner2c@devhub.com', 5, 3),
	(86, 1682763802, 'Zacharias', 'Antrack', '801-729-0696', 'zantrack2d@rambler.ru', 4, 3),
	(87, 1877537175, 'Brittni', 'Cammock', '460-953-9646', 'bcammock2e@hubpages.com', 8, 3),
	(88, 1335037324, 'Jackson', 'Steed', '621-402-9475', 'jsteed2f@java.com', 1, 3),
	(89, 1483884286, 'Raul', 'Laurens', '954-743-9312', 'rlaurens2g@spotify.com', 5, 3),
	(90, 1899751833, 'Meagan', 'Labroue', '192-667-8904', 'mlabroue2h@flavors.me', 10, 3),
	(91, 1487181100, 'Calli', 'Hallsworth', '333-613-9318', 'challsworth2i@behance.net', 5, 3),
	(92, 1815451074, 'Peter', 'Basilotta', '187-462-1634', 'pbasilotta2j@comcast.net', 5, 3),
	(93, 1865947536, 'Melany', 'Androlli', '616-859-2239', 'mandrolli2k@addtoany.com', 10, 3),
	(94, 1854289538, 'Olly', 'Pordall', '224-831-0077', 'opordall2l@upenn.edu', 7, 3),
	(95, 1376434614, 'Marilin', 'Cockshot', '351-858-7794', 'mcockshot2m@instagram.com', 9, 3),
	(96, 1205064144, 'Bart', 'Forsbey', '265-167-3214', 'bforsbey2n@rediff.com', 6, 3),
	(97, 1956921414, 'Simona', 'Tremethack', '775-113-2034', 'stremethack2o@cisco.com', 4, 3),
	(98, 1800581040, 'Cherise', 'Dwerryhouse', '553-508-3150', 'cdwerryhouse2p@phpbb.com', 9, 3),
	(99, 1397483509, 'Stillmann', 'Moulding', '994-925-3980', 'smoulding2q@census.gov', 2, 3),
	(100, 1508108306, 'Patricia', 'Trace', '564-733-9618', 'ptrace2r@elegantthemes.com', 6, 3),
	(101, 1816784899, 'Ronica', 'Pavia', '144-242-0840', 'rpavia0@instagram.com', 5, 4),
	(102, 1813378900, 'Aggi', 'Vicioso', '134-118-3525', 'avicioso1@mozilla.com', 6, 4),
	(103, 1700124910, 'Jaymee', 'Dunlop', '434-780-8301', 'jdunlop2@omniture.com', 3, 4),
	(104, 1043259482, 'Gavra', 'Kliemke', '967-876-9575', 'gkliemke3@mail.ru', 5, 4),
	(105, 1982865337, 'Cesar', 'Cady', '180-243-0331', 'ccady4@google.ru', 2, 4),
	(106, 1635701620, 'Rowney', 'Scraney', '248-320-7418', 'rscraney5@google.pl', 9, 4),
	(107, 1657036349, 'Lexine', 'Pennell', '181-523-8803', 'lpennell6@ucoz.com', 3, 4),
	(108, 1703319866, 'Laurena', 'Forsard', '190-361-5849', 'lforsard7@cpanel.net', 4, 4),
	(109, 1849987371, 'Stafford', 'Woodes', '229-626-5759', 'swoodes8@delicious.com', 5, 4),
	(110, 1427819356, 'Cleavland', 'Bartaloni', '179-159-8158', 'cbartaloni9@google.cn', 5, 4),
	(111, 1874670987, 'Corliss', 'Heathcott', '977-367-7537', 'cheathcotta@trellian.com', 6, 4),
	(112, 1351564684, 'Jori', 'Hearon', '702-221-0610', 'jhearonb@live.com', 6, 4),
	(113, 1383292432, 'Eben', 'Birchenhead', '925-789-1306', 'ebirchenheadc@surveymonkey.com', 3, 4),
	(114, 1366328949, 'Johanna', 'Appleby', '851-346-3078', 'japplebyd@sbwire.com', 7, 4),
	(115, 1097536627, 'Osborne', 'Sowerby', '617-482-2156', 'osowerbye@zdnet.com', 1, 4),
	(116, 1729306435, 'Marybelle', 'Murr', '678-853-9864', 'mmurrf@mayoclinic.com', 7, 4),
	(117, 1765393317, 'Husein', 'Gothrup', '587-361-2496', 'hgothrupg@privacy.gov.au', 5, 4),
	(118, 1706111901, 'Salomone', 'Skym', '436-800-6188', 'sskymh@dailymail.co.uk', 8, 4),
	(119, 1737286106, 'Joshuah', 'Lohrensen', '400-589-5574', 'jlohrenseni@wikipedia.org', 10, 4),
	(120, 1600287716, 'Deina', 'Buie', '654-250-5476', 'dbuiej@linkedin.com', 6, 4),
	(121, 1352529477, 'Zonda', 'Albers', '251-745-0691', 'zalbersk@google.de', 10, 4),
	(122, 1990718857, 'Krystalle', 'Gilbey', '299-648-9019', 'kgilbeyl@weather.com', 9, 4),
	(123, 1150320937, 'Elberta', 'Braybrookes', '372-206-9445', 'ebraybrookesm@house.gov', 7, 4),
	(124, 1334207788, 'Temp', 'Proschke', '733-384-2371', 'tproschken@shutterfly.com', 5, 4),
	(125, 1654789717, 'Joceline', 'Kadar', '165-784-0297', 'jkadaro@dagondesign.com', 8, 4),
	(126, 1447433252, 'Muriel', 'Cruddas', '156-751-5237', 'mcruddasp@live.com', 5, 4),
	(127, 1712983397, 'Gwynne', 'Ricciardelli', '351-871-6408', 'gricciardelliq@pcworld.com', 5, 4),
	(128, 1361045057, 'Wendie', 'Reggler', '253-246-1940', 'wregglerr@alibaba.com', 4, 4),
	(129, 1225526033, 'Hilary', 'Broxap', '682-786-8279', 'hbroxaps@scribd.com', 9, 4),
	(130, 1500963448, 'Gothart', 'Lightowler', '459-486-0361', 'glightowlert@cbc.ca', 5, 4),
	(131, 1652031677, 'Nap', 'Tomasello', '404-254-6114', 'ntomasellou@pinterest.com', 6, 4),
	(132, 1708324477, 'Marybelle', 'Atcock', '390-619-3148', 'matcockv@pagesperso-orange.fr', 6, 4),
	(133, 1350486549, 'Suki', 'Van Eeden', '427-682-5682', 'svaneedenw@webnode.com', 2, 4),
	(134, 1947507423, 'Suzette', 'Nertney', '322-624-7850', 'snertneyx@economist.com', 1, 4),
	(135, 1612410665, 'Fred', 'Phippard', '210-745-9886', 'fphippardy@homestead.com', 8, 4),
	(136, 1979913031, 'Ardella', 'Ziemsen', '577-941-1419', 'aziemsenz@google.co.uk', 8, 4),
	(137, 1256534552, 'Katha', 'Inglesent', '672-609-1728', 'kinglesent10@yellowpages.com', 7, 4),
	(138, 1798106145, 'Janith', 'Potier', '950-352-5503', 'jpotier11@omniture.com', 9, 4),
	(139, 1524305905, 'Inglebert', 'Prosh', '806-364-4388', 'iprosh12@dion.ne.jp', 9, 4),
	(140, 1722786974, 'Marika', 'Di Biasi', '514-981-2823', 'mdibiasi13@amazon.co.uk', 9, 4),
	(141, 1858071717, 'Drucie', 'Havik', '508-372-0440', 'dhavik14@walmart.com', 8, 4),
	(142, 1570096357, 'Giustino', 'Fosdike', '194-820-8876', 'gfosdike15@yelp.com', 6, 4),
	(143, 1192739317, 'Odessa', 'Magnar', '416-180-6697', 'omagnar16@e-recht24.de', 10, 4),
	(144, 1019316339, 'Carroll', 'McDowall', '386-430-4359', 'cmcdowall17@google.com', 6, 4),
	(145, 1757502619, 'Catina', 'Whapple', '559-392-7767', 'cwhapple18@disqus.com', 2, 4),
	(146, 1064108716, 'Betsey', 'Bezley', '652-450-9821', 'bbezley19@umn.edu', 5, 4),
	(147, 1249188188, 'Conni', 'Stoddard', '389-804-3812', 'cstoddard1a@cpanel.net', 4, 4),
	(148, 1721704279, 'Kath', 'Lauritsen', '991-169-2304', 'klauritsen1b@bandcamp.com', 9, 4),
	(149, 1666584592, 'Farrand', 'Judkin', '857-478-2070', 'fjudkin1c@ft.com', 6, 4),
	(150, 1240571030, 'Deb', 'Helleckas', '844-165-9302', 'dhelleckas1d@indiegogo.com', 8, 4),
	(151, 1036535834, 'Brien', 'Westnage', '158-636-1091', 'bwestnage1e@creativecommons.org', 6, 4),
	(152, 1848449946, 'Jonah', 'Attkins', '228-362-9978', 'jattkins1f@europa.eu', 5, 4),
	(153, 1809356892, 'Shanta', 'D\'Ugo', '769-373-5366', 'sdugo1g@cam.ac.uk', 4, 4),
	(154, 1237916918, 'Melessa', 'Giacobbo', '462-561-8907', 'mgiacobbo1h@etsy.com', 6, 4),
	(155, 1687380618, 'Shaun', 'Goodboddy', '643-408-5073', 'sgoodboddy1i@bandcamp.com', 3, 4),
	(156, 1890924358, 'Liza', 'Fanti', '615-469-0852', 'lfanti1j@arstechnica.com', 7, 4),
	(157, 1754624163, 'Nat', 'Speake', '280-843-4028', 'nspeake1k@com.com', 3, 4),
	(158, 1430917863, 'Karen', 'Franey', '620-464-7812', 'kfraney1l@utexas.edu', 10, 4),
	(159, 1917745761, 'Demetre', 'Houten', '283-112-6082', 'dhouten1m@abc.net.au', 8, 4),
	(160, 1456885460, 'Fax', 'Yegoshin', '310-173-1188', 'fyegoshin1n@admin.ch', 10, 4),
	(161, 1124945647, 'Daniel', 'Ferminger', '116-547-2723', 'dferminger1o@devhub.com', 1, 4),
	(162, 1237680174, 'Nicko', 'Zellner', '545-833-3781', 'nzellner1p@gov.uk', 1, 4),
	(163, 1882034897, 'Zaria', 'Moult', '446-922-0625', 'zmoult1q@comsenz.com', 1, 4),
	(164, 1928802622, 'Lorine', 'Searby', '473-335-1857', 'lsearby1r@mashable.com', 1, 4),
	(165, 1037064413, 'Leila', 'Snar', '824-294-9427', 'lsnar1s@privacy.gov.au', 4, 4),
	(166, 1064908179, 'Sharl', 'Beckhouse', '664-648-4936', 'sbeckhouse1t@desdev.cn', 1, 4),
	(167, 1172456946, 'Candi', 'Elmer', '612-371-2685', 'celmer1u@nba.com', 8, 4),
	(168, 1390940666, 'Demeter', 'Maddinon', '140-559-7064', 'dmaddinon1v@ftc.gov', 4, 4),
	(169, 1375316856, 'Gussie', 'Hallatt', '800-127-9864', 'ghallatt1w@pagesperso-orange.fr', 7, 4),
	(170, 1728000485, 'Delila', 'Rowlstone', '919-133-3089', 'drowlstone1x@over-blog.com', 4, 4),
	(171, 1443774024, 'Blakeley', 'Gwioneth', '593-987-8434', 'bgwioneth1y@amazon.co.jp', 4, 4),
	(172, 1489443571, 'Fern', 'Scard', '915-262-6287', 'fscard1z@redcross.org', 8, 4),
	(173, 1912809002, 'Kat', 'Ragbourne', '728-107-4311', 'kragbourne20@meetup.com', 6, 4),
	(174, 1229999057, 'Daile', 'Hedditeh', '418-860-8350', 'dhedditeh21@timesonline.co.uk', 8, 4),
	(175, 1986115875, 'Patsy', 'Freeburn', '889-368-6520', 'pfreeburn22@techcrunch.com', 5, 4),
	(176, 1067701927, 'Colly', 'Bartoszewski', '425-684-6422', 'cbartoszewski23@mozilla.com', 3, 4),
	(177, 1703295109, 'Gordan', 'Truesdale', '744-283-5022', 'gtruesdale24@i2i.jp', 7, 4),
	(178, 1332569762, 'Nels', 'Monkley', '962-433-4752', 'nmonkley25@icio.us', 5, 4),
	(179, 1240353342, 'Kelly', 'Filewood', '484-632-0458', 'kfilewood26@google.co.uk', 1, 4),
	(180, 1742060963, 'Gregorius', 'Lockitt', '971-812-8926', 'glockitt27@archive.org', 8, 4),
	(181, 1589019091, 'Annice', 'Loker', '649-521-2091', 'aloker28@surveymonkey.com', 9, 4),
	(182, 1847911783, 'Marta', 'Kadd', '509-781-4807', 'mkadd29@boston.com', 3, 4),
	(183, 1586780998, 'Homer', 'Flarity', '580-930-2782', 'hflarity2a@nps.gov', 6, 4),
	(184, 1934178176, 'Bron', 'Blazeby', '845-692-1189', 'bblazeby2b@hc360.com', 10, 4),
	(185, 1265913118, 'Shaw', 'Seth', '131-925-1333', 'sseth2c@wufoo.com', 2, 4),
	(186, 1364424953, 'Rodger', 'Chilver', '319-467-9327', 'rchilver2d@nps.gov', 3, 4),
	(187, 1464573493, 'Corrie', 'Heaselgrave', '141-804-8576', 'cheaselgrave2e@blogs.com', 4, 4),
	(188, 1592804131, 'Briggs', 'Heinert', '431-819-1641', 'bheinert2f@mail.ru', 7, 4),
	(189, 1350630317, 'Darby', 'Clarey', '317-458-2816', 'dclarey2g@spiegel.de', 4, 4),
	(190, 1318657663, 'Zacharie', 'Gertray', '964-231-1976', 'zgertray2h@hubpages.com', 6, 4),
	(191, 1217266659, 'Anna-diane', 'Gunton', '617-632-3097', 'agunton2i@guardian.co.uk', 10, 4),
	(192, 1777483697, 'Lenore', 'Pristnor', '336-918-9679', 'lpristnor2j@bandcamp.com', 7, 4),
	(193, 1174841125, 'Stepha', 'Brydson', '187-848-2480', 'sbrydson2k@diigo.com', 4, 4),
	(194, 1644130262, 'Cheston', 'Garard', '372-505-1958', 'cgarard2l@amazonaws.com', 2, 4),
	(195, 1343867619, 'Blake', 'Michelotti', '519-140-1114', 'bmichelotti2m@bizjournals.com', 8, 4),
	(196, 1754018409, 'Marylee', 'Benedyktowicz', '618-536-2774', 'mbenedyktowicz2n@163.com', 8, 4),
	(197, 1801950172, 'Jerrilyn', 'Fetter', '997-144-6327', 'jfetter2o@shutterfly.com', 3, 4),
	(198, 1490744262, 'Hettie', 'Cosely', '602-482-9569', 'hcosely2p@cnbc.com', 3, 4),
	(199, 1893540579, 'Willette', 'Glusby', '748-405-1913', 'wglusby2q@vk.com', 1, 4),
	(200, 1329927917, 'Julian', 'Finci', '793-942-0882', 'jfinci2r@home.pl', 9, 4);
/*!40000 ALTER TABLE `students` ENABLE KEYS */;

-- Volcando estructura para tabla p2_asistencia_actividades.student_notes
CREATE TABLE IF NOT EXISTS `student_notes` (
  `id` int(11) unsigned NOT NULL AUTO_INCREMENT,
  `partial_activity_id` int(11) unsigned NOT NULL,
  `student_id` int(11) unsigned NOT NULL,
  `note` decimal(5,2) unsigned NOT NULL,
  `commentary` varchar(255) DEFAULT NULL,
  PRIMARY KEY (`id`),
  KEY `student_notes_partials_activities_fk` (`partial_activity_id`),
  KEY `student_notes_student_fk` (`student_id`),
  CONSTRAINT `student_notes_partials_activities_fk` FOREIGN KEY (`partial_activity_id`) REFERENCES `partials_activities` (`id`) ON DELETE CASCADE ON UPDATE CASCADE,
  CONSTRAINT `student_notes_student_fk` FOREIGN KEY (`student_id`) REFERENCES `students` (`id`) ON DELETE CASCADE ON UPDATE CASCADE
) ENGINE=InnoDB AUTO_INCREMENT=2002 DEFAULT CHARSET=utf8;

-- Volcando datos para la tabla p2_asistencia_actividades.student_notes: ~2.000 rows (aproximadamente)
/*!40000 ALTER TABLE `student_notes` DISABLE KEYS */;
INSERT INTO `student_notes` (`id`, `partial_activity_id`, `student_id`, `note`, `commentary`) VALUES
	(1, 122, 38, 3.82, 'sem fusce consequat'),
	(2, 192, 60, 4.76, 'velit eu est'),
	(3, 101, 61, 3.36, 'morbi quis'),
	(4, 186, 76, 4.33, 'nulla sed accumsan'),
	(5, 192, 3, 4.03, 'venenatis lacinia aenean'),
	(6, 138, 3, 4.20, 'dui luctus'),
	(7, 122, 37, 4.04, 'cursus vestibulum proin'),
	(8, 107, 8, 4.76, 'non velit'),
	(9, 111, 87, 4.31, 'velit donec'),
	(10, 168, 35, 3.13, 'non interdum'),
	(11, 106, 59, 4.30, 'sem sed'),
	(12, 156, 37, 3.79, 'ipsum dolor'),
	(13, 189, 82, 4.64, 'vehicula condimentum curabitur'),
	(14, 156, 85, 4.57, 'quam a odio'),
	(15, 104, 21, 4.39, 'nulla ut'),
	(16, 158, 86, 4.89, 'nec sem'),
	(17, 125, 86, 3.90, 'odio porttitor id'),
	(18, 109, 72, 3.44, 'velit eu'),
	(19, 181, 16, 4.59, 'et ultrices'),
	(20, 182, 46, 4.36, 'orci pede'),
	(21, 159, 20, 4.45, 'dolor quis'),
	(22, 115, 54, 3.45, 'lacus at turpis'),
	(23, 170, 44, 3.93, 'accumsan tellus nisi'),
	(24, 184, 82, 3.56, 'dui nec'),
	(25, 131, 9, 4.33, 'interdum in'),
	(26, 172, 27, 3.88, 'nisl nunc nisl'),
	(27, 163, 52, 4.15, 'tristique tortor eu'),
	(28, 125, 99, 4.86, 'integer pede justo'),
	(29, 117, 32, 3.37, 'sit amet'),
	(30, 108, 48, 4.54, 'sodales sed'),
	(31, 152, 12, 4.61, 'consequat ut nulla'),
	(32, 107, 84, 4.46, 'ridiculus mus'),
	(33, 108, 44, 3.67, 'lacinia sapien'),
	(34, 163, 62, 4.92, 'sapien cursus'),
	(35, 135, 14, 3.40, 'quam fringilla'),
	(36, 171, 86, 3.01, 'elementum eu interdum'),
	(37, 181, 90, 3.27, 'nibh in'),
	(38, 106, 88, 3.81, 'sapien iaculis'),
	(39, 116, 29, 3.86, 'donec vitae'),
	(40, 172, 1, 3.07, 'a suscipit'),
	(41, 140, 80, 3.58, 'dapibus dolor vel'),
	(42, 139, 86, 4.87, 'orci luctus'),
	(43, 120, 58, 3.64, 'justo sit'),
	(44, 137, 56, 4.62, 'lectus pellentesque at'),
	(45, 150, 97, 3.43, 'metus vitae ipsum'),
	(46, 135, 18, 4.15, 'nulla mollis molestie'),
	(47, 103, 56, 3.78, 'nunc proin at'),
	(48, 175, 47, 4.01, 'euismod scelerisque'),
	(49, 147, 56, 4.51, 'mi sit'),
	(50, 186, 4, 4.32, 'donec vitae'),
	(51, 122, 84, 4.78, 'proin leo odio'),
	(52, 180, 3, 3.04, 'commodo placerat praesent'),
	(53, 128, 28, 4.11, 'varius integer ac'),
	(54, 186, 67, 4.44, 'tincidunt ante'),
	(55, 112, 17, 4.53, 'metus aenean fermentum'),
	(56, 104, 41, 3.45, 'dictumst maecenas'),
	(57, 160, 81, 4.47, 'amet consectetuer adipiscing'),
	(58, 199, 67, 3.34, 'in quam fringilla'),
	(59, 176, 61, 4.28, 'pede venenatis non'),
	(60, 119, 86, 3.24, 'cursus vestibulum'),
	(61, 173, 92, 4.64, 'varius ut'),
	(62, 114, 37, 4.55, 'sem fusce'),
	(63, 120, 48, 4.38, 'fringilla rhoncus'),
	(64, 106, 15, 4.31, 'sit amet'),
	(65, 169, 98, 3.40, 'semper interdum'),
	(66, 176, 100, 4.99, 'ridiculus mus'),
	(67, 153, 6, 4.74, 'sem sed'),
	(68, 108, 50, 4.66, 'ut nunc'),
	(69, 158, 45, 3.93, 'neque aenean'),
	(70, 155, 19, 4.82, 'sit amet'),
	(71, 162, 16, 3.01, 'aliquet massa'),
	(72, 137, 4, 3.67, 'ligula vehicula consequat'),
	(73, 140, 30, 4.83, 'pellentesque ultrices mattis'),
	(74, 197, 13, 4.92, 'quis odio consequat'),
	(75, 119, 73, 4.07, 'lectus suspendisse'),
	(76, 143, 61, 3.42, 'odio curabitur'),
	(77, 168, 91, 3.76, 'etiam faucibus cursus'),
	(78, 142, 19, 3.81, 'quam turpis adipiscing'),
	(79, 172, 38, 4.83, 'nisl venenatis'),
	(80, 195, 24, 4.36, 'curae duis faucibus'),
	(81, 143, 7, 3.94, 'nullam sit amet'),
	(82, 197, 82, 4.92, 'quisque erat eros'),
	(83, 104, 64, 4.57, 'integer non velit'),
	(84, 102, 100, 3.95, 'magna at'),
	(85, 183, 32, 3.95, 'eget congue eget'),
	(86, 118, 81, 4.90, 'donec ut'),
	(87, 171, 13, 3.61, 'aliquam augue quam'),
	(88, 141, 57, 4.67, 'mauris non'),
	(89, 160, 37, 3.44, 'vulputate elementum nullam'),
	(90, 134, 35, 4.36, 'tincidunt in leo'),
	(91, 175, 58, 3.83, 'eget tincidunt'),
	(92, 181, 71, 3.33, 'orci nullam'),
	(93, 132, 88, 3.64, 'nam congue'),
	(94, 102, 24, 3.33, 'primis in faucibus'),
	(95, 118, 15, 4.34, 'maecenas rhoncus'),
	(96, 178, 36, 3.63, 'augue aliquam'),
	(97, 186, 84, 4.50, 'tortor sollicitudin mi'),
	(98, 162, 91, 3.85, 'laoreet ut rhoncus'),
	(99, 171, 26, 3.29, 'morbi odio odio'),
	(100, 108, 65, 3.06, 'et ultrices posuere'),
	(101, 187, 39, 4.03, 'penatibus et'),
	(102, 164, 25, 3.43, 'integer non velit'),
	(103, 121, 9, 3.55, 'porttitor lacus at'),
	(104, 170, 14, 4.97, 'accumsan felis'),
	(105, 164, 5, 4.93, 'eget tempus'),
	(106, 139, 56, 3.03, 'tempus semper'),
	(107, 173, 28, 3.19, 'curabitur in libero'),
	(108, 131, 46, 3.40, 'convallis eget'),
	(109, 148, 15, 4.87, 'tortor sollicitudin'),
	(110, 193, 73, 4.31, 'sit amet'),
	(111, 149, 33, 4.75, 'leo odio'),
	(112, 111, 18, 4.47, 'justo aliquam quis'),
	(113, 183, 77, 3.57, 'at vulputate'),
	(114, 115, 66, 4.68, 'congue risus semper'),
	(115, 156, 47, 4.48, 'lectus pellentesque eget'),
	(116, 161, 94, 4.32, 'lobortis ligula'),
	(117, 109, 81, 4.53, 'sociis natoque'),
	(118, 127, 46, 3.36, 'lacinia aenean sit'),
	(119, 187, 98, 3.93, 'sodales sed tincidunt'),
	(120, 144, 93, 4.81, 'justo nec'),
	(121, 197, 70, 3.87, 'posuere cubilia curae'),
	(122, 186, 15, 3.58, 'volutpat eleifend donec'),
	(123, 122, 31, 3.30, 'sapien placerat'),
	(124, 129, 93, 4.89, 'duis faucibus'),
	(125, 166, 27, 3.06, 'vestibulum ante'),
	(126, 180, 11, 3.03, 'curae mauris'),
	(127, 106, 4, 3.62, 'tempor turpis nec'),
	(128, 194, 38, 4.45, 'neque sapien'),
	(129, 115, 57, 4.08, 'sollicitudin mi'),
	(130, 198, 21, 4.29, 'erat nulla'),
	(131, 127, 65, 4.06, 'vehicula consequat'),
	(132, 144, 74, 3.41, 'est et'),
	(133, 130, 82, 4.91, 'vestibulum velit id'),
	(134, 107, 53, 3.87, 'vitae consectetuer eget'),
	(135, 163, 86, 4.53, 'mauris viverra diam'),
	(136, 110, 2, 4.56, 'vel enim'),
	(137, 146, 9, 4.60, 'amet justo morbi'),
	(138, 180, 96, 3.31, 'ipsum primis in'),
	(139, 197, 2, 4.71, 'non velit'),
	(140, 126, 48, 4.62, 'lectus pellentesque'),
	(141, 189, 21, 3.36, 'sit amet'),
	(142, 198, 2, 4.32, 'in faucibus'),
	(143, 177, 32, 4.30, 'a libero'),
	(144, 149, 83, 3.60, 'dui proin leo'),
	(145, 181, 72, 3.98, 'pretium iaculis'),
	(146, 125, 4, 3.24, 'enim lorem ipsum'),
	(147, 102, 43, 4.00, 'iaculis congue vivamus'),
	(148, 135, 78, 3.25, 'at nulla'),
	(149, 162, 35, 3.80, 'penatibus et magnis'),
	(150, 158, 1, 4.34, 'morbi non quam'),
	(151, 176, 39, 4.16, 'ornare imperdiet'),
	(152, 195, 95, 3.09, 'lorem vitae mattis'),
	(153, 134, 85, 3.72, 'congue eget semper'),
	(154, 153, 68, 3.71, 'orci pede'),
	(155, 196, 13, 3.54, 'quisque arcu'),
	(156, 167, 34, 4.37, 'justo pellentesque'),
	(157, 200, 3, 4.74, 'dolor morbi vel'),
	(158, 109, 39, 3.75, 'pellentesque quisque porta'),
	(159, 111, 18, 3.49, 'orci pede'),
	(160, 176, 90, 3.68, 'aenean auctor gravida'),
	(161, 131, 19, 4.95, 'quis orci eget'),
	(162, 132, 99, 4.82, 'in imperdiet'),
	(163, 107, 12, 4.79, 'vel dapibus'),
	(164, 157, 73, 3.77, 'adipiscing lorem vitae'),
	(165, 172, 63, 4.72, 'nonummy maecenas'),
	(166, 188, 91, 3.45, 'a suscipit'),
	(167, 127, 11, 3.79, 'varius integer'),
	(168, 136, 36, 4.40, 'odio odio elementum'),
	(169, 176, 97, 4.08, 'at vulputate vitae'),
	(170, 166, 70, 3.93, 'est donec odio'),
	(171, 119, 62, 3.50, 'risus auctor sed'),
	(172, 195, 31, 4.82, 'sapien urna'),
	(173, 133, 61, 3.42, 'amet erat nulla'),
	(174, 175, 84, 3.04, 'sed augue aliquam'),
	(175, 194, 53, 3.02, 'porta volutpat quam'),
	(176, 172, 78, 4.59, 'risus semper porta'),
	(177, 134, 84, 4.14, 'primis in faucibus'),
	(178, 123, 89, 3.62, 'odio donec'),
	(179, 132, 83, 3.40, 'mauris vulputate'),
	(180, 119, 93, 4.92, 'sociis natoque'),
	(181, 172, 71, 4.89, 'lobortis sapien'),
	(182, 199, 38, 4.70, 'ligula vehicula'),
	(183, 163, 88, 3.53, 'congue risus'),
	(184, 139, 42, 4.33, 'nisi volutpat eleifend'),
	(185, 156, 38, 3.82, 'arcu libero rutrum'),
	(186, 193, 30, 3.64, 'vestibulum ac est'),
	(187, 103, 4, 4.67, 'a pede'),
	(188, 102, 44, 3.92, 'ligula pellentesque ultrices'),
	(189, 182, 69, 3.69, 'amet sem'),
	(190, 114, 71, 3.12, 'at lorem'),
	(191, 102, 94, 4.47, 'praesent blandit lacinia'),
	(192, 180, 56, 3.92, 'a ipsum integer'),
	(193, 139, 81, 4.33, 'a pede posuere'),
	(194, 172, 47, 3.80, 'vel sem'),
	(195, 154, 27, 4.85, 'odio consequat'),
	(196, 117, 7, 4.33, 'dolor vel'),
	(197, 151, 67, 3.14, 'at feugiat non'),
	(198, 115, 40, 4.87, 'rutrum nulla nunc'),
	(199, 125, 13, 3.70, 'ut tellus'),
	(200, 198, 17, 3.23, 'mi pede malesuada'),
	(201, 155, 57, 3.46, 'magna ac consequat'),
	(202, 190, 97, 4.50, 'odio donec'),
	(203, 171, 78, 4.90, 'a suscipit'),
	(204, 119, 9, 3.00, 'pulvinar sed nisl'),
	(205, 149, 7, 3.35, 'ut tellus'),
	(206, 129, 98, 3.89, 'sed tristique in'),
	(207, 194, 25, 4.64, 'nulla integer'),
	(208, 116, 54, 4.17, 'penatibus et magnis'),
	(209, 123, 70, 4.96, 'pede justo eu'),
	(210, 166, 35, 4.63, 'praesent blandit'),
	(211, 134, 16, 4.35, 'eros viverra'),
	(212, 177, 12, 3.05, 'tortor duis'),
	(213, 145, 45, 4.93, 'fusce consequat'),
	(214, 132, 70, 4.42, 'nullam porttitor lacus'),
	(215, 107, 78, 3.14, 'nisi vulputate'),
	(216, 144, 1, 4.01, 'elementum nullam varius'),
	(217, 107, 29, 3.06, 'velit donec diam'),
	(218, 103, 75, 3.31, 'enim leo'),
	(219, 198, 98, 3.26, 'faucibus orci luctus'),
	(220, 172, 35, 4.84, 'rhoncus aliquet pulvinar'),
	(221, 150, 42, 4.44, 'in tempus'),
	(222, 154, 18, 4.60, 'orci eget orci'),
	(223, 185, 70, 4.02, 'iaculis diam'),
	(224, 139, 97, 3.13, 'sem mauris laoreet'),
	(225, 167, 93, 3.80, 'nunc commodo placerat'),
	(226, 176, 38, 3.60, 'proin leo'),
	(227, 102, 76, 4.93, 'curae nulla dapibus'),
	(228, 182, 63, 3.93, 'ultrices libero'),
	(229, 148, 14, 4.10, 'varius ut blandit'),
	(230, 195, 21, 3.27, 'ultricies eu'),
	(231, 135, 100, 4.34, 'nunc viverra dapibus'),
	(232, 143, 24, 4.82, 'nisl duis bibendum'),
	(233, 137, 19, 4.88, 'sapien arcu'),
	(234, 149, 32, 3.05, 'libero nullam sit'),
	(235, 131, 63, 4.00, 'tristique fusce congue'),
	(236, 163, 74, 3.59, 'in tempus'),
	(237, 193, 42, 3.97, 'integer tincidunt ante'),
	(238, 116, 21, 4.18, 'velit vivamus vel'),
	(239, 146, 76, 3.09, 'in purus'),
	(240, 122, 16, 4.39, 'id pretium'),
	(241, 195, 36, 3.29, 'ultrices erat'),
	(242, 172, 19, 4.86, 'quisque id'),
	(243, 187, 49, 3.31, 'maecenas tincidunt lacus'),
	(244, 144, 25, 4.37, 'hac habitasse platea'),
	(245, 199, 40, 3.31, 'at feugiat non'),
	(246, 127, 4, 4.68, 'eu pede'),
	(247, 172, 13, 3.83, 'duis faucibus'),
	(248, 125, 45, 3.54, 'convallis duis consequat'),
	(249, 177, 32, 3.68, 'curae nulla'),
	(250, 154, 10, 4.56, 'consectetuer eget rutrum'),
	(251, 109, 70, 3.68, 'ipsum primis'),
	(252, 177, 4, 4.88, 'at turpis'),
	(253, 138, 14, 3.27, 'nec condimentum'),
	(254, 132, 23, 4.13, 'nec dui luctus'),
	(255, 184, 89, 3.54, 'tellus semper'),
	(256, 145, 95, 3.98, 'mi sit amet'),
	(257, 192, 100, 4.36, 'morbi odio'),
	(258, 145, 64, 4.79, 'nulla nunc'),
	(259, 195, 46, 3.33, 'magnis dis parturient'),
	(260, 170, 55, 4.76, 'quam nec dui'),
	(261, 128, 100, 3.05, 'eget semper'),
	(262, 144, 7, 3.82, 'mauris non'),
	(263, 169, 71, 4.63, 'non mattis pulvinar'),
	(264, 150, 41, 3.05, 'sit amet sem'),
	(265, 123, 65, 3.83, 'quis tortor'),
	(266, 135, 1, 3.40, 'justo sit amet'),
	(267, 147, 7, 4.08, 'est congue elementum'),
	(268, 107, 65, 4.43, 'habitasse platea dictumst'),
	(269, 146, 37, 3.88, 'vel augue'),
	(270, 181, 4, 4.43, 'dapibus duis at'),
	(271, 197, 13, 3.37, 'duis faucibus accumsan'),
	(272, 164, 81, 3.97, 'maecenas ut'),
	(273, 107, 67, 4.03, 'sit amet'),
	(274, 148, 49, 4.23, 'vestibulum ac est'),
	(275, 151, 10, 4.22, 'duis at velit'),
	(276, 113, 93, 3.23, 'eu pede'),
	(277, 166, 18, 4.05, 'tempus vivamus in'),
	(278, 113, 6, 4.51, 'ante ipsum'),
	(279, 111, 61, 4.01, 'convallis morbi'),
	(280, 163, 49, 3.14, 'id sapien'),
	(281, 153, 13, 3.05, 'curabitur gravida nisi'),
	(282, 187, 9, 3.47, 'adipiscing elit proin'),
	(283, 113, 64, 4.53, 'nunc proin'),
	(284, 129, 52, 3.13, 'nibh in'),
	(285, 151, 9, 4.43, 'accumsan felis'),
	(286, 188, 26, 3.06, 'sapien a'),
	(287, 190, 57, 4.84, 'ut dolor morbi'),
	(288, 167, 41, 3.56, 'ac consequat metus'),
	(289, 167, 57, 3.49, 'ipsum primis in'),
	(290, 132, 54, 4.04, 'mollis molestie'),
	(291, 160, 75, 3.92, 'in ante'),
	(292, 164, 64, 4.67, 'adipiscing elit'),
	(293, 135, 66, 3.08, 'consequat morbi a'),
	(294, 131, 91, 4.19, 'tincidunt lacus at'),
	(295, 168, 26, 4.54, 'bibendum morbi non'),
	(296, 152, 29, 3.30, 'aliquam non'),
	(297, 154, 94, 4.84, 'bibendum morbi'),
	(298, 145, 14, 4.32, 'lobortis sapien'),
	(299, 110, 77, 3.46, 'sed sagittis nam'),
	(300, 193, 67, 3.89, 'aliquet pulvinar'),
	(301, 123, 68, 3.73, 'justo maecenas'),
	(302, 165, 92, 4.29, 'vel ipsum'),
	(303, 163, 46, 3.08, 'nullam orci'),
	(304, 175, 57, 3.74, 'habitasse platea'),
	(305, 123, 64, 4.78, 'massa id lobortis'),
	(306, 172, 77, 3.06, 'lacus purus aliquet'),
	(307, 129, 74, 3.77, 'tortor eu pede'),
	(308, 140, 39, 4.16, 'porttitor lorem id'),
	(309, 192, 63, 3.41, 'proin eu'),
	(310, 190, 52, 3.18, 'blandit lacinia erat'),
	(311, 144, 90, 4.46, 'dis parturient montes'),
	(312, 170, 58, 3.78, 'nisl nunc nisl'),
	(313, 190, 84, 4.54, 'turpis adipiscing lorem'),
	(314, 145, 13, 4.35, 'justo in'),
	(315, 117, 73, 3.59, 'erat volutpat in'),
	(316, 192, 8, 4.49, 'vestibulum ante ipsum'),
	(317, 127, 70, 4.73, 'rhoncus aliquam'),
	(318, 146, 92, 4.94, 'dui nec nisi'),
	(319, 200, 76, 3.47, 'nisi eu orci'),
	(320, 185, 23, 4.05, 'ac enim'),
	(321, 181, 95, 4.18, 'platea dictumst'),
	(322, 178, 21, 4.57, 'non mi integer'),
	(323, 139, 29, 3.77, 'sapien arcu sed'),
	(324, 165, 84, 4.58, 'in quam fringilla'),
	(325, 153, 87, 3.05, 'quis odio consequat'),
	(326, 187, 35, 3.37, 'morbi vestibulum velit'),
	(327, 179, 73, 3.49, 'augue aliquam'),
	(328, 130, 25, 3.62, 'nulla suspendisse'),
	(329, 154, 97, 4.06, 'nisl ut'),
	(330, 133, 69, 4.62, 'vestibulum sed magna'),
	(331, 104, 97, 4.37, 'erat id'),
	(332, 153, 32, 3.03, 'pellentesque eget nunc'),
	(333, 171, 83, 3.01, 'vestibulum vestibulum'),
	(334, 134, 82, 4.10, 'cubilia curae nulla'),
	(335, 174, 25, 4.95, 'platea dictumst maecenas'),
	(336, 124, 38, 5.00, 'lectus vestibulum'),
	(337, 135, 39, 4.32, 'viverra pede'),
	(338, 112, 53, 3.25, 'a pede'),
	(339, 194, 46, 3.28, 'ac consequat'),
	(340, 152, 13, 3.32, 'varius integer ac'),
	(341, 138, 43, 3.50, 'in imperdiet'),
	(342, 115, 35, 3.03, 'augue luctus'),
	(343, 169, 68, 3.11, 'nisi volutpat'),
	(344, 125, 60, 4.90, 'posuere cubilia curae'),
	(345, 112, 10, 3.32, 'accumsan tortor'),
	(346, 117, 66, 4.19, 'integer aliquet'),
	(347, 196, 67, 4.67, 'et ultrices posuere'),
	(348, 140, 26, 4.47, 'suspendisse potenti nullam'),
	(349, 148, 5, 3.26, 'enim blandit mi'),
	(350, 191, 78, 3.53, 'lacus curabitur at'),
	(351, 109, 94, 4.91, 'ullamcorper augue'),
	(352, 138, 14, 4.93, 'mi nulla ac'),
	(353, 169, 31, 3.81, 'eleifend luctus ultricies'),
	(354, 187, 83, 4.36, 'ullamcorper purus'),
	(355, 163, 19, 3.24, 'tortor quis'),
	(356, 115, 96, 3.26, 'in libero'),
	(357, 156, 63, 4.54, 'non mattis pulvinar'),
	(358, 170, 91, 4.25, 'dolor morbi vel'),
	(359, 136, 27, 3.17, 'cubilia curae'),
	(360, 183, 87, 3.90, 'curae mauris viverra'),
	(361, 119, 58, 3.30, 'tellus in sagittis'),
	(362, 158, 61, 3.93, 'magna vulputate'),
	(363, 182, 82, 4.40, 'suspendisse potenti in'),
	(364, 104, 87, 4.37, 'ullamcorper augue'),
	(365, 137, 55, 3.17, 'molestie nibh'),
	(366, 143, 33, 3.84, 'hac habitasse'),
	(367, 194, 19, 4.14, 'eleifend donec'),
	(368, 184, 35, 4.86, 'consectetuer eget'),
	(369, 149, 64, 4.89, 'natoque penatibus et'),
	(370, 124, 36, 4.96, 'orci eget orci'),
	(371, 122, 74, 4.15, 'duis consequat'),
	(372, 113, 94, 4.87, 'sed interdum venenatis'),
	(373, 110, 100, 4.86, 'imperdiet nullam'),
	(374, 121, 19, 3.55, 'morbi non lectus'),
	(375, 172, 33, 3.90, 'pede venenatis'),
	(376, 132, 33, 3.14, 'odio condimentum id'),
	(377, 103, 20, 4.91, 'ut massa'),
	(378, 190, 63, 3.95, 'nisl nunc'),
	(379, 137, 82, 4.25, 'tortor duis mattis'),
	(380, 157, 58, 3.97, 'semper est'),
	(381, 107, 31, 4.13, 'cum sociis natoque'),
	(382, 125, 79, 3.07, 'viverra pede ac'),
	(383, 181, 16, 3.35, 'amet justo morbi'),
	(384, 143, 75, 3.94, 'nulla nisl nunc'),
	(385, 174, 94, 3.00, 'tortor eu pede'),
	(386, 175, 92, 3.49, 'ligula suspendisse'),
	(387, 199, 47, 4.94, 'ante ipsum'),
	(388, 107, 98, 4.98, 'lectus suspendisse potenti'),
	(389, 111, 25, 4.20, 'varius ut'),
	(390, 112, 27, 3.76, 'sed vel enim'),
	(391, 103, 21, 4.88, 'consectetuer adipiscing elit'),
	(392, 103, 94, 3.43, 'nunc purus'),
	(393, 105, 40, 4.41, 'lectus aliquam'),
	(394, 140, 71, 3.12, 'etiam vel'),
	(395, 196, 88, 4.40, 'non pretium quis'),
	(396, 105, 69, 3.03, 'eleifend pede'),
	(397, 105, 93, 4.33, 'id mauris vulputate'),
	(398, 164, 40, 3.19, 'dis parturient'),
	(399, 184, 75, 4.97, 'justo in'),
	(400, 164, 100, 4.64, 'blandit non'),
	(401, 124, 68, 4.91, 'imperdiet sapien'),
	(402, 166, 31, 4.63, 'elit sodales scelerisque'),
	(403, 174, 56, 4.93, 'porttitor id consequat'),
	(404, 116, 3, 3.67, 'risus dapibus augue'),
	(405, 103, 83, 3.25, 'aliquam lacus morbi'),
	(406, 199, 21, 3.79, 'est et'),
	(407, 184, 33, 4.12, 'sapien dignissim'),
	(408, 116, 74, 4.06, 'et ultrices'),
	(409, 122, 26, 4.45, 'sed vestibulum'),
	(410, 120, 98, 4.41, 'tincidunt lacus at'),
	(411, 195, 85, 3.14, 'et tempus semper'),
	(412, 194, 58, 3.55, 'molestie lorem'),
	(413, 135, 40, 4.25, 'maecenas tristique'),
	(414, 112, 60, 3.27, 'aliquam non mauris'),
	(415, 184, 3, 3.42, 'ipsum integer a'),
	(416, 156, 44, 3.89, 'condimentum curabitur in'),
	(417, 136, 71, 3.54, 'pede lobortis'),
	(418, 132, 51, 3.70, 'mattis egestas metus'),
	(419, 108, 94, 4.39, 'in est risus'),
	(420, 116, 8, 4.38, 'morbi quis'),
	(421, 132, 69, 3.83, 'libero non'),
	(422, 148, 84, 3.03, 'integer tincidunt'),
	(423, 168, 1, 4.66, 'ipsum primis in'),
	(424, 177, 20, 4.25, 'vestibulum vestibulum'),
	(425, 197, 93, 4.10, 'quisque porta volutpat'),
	(426, 164, 63, 4.07, 'lacus at velit'),
	(427, 134, 71, 4.27, 'ullamcorper augue a'),
	(428, 156, 41, 3.19, 'integer tincidunt'),
	(429, 126, 55, 4.06, 'proin at turpis'),
	(430, 127, 24, 3.15, 'tortor id'),
	(431, 115, 36, 4.61, 'feugiat et eros'),
	(432, 124, 35, 3.90, 'sapien placerat ante'),
	(433, 187, 15, 4.49, 'varius nulla facilisi'),
	(434, 130, 86, 3.91, 'tincidunt eget tempus'),
	(435, 185, 16, 4.72, 'facilisi cras'),
	(436, 194, 27, 4.89, 'semper porta'),
	(437, 109, 69, 3.86, 'gravida nisi at'),
	(438, 178, 14, 4.03, 'tellus semper interdum'),
	(439, 144, 56, 4.44, 'integer aliquet'),
	(440, 118, 55, 4.37, 'volutpat dui maecenas'),
	(441, 122, 86, 4.14, 'vivamus vel nulla'),
	(442, 133, 12, 4.14, 'lobortis ligula'),
	(443, 120, 3, 4.29, 'porta volutpat'),
	(444, 118, 34, 4.86, 'nibh in'),
	(445, 184, 20, 3.31, 'sem mauris laoreet'),
	(446, 109, 60, 4.54, 'nisi venenatis tristique'),
	(447, 134, 57, 3.86, 'volutpat dui maecenas'),
	(448, 189, 38, 3.98, 'eros elementum'),
	(449, 169, 60, 3.40, 'luctus et ultrices'),
	(450, 131, 61, 3.40, 'in blandit'),
	(451, 154, 91, 3.22, 'ipsum primis in'),
	(452, 157, 90, 3.26, 'a ipsum'),
	(453, 161, 45, 3.98, 'curae mauris viverra'),
	(454, 101, 41, 4.59, 'parturient montes'),
	(455, 161, 20, 3.21, 'sed tristique'),
	(456, 108, 12, 4.93, 'lorem integer'),
	(457, 102, 84, 4.84, 'donec ut mauris'),
	(458, 190, 50, 3.53, 'pulvinar lobortis'),
	(459, 188, 37, 3.84, 'viverra diam'),
	(460, 162, 92, 4.48, 'tristique tortor eu'),
	(461, 144, 53, 3.50, 'imperdiet nullam'),
	(462, 103, 70, 3.19, 'dui proin leo'),
	(463, 158, 9, 3.32, 'etiam justo'),
	(464, 177, 93, 3.11, 'augue vestibulum'),
	(465, 190, 92, 3.13, 'quam suspendisse'),
	(466, 159, 39, 4.00, 'rutrum nulla'),
	(467, 115, 37, 4.27, 'in tempor'),
	(468, 172, 12, 4.95, 'at turpis donec'),
	(469, 184, 66, 3.17, 'ultrices mattis'),
	(470, 146, 70, 3.12, 'sit amet eros'),
	(471, 141, 81, 3.78, 'in hac'),
	(472, 195, 43, 3.39, 'sociis natoque penatibus'),
	(473, 162, 26, 3.69, 'aliquam sit amet'),
	(474, 180, 45, 4.49, 'nulla quisque arcu'),
	(475, 164, 39, 3.45, 'id massa id'),
	(476, 157, 51, 4.91, 'sapien placerat'),
	(477, 168, 97, 3.22, 'ac diam'),
	(478, 135, 83, 4.95, 'odio consequat'),
	(479, 149, 79, 3.33, 'nulla mollis'),
	(480, 104, 14, 3.79, 'cras mi'),
	(481, 186, 39, 3.80, 'eget eleifend'),
	(482, 162, 66, 3.52, 'suspendisse potenti nullam'),
	(483, 183, 83, 4.88, 'consequat dui nec'),
	(484, 106, 4, 4.27, 'quis libero'),
	(485, 124, 37, 3.87, 'in felis'),
	(486, 123, 37, 4.40, 'vestibulum ante'),
	(487, 149, 2, 3.89, 'ac nulla'),
	(488, 143, 18, 4.00, 'venenatis non'),
	(489, 162, 69, 4.29, 'curae nulla'),
	(490, 146, 99, 4.66, 'amet diam'),
	(491, 157, 73, 3.94, 'in consequat ut'),
	(492, 121, 25, 3.71, 'laoreet ut'),
	(493, 157, 37, 4.54, 'natoque penatibus et'),
	(494, 125, 65, 3.26, 'posuere cubilia'),
	(495, 115, 41, 3.40, 'congue risus semper'),
	(496, 145, 98, 4.89, 'nibh ligula nec'),
	(497, 146, 89, 4.51, 'nec nisi volutpat'),
	(498, 107, 69, 3.64, 'gravida nisi'),
	(499, 179, 91, 4.62, 'sociis natoque'),
	(500, 155, 45, 3.36, 'pellentesque ultrices phasellus'),
	(501, 199, 5, 3.82, 'at nunc commodo'),
	(502, 117, 75, 3.28, 'molestie sed'),
	(503, 163, 8, 3.30, 'lacinia erat vestibulum'),
	(504, 120, 92, 4.50, 'at feugiat'),
	(505, 110, 65, 4.73, 'ridiculus mus vivamus'),
	(506, 109, 62, 3.10, 'eu magna'),
	(507, 197, 6, 4.93, 'massa volutpat'),
	(508, 158, 44, 3.92, 'nulla nisl'),
	(509, 153, 57, 3.09, 'curabitur gravida'),
	(510, 124, 92, 3.48, 'ipsum primis'),
	(511, 191, 7, 3.27, 'sed justo pellentesque'),
	(512, 119, 34, 4.55, 'phasellus in felis'),
	(513, 164, 13, 3.50, 'neque duis'),
	(514, 183, 86, 3.45, 'ligula in lacus'),
	(515, 124, 36, 3.54, 'sapien ut nunc'),
	(516, 185, 95, 4.88, 'nibh in'),
	(517, 196, 76, 4.27, 'id mauris'),
	(518, 161, 23, 3.16, 'accumsan odio curabitur'),
	(519, 163, 72, 4.17, 'dis parturient montes'),
	(520, 196, 23, 3.32, 'quis turpis sed'),
	(521, 133, 58, 3.37, 'nunc commodo placerat'),
	(522, 153, 38, 3.81, 'sit amet cursus'),
	(523, 140, 28, 3.50, 'mattis nibh ligula'),
	(524, 177, 62, 4.93, 'nisl venenatis lacinia'),
	(525, 110, 18, 4.62, 'ut odio'),
	(526, 113, 89, 3.05, 'at ipsum ac'),
	(527, 183, 72, 3.35, 'eget vulputate'),
	(528, 194, 89, 3.53, 'non pretium quis'),
	(529, 188, 91, 3.60, 'potenti nullam'),
	(530, 151, 59, 3.46, 'ante ipsum primis'),
	(531, 146, 87, 4.94, 'nam nulla'),
	(532, 148, 88, 4.47, 'condimentum neque'),
	(533, 190, 36, 4.99, 'cubilia curae donec'),
	(534, 119, 5, 3.17, 'hac habitasse platea'),
	(535, 113, 67, 4.89, 'posuere nonummy integer'),
	(536, 183, 63, 4.56, 'ligula pellentesque ultrices'),
	(537, 158, 65, 3.75, 'mattis pulvinar nulla'),
	(538, 101, 4, 3.06, 'id justo sit'),
	(539, 195, 57, 4.96, 'semper porta'),
	(540, 103, 28, 3.86, 'condimentum id luctus'),
	(541, 166, 70, 4.94, 'sem sed sagittis'),
	(542, 114, 97, 4.62, 'fusce lacus purus'),
	(543, 113, 27, 3.30, 'non velit'),
	(544, 143, 68, 3.77, 'luctus ultricies'),
	(545, 168, 69, 4.23, 'neque duis bibendum'),
	(546, 165, 47, 4.92, 'in quis'),
	(547, 131, 65, 3.91, 'non quam nec'),
	(548, 164, 35, 4.54, 'condimentum neque sapien'),
	(549, 137, 9, 3.17, 'pretium iaculis'),
	(550, 188, 7, 3.58, 'maecenas pulvinar lobortis'),
	(551, 161, 33, 3.79, 'dictumst aliquam augue'),
	(552, 113, 15, 3.33, 'ultrices posuere cubilia'),
	(553, 174, 59, 3.57, 'diam in magna'),
	(554, 162, 66, 4.25, 'et ultrices'),
	(555, 139, 49, 3.01, 'massa id lobortis'),
	(556, 176, 56, 4.74, 'ac leo pellentesque'),
	(557, 119, 42, 4.47, 'enim leo rhoncus'),
	(558, 195, 50, 4.19, 'nisl ut'),
	(559, 183, 88, 4.24, 'mi pede malesuada'),
	(560, 199, 93, 3.86, 'sed sagittis'),
	(561, 119, 20, 4.54, 'luctus cum sociis'),
	(562, 120, 90, 3.69, 'sapien ut nunc'),
	(563, 185, 96, 3.22, 'orci luctus'),
	(564, 200, 45, 4.00, 'justo etiam'),
	(565, 152, 12, 4.53, 'a libero'),
	(566, 115, 24, 4.71, 'vulputate ut ultrices'),
	(567, 103, 27, 3.13, 'quis lectus'),
	(568, 162, 29, 4.90, 'dictumst maecenas'),
	(569, 136, 32, 4.30, 'sed vel enim'),
	(570, 141, 67, 4.13, 'sapien cum'),
	(571, 193, 42, 3.10, 'sit amet'),
	(572, 187, 80, 3.93, 'vivamus tortor duis'),
	(573, 135, 53, 4.98, 'ipsum praesent'),
	(574, 186, 57, 3.35, 'eget tincidunt'),
	(575, 142, 98, 4.26, 'vel nisl duis'),
	(576, 159, 14, 4.82, 'aliquam non'),
	(577, 176, 76, 3.85, 'viverra eget'),
	(578, 128, 49, 4.04, 'a odio'),
	(579, 125, 82, 4.21, 'maecenas leo'),
	(580, 197, 70, 3.58, 'accumsan tortor quis'),
	(581, 180, 12, 4.12, 'maecenas tristique'),
	(582, 149, 1, 3.60, 'lobortis ligula sit'),
	(583, 103, 94, 4.68, 'leo pellentesque'),
	(584, 160, 26, 4.71, 'venenatis non sodales'),
	(585, 165, 8, 4.05, 'vel nisl duis'),
	(586, 166, 6, 4.51, 'aliquam non'),
	(587, 183, 36, 3.57, 'platea dictumst'),
	(588, 134, 82, 4.34, 'magnis dis parturient'),
	(589, 102, 81, 3.97, 'id nisl'),
	(590, 182, 64, 3.34, 'nulla nunc'),
	(591, 142, 68, 4.60, 'augue aliquam erat'),
	(592, 139, 33, 3.40, 'quis odio consequat'),
	(593, 146, 16, 4.17, 'eu tincidunt'),
	(594, 159, 26, 4.66, 'in felis'),
	(595, 132, 64, 4.14, 'rutrum nulla'),
	(596, 167, 71, 3.32, 'odio condimentum id'),
	(597, 110, 36, 3.94, 'augue vestibulum rutrum'),
	(598, 183, 49, 3.42, 'congue etiam'),
	(599, 198, 77, 4.30, 'pellentesque at nulla'),
	(600, 140, 11, 4.41, 'justo lacinia eget'),
	(601, 179, 24, 4.02, 'nullam molestie'),
	(602, 182, 58, 4.41, 'quam suspendisse potenti'),
	(603, 170, 31, 4.26, 'arcu adipiscing'),
	(604, 169, 71, 4.78, 'neque aenean auctor'),
	(605, 105, 21, 4.18, 'augue vestibulum'),
	(606, 159, 11, 3.06, 'nunc purus'),
	(607, 191, 9, 3.53, 'maecenas ut massa'),
	(608, 135, 26, 4.67, 'ante ipsum primis'),
	(609, 118, 92, 4.72, 'sed tincidunt eu'),
	(610, 120, 15, 4.66, 'sed accumsan'),
	(611, 105, 95, 3.31, 'sapien varius'),
	(612, 125, 19, 5.00, 'lobortis ligula sit'),
	(613, 123, 41, 3.58, 'velit vivamus vel'),
	(614, 182, 74, 4.60, 'malesuada in imperdiet'),
	(615, 193, 12, 4.79, 'platea dictumst etiam'),
	(616, 112, 65, 3.01, 'faucibus orci luctus'),
	(617, 197, 46, 4.58, 'vitae mattis'),
	(618, 145, 31, 3.40, 'curae nulla'),
	(619, 105, 64, 3.15, 'donec semper sapien'),
	(620, 160, 14, 3.96, 'justo sollicitudin ut'),
	(621, 107, 23, 4.67, 'tortor risus'),
	(622, 164, 8, 4.41, 'ac diam cras'),
	(623, 118, 66, 3.88, 'in hac habitasse'),
	(624, 106, 89, 4.67, 'aliquam non'),
	(625, 150, 17, 3.77, 'vivamus vel nulla'),
	(626, 173, 15, 3.30, 'faucibus orci luctus'),
	(627, 157, 63, 3.59, 'mus vivamus vestibulum'),
	(628, 158, 37, 3.19, 'odio curabitur'),
	(629, 196, 69, 3.21, 'consectetuer adipiscing elit'),
	(630, 183, 56, 3.78, 'nulla eget'),
	(631, 156, 43, 4.43, 'nascetur ridiculus'),
	(632, 120, 97, 3.16, 'eleifend pede libero'),
	(633, 151, 83, 4.17, 'magna vulputate'),
	(634, 163, 5, 3.50, 'lacus purus aliquet'),
	(635, 166, 99, 4.48, 'integer aliquet massa'),
	(636, 194, 90, 3.46, 'vestibulum sed'),
	(637, 159, 59, 3.55, 'lacinia eget tincidunt'),
	(638, 107, 7, 4.94, 'at velit'),
	(639, 148, 89, 4.60, 'et magnis'),
	(640, 125, 55, 4.62, 'quis lectus suspendisse'),
	(641, 113, 34, 3.87, 'suspendisse potenti'),
	(642, 119, 2, 3.17, 'sapien ut nunc'),
	(643, 147, 97, 3.14, 'pellentesque viverra'),
	(644, 187, 91, 4.95, 'risus auctor sed'),
	(645, 113, 45, 3.93, 'sapien urna pretium'),
	(646, 152, 77, 3.31, 'elit ac nulla'),
	(647, 104, 23, 3.93, 'convallis nulla neque'),
	(648, 129, 72, 3.74, 'aenean sit'),
	(649, 149, 39, 4.41, 'mauris enim leo'),
	(650, 163, 38, 4.95, 'eu nibh quisque'),
	(651, 146, 71, 4.86, 'ligula suspendisse'),
	(652, 110, 37, 4.62, 'nullam orci'),
	(653, 103, 45, 3.28, 'tellus nulla ut'),
	(654, 136, 60, 3.25, 'accumsan odio curabitur'),
	(655, 181, 55, 3.50, 'amet eleifend pede'),
	(656, 121, 83, 3.13, 'integer a nibh'),
	(657, 127, 68, 4.06, 'sit amet sapien'),
	(658, 130, 13, 4.96, 'id ornare'),
	(659, 120, 38, 3.86, 'in tempus'),
	(660, 137, 92, 3.94, 'justo eu massa'),
	(661, 124, 36, 3.26, 'mi in'),
	(662, 143, 77, 4.16, 'non mauris morbi'),
	(663, 164, 45, 3.55, 'est lacinia nisi'),
	(664, 105, 23, 3.57, 'natoque penatibus et'),
	(665, 144, 94, 3.23, 'sapien cum sociis'),
	(666, 158, 14, 3.21, 'odio consequat varius'),
	(667, 109, 15, 3.01, 'eleifend pede libero'),
	(668, 177, 10, 3.43, 'consectetuer adipiscing elit'),
	(669, 155, 86, 3.58, 'cum sociis natoque'),
	(670, 142, 55, 4.02, 'maecenas rhoncus'),
	(671, 178, 96, 4.16, 'habitasse platea'),
	(672, 191, 21, 3.16, 'rhoncus dui vel'),
	(673, 199, 23, 4.13, 'fermentum donec'),
	(674, 184, 45, 4.59, 'praesent id'),
	(675, 150, 16, 3.66, 'posuere cubilia'),
	(676, 171, 35, 3.16, 'ultrices erat tortor'),
	(677, 172, 32, 3.41, 'erat eros'),
	(678, 155, 51, 4.77, 'blandit non'),
	(679, 199, 53, 4.50, 'quam sapien varius'),
	(680, 109, 17, 4.55, 'curabitur at'),
	(681, 160, 2, 3.76, 'duis consequat dui'),
	(682, 174, 63, 4.88, 'velit eu'),
	(683, 107, 58, 4.81, 'congue risus semper'),
	(684, 151, 1, 3.85, 'interdum mauris'),
	(685, 181, 14, 3.73, 'dui luctus rutrum'),
	(686, 183, 67, 3.60, 'fusce consequat'),
	(687, 197, 31, 3.18, 'luctus et ultrices'),
	(688, 154, 83, 3.59, 'vestibulum ac'),
	(689, 134, 22, 4.41, 'at velit vivamus'),
	(690, 177, 30, 4.57, 'quisque erat'),
	(691, 172, 26, 3.35, 'ultrices posuere'),
	(692, 136, 64, 4.05, 'sed magna at'),
	(693, 172, 99, 3.74, 'id nisl venenatis'),
	(694, 119, 89, 3.23, 'iaculis justo'),
	(695, 120, 98, 4.69, 'est et tempus'),
	(696, 145, 55, 3.85, 'et tempus semper'),
	(697, 126, 44, 3.75, 'dolor sit'),
	(698, 191, 88, 4.08, 'duis ac nibh'),
	(699, 114, 50, 4.23, 'eu massa'),
	(700, 115, 100, 3.26, 'venenatis non'),
	(701, 197, 75, 4.24, 'justo lacinia'),
	(702, 105, 33, 3.17, 'duis bibendum'),
	(703, 166, 44, 4.69, 'vulputate elementum'),
	(704, 149, 14, 3.69, 'donec vitae'),
	(705, 152, 47, 4.82, 'nulla quisque arcu'),
	(706, 113, 76, 4.57, 'nulla ut'),
	(707, 164, 36, 4.48, 'magnis dis'),
	(708, 172, 92, 4.10, 'ac est'),
	(709, 113, 6, 3.75, 'eget massa tempor'),
	(710, 190, 67, 4.76, 'maecenas rhoncus'),
	(711, 182, 98, 4.20, 'eros vestibulum ac'),
	(712, 141, 40, 4.78, 'eget eleifend luctus'),
	(713, 113, 77, 3.06, 'curae duis'),
	(714, 187, 61, 3.85, 'vitae ipsum aliquam'),
	(715, 123, 52, 4.02, 'justo morbi ut'),
	(716, 133, 49, 3.96, 'mi sit amet'),
	(717, 131, 51, 3.74, 'ac est'),
	(718, 178, 26, 4.60, 'erat tortor'),
	(719, 189, 52, 3.26, 'sed tincidunt eu'),
	(720, 154, 69, 3.97, 'ac diam'),
	(721, 131, 14, 3.02, 'magna ac consequat'),
	(722, 178, 18, 4.71, 'posuere metus vitae'),
	(723, 106, 49, 4.86, 'non mi'),
	(724, 117, 72, 4.60, 'vel ipsum'),
	(725, 184, 53, 4.49, 'lacinia sapien'),
	(726, 117, 45, 3.20, 'eget massa'),
	(727, 117, 84, 4.60, 'nam dui proin'),
	(728, 148, 41, 3.93, 'gravida sem'),
	(729, 168, 70, 4.26, 'quam turpis'),
	(730, 124, 58, 3.50, 'augue a'),
	(731, 162, 47, 3.10, 'dolor vel est'),
	(732, 170, 61, 3.16, 'in imperdiet'),
	(733, 192, 42, 3.19, 'sem sed sagittis'),
	(734, 131, 93, 4.05, 'interdum mauris ullamcorper'),
	(735, 142, 29, 3.28, 'et magnis dis'),
	(736, 143, 87, 4.23, 'eu sapien'),
	(737, 196, 88, 3.65, 'ligula vehicula consequat'),
	(738, 185, 92, 3.94, 'odio consequat'),
	(739, 109, 79, 3.61, 'enim leo rhoncus'),
	(740, 126, 70, 3.29, 'amet cursus'),
	(741, 136, 38, 4.84, 'volutpat erat'),
	(742, 190, 74, 4.22, 'pede libero'),
	(743, 154, 82, 4.18, 'pede malesuada in'),
	(744, 193, 62, 3.39, 'lobortis est'),
	(745, 163, 73, 4.58, 'posuere cubilia'),
	(746, 144, 51, 3.22, 'vivamus in felis'),
	(747, 146, 69, 4.65, 'pellentesque viverra pede'),
	(748, 190, 66, 3.65, 'molestie sed'),
	(749, 130, 76, 4.67, 'a suscipit'),
	(750, 194, 37, 4.92, 'venenatis tristique fusce'),
	(751, 183, 95, 4.96, 'luctus rutrum nulla'),
	(752, 183, 55, 3.26, 'non interdum'),
	(753, 106, 29, 4.70, 'nec sem duis'),
	(754, 164, 21, 4.65, 'eu orci'),
	(755, 131, 15, 3.52, 'velit vivamus vel'),
	(756, 114, 82, 4.61, 'diam erat'),
	(757, 167, 84, 4.18, 'vitae ipsum'),
	(758, 112, 8, 4.58, 'interdum mauris ullamcorper'),
	(759, 158, 35, 3.87, 'suspendisse accumsan tortor'),
	(760, 164, 61, 3.96, 'lobortis ligula sit'),
	(761, 180, 32, 3.05, 'mauris eget'),
	(762, 192, 23, 4.53, 'nam ultrices'),
	(763, 192, 41, 3.77, 'ipsum aliquam'),
	(764, 113, 2, 4.93, 'interdum in ante'),
	(765, 160, 15, 4.53, 'convallis eget'),
	(766, 148, 71, 3.13, 'vitae ipsum'),
	(767, 174, 5, 3.01, 'in libero ut'),
	(768, 189, 47, 4.02, 'nulla tellus'),
	(769, 132, 68, 3.77, 'ligula vehicula consequat'),
	(770, 146, 77, 3.98, 'odio curabitur'),
	(771, 174, 47, 3.07, 'neque vestibulum eget'),
	(772, 166, 1, 3.25, 'nibh fusce lacus'),
	(773, 147, 42, 4.92, 'vulputate elementum nullam'),
	(774, 173, 52, 3.46, 'erat nulla'),
	(775, 195, 79, 4.57, 'vel nisl duis'),
	(776, 107, 85, 4.43, 'proin risus'),
	(777, 122, 11, 4.57, 'suspendisse potenti'),
	(778, 131, 26, 4.27, 'eu mi'),
	(779, 102, 70, 3.01, 'dui vel sem'),
	(780, 159, 57, 3.02, 'fermentum justo'),
	(781, 164, 48, 4.92, 'est lacinia nisi'),
	(782, 124, 68, 3.51, 'sem sed'),
	(783, 115, 20, 4.67, 'praesent blandit'),
	(784, 108, 24, 3.83, 'ultrices vel'),
	(785, 134, 15, 4.44, 'vestibulum ac est'),
	(786, 159, 55, 3.14, 'non pretium quis'),
	(787, 129, 56, 4.60, 'amet sapien'),
	(788, 103, 60, 4.56, 'mi nulla'),
	(789, 165, 32, 4.52, 'rutrum nulla'),
	(790, 160, 5, 3.70, 'vel augue'),
	(791, 188, 98, 3.38, 'hac habitasse'),
	(792, 101, 10, 3.22, 'eu orci mauris'),
	(793, 124, 24, 3.92, 'ipsum primis in'),
	(794, 128, 62, 3.86, 'leo pellentesque'),
	(795, 161, 36, 3.73, 'venenatis tristique'),
	(796, 132, 80, 4.97, 'justo aliquam quis'),
	(797, 129, 29, 4.19, 'penatibus et'),
	(798, 108, 42, 3.78, 'massa tempor'),
	(799, 145, 92, 3.37, 'dapibus duis'),
	(800, 169, 29, 4.50, 'turpis eget'),
	(801, 189, 97, 4.52, 'est congue'),
	(802, 113, 100, 4.42, 'vestibulum ante ipsum'),
	(803, 172, 32, 3.36, 'sit amet eros'),
	(804, 145, 76, 4.67, 'odio odio'),
	(805, 137, 30, 4.75, 'nisi nam'),
	(806, 172, 16, 3.90, 'nisi volutpat eleifend'),
	(807, 121, 25, 3.76, 'congue etiam'),
	(808, 126, 13, 3.02, 'cursus vestibulum'),
	(809, 120, 83, 3.05, 'quam sollicitudin vitae'),
	(810, 119, 39, 4.78, 'a suscipit nulla'),
	(811, 123, 96, 4.15, 'morbi odio'),
	(812, 123, 4, 4.98, 'in hac'),
	(813, 175, 77, 4.53, 'sed magna at'),
	(814, 134, 70, 4.99, 'penatibus et magnis'),
	(815, 171, 17, 3.68, 'sit amet'),
	(816, 139, 52, 4.30, 'dapibus nulla'),
	(817, 159, 34, 4.20, 'quis turpis eget'),
	(818, 142, 43, 4.77, 'felis sed interdum'),
	(819, 152, 56, 4.94, 'parturient montes nascetur'),
	(820, 153, 46, 3.47, 'integer aliquet'),
	(821, 137, 71, 4.65, 'eleifend pede'),
	(822, 124, 11, 3.71, 'ac diam cras'),
	(823, 114, 63, 3.28, 'primis in faucibus'),
	(824, 111, 4, 3.29, 'porttitor lacus'),
	(825, 153, 75, 3.80, 'non velit nec'),
	(826, 116, 84, 3.89, 'lacus at'),
	(827, 133, 59, 3.58, 'odio condimentum id'),
	(828, 158, 28, 3.81, 'justo nec'),
	(829, 141, 78, 4.27, 'non mattis pulvinar'),
	(830, 135, 19, 4.01, 'eget tempus vel'),
	(831, 131, 70, 3.67, 'rhoncus mauris enim'),
	(832, 165, 73, 4.28, 'quis turpis eget'),
	(833, 161, 16, 3.95, 'sociis natoque penatibus'),
	(834, 160, 54, 4.51, 'a nibh in'),
	(835, 182, 3, 3.62, 'lobortis ligula'),
	(836, 196, 64, 4.13, 'nisi nam'),
	(837, 158, 28, 3.77, 'elementum ligula vehicula'),
	(838, 117, 69, 4.28, 'vulputate vitae nisl'),
	(839, 138, 38, 3.94, 'convallis nulla neque'),
	(840, 117, 31, 3.00, 'est donec odio'),
	(841, 197, 14, 3.66, 'id turpis integer'),
	(842, 158, 31, 3.23, 'sapien sapien'),
	(843, 193, 5, 4.20, 'libero nam dui'),
	(844, 192, 30, 4.75, 'nunc commodo'),
	(845, 131, 2, 3.43, 'etiam justo'),
	(846, 118, 59, 4.17, 'quisque id'),
	(847, 121, 33, 3.26, 'id lobortis'),
	(848, 185, 33, 3.76, 'luctus et ultrices'),
	(849, 136, 71, 4.41, 'tortor quis turpis'),
	(850, 178, 14, 4.56, 'etiam vel augue'),
	(851, 174, 13, 4.02, 'quis lectus suspendisse'),
	(852, 151, 59, 4.85, 'tincidunt ante vel'),
	(853, 123, 79, 3.05, 'morbi non lectus'),
	(854, 112, 53, 4.17, 'eleifend pede'),
	(855, 152, 30, 3.23, 'congue elementum'),
	(856, 102, 29, 4.84, 'justo sollicitudin'),
	(857, 124, 99, 4.86, 'fermentum donec'),
	(858, 139, 50, 3.54, 'nec condimentum neque'),
	(859, 137, 57, 4.80, 'pede venenatis non'),
	(860, 156, 33, 4.31, 'nisi nam'),
	(861, 181, 81, 3.48, 'suspendisse potenti cras'),
	(862, 110, 31, 3.64, 'risus auctor sed'),
	(863, 175, 26, 4.20, 'curae duis'),
	(864, 143, 62, 4.10, 'sed tincidunt eu'),
	(865, 193, 87, 4.40, 'sed vestibulum'),
	(866, 178, 3, 4.22, 'elit ac nulla'),
	(867, 191, 14, 3.96, 'in felis'),
	(868, 165, 95, 4.68, 'purus eu'),
	(869, 105, 65, 4.00, 'quis libero'),
	(870, 152, 34, 4.21, 'neque aenean'),
	(871, 159, 19, 3.22, 'lacus at'),
	(872, 112, 18, 3.95, 'nulla ac enim'),
	(873, 118, 76, 3.67, 'at nunc commodo'),
	(874, 128, 60, 4.73, 'id pretium'),
	(875, 141, 4, 3.80, 'in sagittis dui'),
	(876, 162, 38, 3.72, 'aliquet pulvinar'),
	(877, 155, 57, 4.78, 'morbi sem mauris'),
	(878, 116, 21, 4.20, 'integer pede'),
	(879, 114, 78, 4.80, 'iaculis congue'),
	(880, 191, 52, 4.03, 'vulputate vitae'),
	(881, 147, 73, 3.15, 'justo lacinia eget'),
	(882, 183, 77, 4.49, 'felis sed'),
	(883, 156, 57, 4.06, 'semper rutrum nulla'),
	(884, 190, 44, 3.93, 'sem mauris laoreet'),
	(885, 143, 64, 4.89, 'ut rhoncus aliquet'),
	(886, 116, 19, 4.67, 'proin interdum mauris'),
	(887, 188, 8, 3.26, 'massa donec'),
	(888, 129, 24, 3.81, 'ut ultrices vel'),
	(889, 143, 82, 4.41, 'vestibulum aliquet'),
	(890, 175, 61, 3.62, 'lacinia sapien quis'),
	(891, 114, 34, 3.27, 'lorem quisque'),
	(892, 191, 37, 3.09, 'in hac'),
	(893, 147, 73, 3.97, 'nunc donec'),
	(894, 186, 28, 3.81, 'dis parturient'),
	(895, 197, 18, 3.42, 'congue etiam justo'),
	(896, 185, 48, 4.06, 'turpis nec euismod'),
	(897, 106, 87, 3.01, 'feugiat non'),
	(898, 132, 95, 4.81, 'ac leo pellentesque'),
	(899, 117, 20, 3.22, 'ipsum dolor sit'),
	(900, 176, 24, 3.64, 'ante vel'),
	(901, 156, 16, 4.28, 'scelerisque quam turpis'),
	(902, 189, 55, 3.61, 'non velit'),
	(903, 137, 85, 4.65, 'augue vestibulum'),
	(904, 108, 84, 4.46, 'sem duis aliquam'),
	(905, 197, 37, 3.42, 'integer aliquet massa'),
	(906, 105, 37, 4.68, 'quis augue'),
	(907, 110, 49, 4.05, 'vel enim'),
	(908, 119, 65, 3.74, 'pulvinar sed'),
	(909, 127, 69, 3.83, 'leo odio porttitor'),
	(910, 126, 86, 4.66, 'egestas metus'),
	(911, 143, 76, 3.95, 'nunc nisl duis'),
	(912, 164, 63, 4.79, 'quis augue'),
	(913, 179, 78, 3.41, 'erat quisque erat'),
	(914, 127, 46, 3.02, 'vel sem'),
	(915, 146, 78, 3.84, 'odio donec'),
	(916, 117, 67, 3.52, 'eleifend luctus'),
	(917, 151, 67, 3.64, 'at turpis'),
	(918, 196, 8, 3.64, 'vulputate luctus cum'),
	(919, 113, 93, 3.97, 'imperdiet nullam'),
	(920, 111, 66, 4.66, 'orci nullam'),
	(921, 190, 47, 4.19, 'pede posuere'),
	(922, 192, 69, 4.62, 'luctus et'),
	(923, 165, 39, 3.25, 'commodo vulputate justo'),
	(924, 166, 6, 4.27, 'facilisi cras'),
	(925, 190, 27, 4.43, 'ac leo pellentesque'),
	(926, 121, 34, 3.44, 'maecenas pulvinar lobortis'),
	(927, 167, 60, 3.08, 'eu nibh quisque'),
	(928, 104, 100, 4.04, 'quis turpis'),
	(929, 174, 69, 4.78, 'vestibulum sit'),
	(930, 195, 2, 4.02, 'ipsum ac tellus'),
	(931, 154, 96, 4.78, 'ante ipsum primis'),
	(932, 171, 71, 3.35, 'in sagittis dui'),
	(933, 118, 15, 4.59, 'placerat ante nulla'),
	(934, 104, 2, 4.91, 'leo odio'),
	(935, 165, 91, 4.55, 'sed augue aliquam'),
	(936, 146, 11, 3.28, 'non velit donec'),
	(937, 182, 4, 3.10, 'porttitor id consequat'),
	(938, 119, 20, 4.90, 'primis in faucibus'),
	(939, 134, 4, 3.42, 'convallis duis'),
	(940, 149, 68, 4.46, 'cum sociis natoque'),
	(941, 187, 10, 4.33, 'eros vestibulum'),
	(942, 200, 50, 3.82, 'vel lectus'),
	(943, 101, 13, 3.44, 'amet eleifend'),
	(944, 191, 99, 3.58, 'augue vel accumsan'),
	(945, 142, 89, 4.70, 'sit amet'),
	(946, 183, 67, 4.33, 'diam nam tristique'),
	(947, 110, 84, 4.78, 'risus auctor sed'),
	(948, 181, 33, 4.22, 'sollicitudin mi'),
	(949, 137, 3, 3.50, 'potenti cras'),
	(950, 163, 28, 4.51, 'consequat ut nulla'),
	(951, 130, 57, 4.42, 'sollicitudin ut suscipit'),
	(952, 174, 97, 3.04, 'sed lacus morbi'),
	(953, 177, 80, 4.06, 'turpis sed'),
	(954, 186, 21, 4.15, 'nisl aenean lectus'),
	(955, 136, 38, 3.74, 'vestibulum vestibulum ante'),
	(956, 165, 75, 3.55, 'sapien arcu'),
	(957, 187, 59, 3.76, 'dui vel sem'),
	(958, 125, 44, 4.48, 'ligula sit'),
	(959, 105, 15, 4.14, 'eros suspendisse'),
	(960, 119, 8, 4.71, 'egestas metus'),
	(961, 101, 72, 4.43, 'quis orci eget'),
	(962, 105, 72, 3.29, 'at nulla'),
	(963, 108, 2, 3.12, 'ornare imperdiet'),
	(964, 130, 21, 3.53, 'interdum in ante'),
	(965, 140, 72, 4.79, 'magna bibendum'),
	(966, 152, 62, 3.80, 'pede justo lacinia'),
	(967, 134, 61, 4.33, 'elit sodales scelerisque'),
	(968, 168, 63, 4.09, 'erat quisque'),
	(969, 149, 56, 3.12, 'id sapien'),
	(970, 107, 25, 3.36, 'eros viverra eget'),
	(971, 153, 58, 4.14, 'donec diam'),
	(972, 164, 55, 3.04, 'accumsan tortor'),
	(973, 199, 90, 3.70, 'ligula pellentesque ultrices'),
	(974, 138, 2, 3.65, 'parturient montes nascetur'),
	(975, 189, 90, 4.76, 'rutrum neque aenean'),
	(976, 129, 60, 4.41, 'pretium iaculis justo'),
	(977, 136, 40, 4.14, 'vel nisl duis'),
	(978, 183, 31, 3.43, 'viverra diam'),
	(979, 184, 9, 4.16, 'non velit'),
	(980, 125, 76, 4.55, 'ipsum dolor'),
	(981, 147, 9, 4.72, 'rutrum nulla nunc'),
	(982, 195, 30, 4.37, 'sollicitudin vitae'),
	(983, 191, 86, 3.99, 'tempus vel pede'),
	(984, 178, 52, 4.41, 'nisi vulputate nonummy'),
	(985, 195, 87, 4.86, 'odio justo'),
	(986, 111, 50, 4.82, 'mauris morbi'),
	(987, 137, 34, 4.99, 'in magna bibendum'),
	(988, 131, 18, 3.02, 'tortor eu pede'),
	(989, 102, 39, 3.35, 'luctus et ultrices'),
	(990, 145, 94, 4.69, 'donec ut mauris'),
	(991, 168, 100, 4.56, 'ipsum praesent'),
	(992, 144, 27, 4.19, 'augue vel accumsan'),
	(993, 179, 45, 4.21, 'velit id pretium'),
	(994, 123, 64, 4.92, 'metus arcu adipiscing'),
	(995, 149, 78, 4.55, 'suscipit nulla elit'),
	(996, 167, 69, 5.00, 'lectus pellentesque'),
	(997, 149, 22, 3.76, 'aenean fermentum'),
	(998, 117, 57, 4.11, 'sapien cursus vestibulum'),
	(999, 119, 31, 4.92, 'vivamus metus arcu'),
	(1000, 130, 80, 3.32, 'nibh in'),
	(1002, 359, 112, 4.89, 'vulputate vitae'),
	(1003, 341, 197, 4.23, 'lorem ipsum'),
	(1004, 316, 112, 3.93, 'lacinia nisi'),
	(1005, 234, 144, 3.57, 'etiam pretium iaculis'),
	(1006, 233, 140, 3.58, 'nonummy integer non'),
	(1007, 277, 176, 3.32, 'ac consequat'),
	(1008, 386, 150, 3.66, 'in purus eu'),
	(1009, 317, 190, 4.26, 'augue vestibulum ante'),
	(1010, 338, 167, 4.16, 'nulla pede'),
	(1011, 223, 103, 3.45, 'lacinia sapien'),
	(1012, 395, 121, 4.32, 'praesent id massa'),
	(1013, 260, 113, 4.96, 'nisi vulputate nonummy'),
	(1014, 380, 169, 4.32, 'molestie sed'),
	(1015, 229, 146, 4.08, 'neque duis'),
	(1016, 365, 191, 4.69, 'est congue elementum'),
	(1017, 248, 142, 4.05, 'consequat varius integer'),
	(1018, 375, 156, 4.93, 'vestibulum proin eu'),
	(1019, 358, 103, 3.32, 'augue vel'),
	(1020, 201, 143, 3.12, 'cum sociis'),
	(1021, 288, 183, 3.24, 'cras mi'),
	(1022, 224, 157, 4.66, 'non sodales'),
	(1023, 345, 111, 3.72, 'at diam'),
	(1024, 266, 150, 4.97, 'diam vitae quam'),
	(1025, 227, 118, 4.01, 'luctus et'),
	(1026, 336, 142, 4.83, 'montes nascetur'),
	(1027, 341, 188, 3.08, 'quisque id justo'),
	(1028, 392, 137, 3.03, 'eleifend pede'),
	(1029, 216, 185, 3.59, 'consequat metus sapien'),
	(1030, 279, 150, 4.12, 'magna vulputate luctus'),
	(1031, 268, 181, 4.25, 'sed accumsan'),
	(1032, 262, 184, 4.55, 'nam congue risus'),
	(1033, 218, 105, 3.31, 'pretium iaculis diam'),
	(1034, 222, 113, 3.76, 'lacinia aenean sit'),
	(1035, 203, 133, 4.87, 'justo sit amet'),
	(1036, 341, 135, 4.58, 'hac habitasse'),
	(1037, 295, 108, 4.83, 'sagittis nam'),
	(1038, 270, 103, 3.51, 'turpis enim'),
	(1039, 257, 196, 4.02, 'lacinia nisi'),
	(1040, 354, 176, 3.40, 'mauris laoreet ut'),
	(1041, 390, 132, 4.60, 'est risus'),
	(1042, 229, 154, 3.56, 'mauris vulputate'),
	(1043, 289, 186, 3.80, 'ut dolor morbi'),
	(1044, 345, 136, 3.37, 'vehicula consequat'),
	(1045, 304, 170, 3.14, 'imperdiet nullam'),
	(1046, 219, 110, 4.19, 'est lacinia nisi'),
	(1047, 360, 157, 3.77, 'morbi a ipsum'),
	(1048, 256, 185, 4.94, 'semper interdum mauris'),
	(1049, 288, 103, 5.00, 'lacinia eget'),
	(1050, 354, 143, 4.22, 'turpis nec euismod'),
	(1051, 342, 137, 3.76, 'augue vestibulum rutrum'),
	(1052, 384, 175, 4.57, 'dictumst maecenas ut'),
	(1053, 322, 151, 3.07, 'in purus'),
	(1054, 219, 173, 4.39, 'ligula suspendisse'),
	(1055, 266, 170, 3.19, 'vestibulum ante'),
	(1056, 372, 111, 4.30, 'diam vitae'),
	(1057, 358, 196, 4.64, 'luctus cum sociis'),
	(1058, 361, 110, 4.06, 'pretium nisl'),
	(1059, 382, 119, 3.78, 'luctus cum'),
	(1060, 278, 175, 4.82, 'enim blandit'),
	(1061, 279, 128, 3.31, 'amet cursus id'),
	(1062, 361, 144, 4.28, 'rutrum ac'),
	(1063, 396, 189, 4.34, 'mus vivamus'),
	(1064, 318, 152, 4.52, 'mattis pulvinar nulla'),
	(1065, 358, 145, 3.40, 'justo in'),
	(1066, 230, 182, 3.28, 'viverra eget'),
	(1067, 205, 174, 3.35, 'erat vestibulum sed'),
	(1068, 339, 180, 3.49, 'mi pede malesuada'),
	(1069, 358, 117, 3.70, 'tincidunt lacus'),
	(1070, 215, 122, 4.03, 'fermentum donec'),
	(1071, 237, 136, 3.23, 'morbi a'),
	(1072, 214, 182, 4.93, 'nulla pede ullamcorper'),
	(1073, 363, 134, 4.30, 'mattis egestas metus'),
	(1074, 288, 153, 4.92, 'varius ut blandit'),
	(1075, 330, 128, 3.12, 'in faucibus'),
	(1076, 261, 170, 3.25, 'platea dictumst'),
	(1077, 377, 177, 4.09, 'ut massa'),
	(1078, 335, 153, 4.36, 'ac est'),
	(1079, 335, 107, 4.23, 'congue eget'),
	(1080, 226, 153, 3.27, 'ipsum primis in'),
	(1081, 339, 187, 3.69, 'pellentesque at nulla'),
	(1082, 323, 161, 4.89, 'accumsan odio curabitur'),
	(1083, 367, 156, 4.93, 'suspendisse ornare consequat'),
	(1084, 260, 163, 3.57, 'mauris laoreet ut'),
	(1085, 274, 171, 3.77, 'eget massa'),
	(1086, 203, 101, 4.76, 'integer aliquet'),
	(1087, 339, 197, 4.65, 'a libero nam'),
	(1088, 357, 182, 3.37, 'faucibus cursus'),
	(1089, 213, 143, 3.88, 'morbi non lectus'),
	(1090, 350, 178, 4.96, 'leo odio condimentum'),
	(1091, 261, 173, 4.65, 'condimentum curabitur'),
	(1092, 247, 154, 3.53, 'velit eu'),
	(1093, 239, 116, 4.85, 'cursus vestibulum'),
	(1094, 288, 133, 3.02, 'est et tempus'),
	(1095, 282, 158, 3.12, 'lectus pellentesque'),
	(1096, 213, 105, 3.35, 'felis fusce posuere'),
	(1097, 204, 105, 3.14, 'lorem id'),
	(1098, 249, 189, 4.09, 'diam id'),
	(1099, 363, 186, 3.47, 'nulla facilisi cras'),
	(1100, 345, 176, 3.72, 'turpis donec posuere'),
	(1101, 214, 124, 4.68, 'consectetuer eget rutrum'),
	(1102, 334, 121, 3.29, 'rutrum rutrum neque'),
	(1103, 386, 103, 4.42, 'massa tempor'),
	(1104, 233, 199, 4.55, 'nulla pede ullamcorper'),
	(1105, 283, 165, 4.70, 'sem sed'),
	(1106, 226, 174, 4.12, 'integer tincidunt'),
	(1107, 343, 112, 3.24, 'justo morbi'),
	(1108, 321, 175, 4.60, 'dictumst aliquam augue'),
	(1109, 295, 176, 3.23, 'elit proin'),
	(1110, 287, 108, 4.65, 'nec sem'),
	(1111, 275, 155, 3.36, 'at ipsum ac'),
	(1112, 252, 157, 4.33, 'justo maecenas'),
	(1113, 320, 160, 3.99, 'pede posuere nonummy'),
	(1114, 218, 194, 3.72, 'quis justo'),
	(1115, 337, 182, 4.85, 'dolor quis odio'),
	(1116, 207, 144, 4.57, 'morbi non'),
	(1117, 361, 121, 3.09, 'in magna bibendum'),
	(1118, 369, 103, 3.01, 'est phasellus sit'),
	(1119, 385, 138, 3.46, 'nulla elit'),
	(1120, 383, 183, 3.98, 'tincidunt in'),
	(1121, 318, 173, 4.01, 'amet cursus'),
	(1122, 267, 138, 3.55, 'quam sapien varius'),
	(1123, 376, 105, 3.44, 'sagittis sapien'),
	(1124, 202, 167, 4.05, 'semper porta volutpat'),
	(1125, 361, 121, 4.46, 'elementum ligula'),
	(1126, 352, 195, 4.07, 'faucibus accumsan'),
	(1127, 391, 198, 3.46, 'quis orci'),
	(1128, 325, 112, 4.89, 'tincidunt in'),
	(1129, 353, 155, 4.72, 'ultrices libero'),
	(1130, 210, 130, 4.46, 'porttitor pede justo'),
	(1131, 271, 187, 3.85, 'convallis tortor risus'),
	(1132, 219, 192, 3.83, 'lacinia aenean'),
	(1133, 311, 150, 4.92, 'etiam vel augue'),
	(1134, 237, 120, 3.46, 'odio donec vitae'),
	(1135, 356, 145, 4.64, 'lobortis sapien'),
	(1136, 366, 195, 4.68, 'condimentum neque sapien'),
	(1137, 373, 197, 3.63, 'blandit non interdum'),
	(1138, 301, 196, 3.46, 'tincidunt in leo'),
	(1139, 243, 119, 4.14, 'lectus pellentesque'),
	(1140, 253, 200, 4.96, 'consequat morbi a'),
	(1141, 392, 109, 4.68, 'nascetur ridiculus'),
	(1142, 204, 108, 3.96, 'vivamus vel nulla'),
	(1143, 351, 154, 3.23, 'nec molestie'),
	(1144, 222, 113, 4.72, 'eget tempus'),
	(1145, 293, 146, 4.95, 'tincidunt ante'),
	(1146, 208, 137, 3.78, 'ultrices aliquet maecenas'),
	(1147, 382, 129, 3.99, 'aliquam augue quam'),
	(1148, 244, 111, 4.43, 'convallis morbi odio'),
	(1149, 223, 191, 4.59, 'nunc rhoncus dui'),
	(1150, 217, 174, 4.75, 'amet turpis'),
	(1151, 331, 120, 4.57, 'varius integer ac'),
	(1152, 238, 110, 3.09, 'porttitor lacus at'),
	(1153, 294, 159, 4.61, 'ante vivamus'),
	(1154, 294, 151, 4.35, 'ut suscipit a'),
	(1155, 262, 177, 4.29, 'suspendisse potenti cras'),
	(1156, 235, 137, 3.93, 'ligula nec'),
	(1157, 320, 137, 4.07, 'at turpis donec'),
	(1158, 397, 110, 4.23, 'donec ut mauris'),
	(1159, 262, 119, 3.59, 'vestibulum sit amet'),
	(1160, 298, 184, 4.78, 'velit donec'),
	(1161, 232, 145, 3.91, 'odio odio'),
	(1162, 227, 137, 4.36, 'sit amet cursus'),
	(1163, 205, 142, 4.46, 'ante ipsum'),
	(1164, 300, 178, 3.63, 'integer ac leo'),
	(1165, 240, 132, 3.72, 'mus vivamus'),
	(1166, 255, 127, 4.00, 'volutpat convallis morbi'),
	(1167, 369, 153, 3.48, 'quis libero nullam'),
	(1168, 275, 146, 4.31, 'amet nulla'),
	(1169, 307, 105, 4.66, 'nulla ultrices aliquet'),
	(1170, 221, 184, 3.74, 'nibh in'),
	(1171, 244, 148, 3.23, 'dolor vel est'),
	(1172, 236, 115, 3.37, 'venenatis lacinia aenean'),
	(1173, 233, 151, 3.38, 'sed tincidunt eu'),
	(1174, 318, 160, 3.98, 'interdum venenatis turpis'),
	(1175, 379, 141, 3.57, 'non lectus aliquam'),
	(1176, 254, 196, 4.61, 'mauris laoreet ut'),
	(1177, 317, 141, 3.74, 'id pretium'),
	(1178, 394, 106, 4.71, 'pretium quis'),
	(1179, 364, 186, 3.63, 'blandit mi in'),
	(1180, 280, 191, 4.71, 'lacus morbi'),
	(1181, 276, 181, 3.96, 'justo lacinia'),
	(1182, 354, 150, 4.24, 'enim in tempor'),
	(1183, 286, 130, 4.13, 'fusce posuere'),
	(1184, 326, 187, 4.24, 'aliquam quis'),
	(1185, 208, 162, 3.99, 'id pretium iaculis'),
	(1186, 328, 183, 3.10, 'vel est donec'),
	(1187, 349, 193, 4.39, 'sapien sapien'),
	(1188, 367, 114, 4.00, 'aliquet massa id'),
	(1189, 291, 200, 4.07, 'dolor sit amet'),
	(1190, 309, 130, 4.43, 'ipsum primis'),
	(1191, 304, 140, 3.80, 'id ornare'),
	(1192, 361, 127, 3.30, 'vestibulum quam'),
	(1193, 316, 103, 3.54, 'quam suspendisse'),
	(1194, 267, 200, 4.84, 'tincidunt ante'),
	(1195, 229, 145, 3.53, 'ut erat'),
	(1196, 293, 149, 4.27, 'suscipit nulla elit'),
	(1197, 260, 137, 4.99, 'pretium quis'),
	(1198, 339, 107, 4.84, 'sit amet'),
	(1199, 298, 140, 4.13, 'sapien arcu'),
	(1200, 202, 151, 4.29, 'libero non'),
	(1201, 246, 127, 4.84, 'blandit mi'),
	(1202, 278, 193, 3.23, 'nascetur ridiculus'),
	(1203, 295, 154, 3.16, 'faucibus orci'),
	(1204, 310, 177, 4.80, 'vel sem sed'),
	(1205, 237, 148, 4.14, 'etiam justo etiam'),
	(1206, 204, 165, 4.24, 'id turpis'),
	(1207, 248, 179, 3.03, 'pharetra magna'),
	(1208, 239, 189, 4.42, 'orci nullam molestie'),
	(1209, 225, 196, 3.64, 'volutpat quam'),
	(1210, 210, 101, 3.69, 'amet consectetuer adipiscing'),
	(1211, 227, 129, 4.15, 'at turpis'),
	(1212, 385, 116, 4.37, 'molestie hendrerit'),
	(1213, 268, 150, 4.74, 'varius integer'),
	(1214, 286, 144, 4.58, 'sagittis sapien cum'),
	(1215, 226, 177, 3.70, 'integer a nibh'),
	(1216, 396, 116, 3.31, 'semper interdum'),
	(1217, 351, 171, 4.41, 'tristique in tempus'),
	(1218, 245, 153, 4.79, 'bibendum morbi'),
	(1219, 363, 166, 4.44, 'ipsum primis in'),
	(1220, 219, 101, 4.99, 'eget rutrum at'),
	(1221, 393, 134, 3.95, 'vestibulum eget vulputate'),
	(1222, 306, 198, 4.52, 'in est'),
	(1223, 301, 196, 3.08, 'eu nibh quisque'),
	(1224, 368, 194, 3.25, 'in est'),
	(1225, 336, 111, 4.30, 'ac consequat metus'),
	(1226, 393, 123, 4.07, 'porta volutpat quam'),
	(1227, 241, 116, 4.09, 'in lectus pellentesque'),
	(1228, 332, 133, 3.57, 'in sagittis'),
	(1229, 356, 136, 3.37, 'rhoncus mauris'),
	(1230, 233, 115, 3.43, 'non quam nec'),
	(1231, 280, 141, 4.80, 'fringilla rhoncus'),
	(1232, 321, 117, 3.33, 'a nibh in'),
	(1233, 301, 121, 3.19, 'platea dictumst aliquam'),
	(1234, 350, 111, 4.51, 'ipsum primis in'),
	(1235, 331, 122, 3.75, 'amet nulla'),
	(1236, 210, 156, 4.65, 'non pretium'),
	(1237, 383, 128, 3.14, 'curae donec'),
	(1238, 397, 105, 4.80, 'eu est'),
	(1239, 349, 200, 3.70, 'proin eu mi'),
	(1240, 243, 116, 4.68, 'neque duis bibendum'),
	(1241, 207, 198, 4.52, 'molestie hendrerit'),
	(1242, 211, 112, 4.56, 'est et'),
	(1243, 342, 186, 3.06, 'risus auctor sed'),
	(1244, 225, 156, 3.51, 'suscipit a'),
	(1245, 215, 192, 4.95, 'rhoncus sed vestibulum'),
	(1246, 225, 190, 4.48, 'ut at dolor'),
	(1247, 250, 197, 4.03, 'in purus eu'),
	(1248, 203, 136, 4.41, 'dapibus duis at'),
	(1249, 252, 189, 4.61, 'platea dictumst'),
	(1250, 383, 183, 3.62, 'libero nullam sit'),
	(1251, 381, 106, 4.10, 'posuere cubilia curae'),
	(1252, 370, 118, 3.38, 'etiam justo'),
	(1253, 243, 132, 4.36, 'eget semper'),
	(1254, 301, 111, 4.21, 'pellentesque quisque'),
	(1255, 247, 130, 4.36, 'a feugiat'),
	(1256, 353, 189, 3.23, 'et ultrices posuere'),
	(1257, 376, 172, 4.69, 'nam tristique tortor'),
	(1258, 295, 145, 4.61, 'in hac'),
	(1259, 227, 152, 4.82, 'nunc proin'),
	(1260, 373, 136, 4.59, 'phasellus sit amet'),
	(1261, 351, 161, 3.70, 'nunc commodo'),
	(1262, 363, 179, 4.86, 'integer non'),
	(1263, 264, 147, 3.60, 'aliquam quis turpis'),
	(1264, 222, 195, 3.15, 'turpis integer aliquet'),
	(1265, 251, 129, 3.77, 'quis orci nullam'),
	(1266, 307, 127, 3.79, 'ut ultrices vel'),
	(1267, 380, 163, 3.20, 'condimentum id luctus'),
	(1268, 290, 168, 3.72, 'diam neque vestibulum'),
	(1269, 320, 196, 4.94, 'aenean fermentum donec'),
	(1270, 316, 143, 3.90, 'pretium iaculis'),
	(1271, 321, 145, 4.63, 'felis fusce posuere'),
	(1272, 296, 177, 4.39, 'et magnis dis'),
	(1273, 288, 185, 4.27, 'lacus at'),
	(1274, 282, 103, 3.58, 'integer tincidunt ante'),
	(1275, 264, 109, 4.56, 'dictumst etiam faucibus'),
	(1276, 381, 173, 3.89, 'semper est'),
	(1277, 311, 196, 4.03, 'lacinia sapien'),
	(1278, 377, 149, 4.48, 'primis in faucibus'),
	(1279, 374, 156, 3.99, 'elementum pellentesque'),
	(1280, 325, 134, 4.06, 'turpis eget'),
	(1281, 272, 146, 4.20, 'lectus vestibulum'),
	(1282, 213, 145, 3.01, 'aliquam convallis nunc'),
	(1283, 339, 131, 3.01, 'morbi odio odio'),
	(1284, 391, 152, 3.88, 'arcu libero rutrum'),
	(1285, 290, 172, 4.72, 'est phasellus'),
	(1286, 355, 173, 4.23, 'aenean sit amet'),
	(1287, 295, 114, 4.11, 'justo in blandit'),
	(1288, 222, 127, 3.45, 'libero non'),
	(1289, 349, 103, 3.33, 'ut massa'),
	(1290, 374, 169, 4.13, 'penatibus et'),
	(1291, 283, 177, 4.66, 'vulputate ut'),
	(1292, 345, 151, 3.27, 'tempor turpis'),
	(1293, 259, 143, 3.66, 'et commodo'),
	(1294, 207, 135, 4.41, 'facilisi cras non'),
	(1295, 283, 145, 3.47, 'consectetuer adipiscing elit'),
	(1296, 336, 158, 4.57, 'in magna bibendum'),
	(1297, 225, 147, 4.99, 'cubilia curae'),
	(1298, 304, 133, 3.58, 'accumsan felis'),
	(1299, 368, 195, 3.27, 'sodales scelerisque'),
	(1300, 365, 139, 3.24, 'id mauris'),
	(1301, 252, 101, 3.16, 'lobortis est'),
	(1302, 250, 145, 3.12, 'semper interdum mauris'),
	(1303, 255, 200, 3.34, 'posuere cubilia'),
	(1304, 258, 117, 4.59, 'interdum in'),
	(1305, 259, 135, 3.53, 'velit eu est'),
	(1306, 225, 157, 4.30, 'at nulla suspendisse'),
	(1307, 281, 110, 3.01, 'et magnis dis'),
	(1308, 260, 146, 4.96, 'ante nulla'),
	(1309, 271, 189, 3.73, 'habitasse platea dictumst'),
	(1310, 378, 158, 3.16, 'augue vel accumsan'),
	(1311, 319, 188, 3.75, 'convallis morbi'),
	(1312, 394, 165, 3.12, 'eu pede'),
	(1313, 227, 153, 4.27, 'eu pede'),
	(1314, 351, 150, 4.81, 'tristique tortor'),
	(1315, 326, 128, 4.29, 'posuere nonummy'),
	(1316, 219, 162, 4.19, 'lorem vitae mattis'),
	(1317, 248, 167, 3.52, 'pede ullamcorper'),
	(1318, 358, 183, 3.50, 'scelerisque quam turpis'),
	(1319, 222, 129, 4.51, 'in felis'),
	(1320, 372, 111, 3.25, 'aliquam quis'),
	(1321, 400, 103, 4.93, 'aliquet pulvinar sed'),
	(1322, 310, 176, 3.53, 'sit amet'),
	(1323, 242, 166, 3.58, 'eget eros elementum'),
	(1324, 299, 155, 3.39, 'at diam nam'),
	(1325, 275, 178, 3.50, 'tincidunt ante'),
	(1326, 336, 112, 4.11, 'accumsan odio curabitur'),
	(1327, 234, 177, 4.71, 'orci eget'),
	(1328, 287, 125, 4.11, 'erat tortor sollicitudin'),
	(1329, 241, 150, 4.85, 'convallis eget eleifend'),
	(1330, 369, 182, 4.21, 'primis in faucibus'),
	(1331, 241, 113, 3.63, 'bibendum felis'),
	(1332, 399, 124, 4.61, 'nam dui'),
	(1333, 342, 199, 3.35, 'orci mauris lacinia'),
	(1334, 279, 164, 3.22, 'ipsum integer'),
	(1335, 293, 197, 3.56, 'sed magna'),
	(1336, 330, 136, 4.88, 'eget tempus vel'),
	(1337, 299, 103, 3.30, 'morbi vel'),
	(1338, 248, 192, 3.03, 'mollis molestie lorem'),
	(1339, 394, 115, 4.52, 'mauris ullamcorper'),
	(1340, 329, 175, 4.69, 'sapien placerat ante'),
	(1341, 215, 134, 3.03, 'vestibulum eget'),
	(1342, 321, 158, 3.71, 'a odio in'),
	(1343, 371, 129, 4.76, 'velit vivamus vel'),
	(1344, 346, 165, 3.43, 'ultrices vel augue'),
	(1345, 320, 118, 3.05, 'in libero ut'),
	(1346, 256, 130, 3.81, 'ut volutpat'),
	(1347, 365, 129, 3.35, 'imperdiet sapien urna'),
	(1348, 365, 171, 4.73, 'a feugiat et'),
	(1349, 254, 121, 3.61, 'etiam pretium iaculis'),
	(1350, 335, 110, 4.31, 'eget massa tempor'),
	(1351, 259, 186, 3.22, 'nisl duis'),
	(1352, 282, 108, 4.98, 'et tempus semper'),
	(1353, 326, 128, 4.48, 'diam in magna'),
	(1354, 390, 154, 4.10, 'integer tincidunt'),
	(1355, 207, 109, 4.71, 'nisl nunc nisl'),
	(1356, 383, 115, 3.34, 'adipiscing elit proin'),
	(1357, 237, 151, 3.72, 'adipiscing elit proin'),
	(1358, 349, 157, 4.36, 'ultrices libero'),
	(1359, 243, 190, 3.58, 'eu est'),
	(1360, 271, 145, 4.65, 'montes nascetur ridiculus'),
	(1361, 350, 143, 3.46, 'id luctus nec'),
	(1362, 220, 191, 4.72, 'posuere nonummy'),
	(1363, 336, 135, 4.74, 'mi sit amet'),
	(1364, 289, 194, 4.32, 'ac lobortis'),
	(1365, 392, 102, 4.14, 'gravida sem'),
	(1366, 312, 128, 3.33, 'arcu libero rutrum'),
	(1367, 339, 106, 3.99, 'donec ut dolor'),
	(1368, 379, 110, 4.58, 'mauris lacinia sapien'),
	(1369, 313, 173, 3.95, 'nam tristique tortor'),
	(1370, 382, 109, 4.86, 'duis bibendum'),
	(1371, 378, 187, 4.40, 'eget tempus vel'),
	(1372, 290, 111, 3.31, 'viverra pede'),
	(1373, 365, 199, 3.15, 'ipsum aliquam non'),
	(1374, 384, 143, 3.87, 'luctus cum sociis'),
	(1375, 400, 195, 4.08, 'metus aenean fermentum'),
	(1376, 229, 183, 4.88, 'turpis donec'),
	(1377, 220, 108, 3.01, 'nisl aenean lectus'),
	(1378, 232, 157, 4.67, 'a odio'),
	(1379, 384, 170, 3.96, 'tincidunt in leo'),
	(1380, 286, 165, 3.06, 'dui proin'),
	(1381, 351, 184, 3.14, 'massa donec dapibus'),
	(1382, 340, 181, 3.27, 'lacus purus aliquet'),
	(1383, 275, 140, 4.39, 'non mi integer'),
	(1384, 324, 151, 3.52, 'luctus cum'),
	(1385, 346, 108, 4.09, 'in quam'),
	(1386, 322, 154, 4.84, 'a ipsum'),
	(1387, 312, 200, 3.61, 'faucibus orci luctus'),
	(1388, 356, 104, 4.26, 'bibendum felis sed'),
	(1389, 299, 130, 4.75, 'curabitur gravida nisi'),
	(1390, 319, 139, 4.14, 'eleifend pede'),
	(1391, 209, 149, 3.89, 'amet lobortis sapien'),
	(1392, 380, 131, 3.89, 'primis in faucibus'),
	(1393, 380, 122, 4.43, 'faucibus orci'),
	(1394, 213, 196, 4.91, 'rutrum nulla nunc'),
	(1395, 201, 114, 4.53, 'mus vivamus vestibulum'),
	(1396, 328, 109, 4.84, 'nulla sed accumsan'),
	(1397, 373, 173, 4.69, 'lorem vitae mattis'),
	(1398, 333, 184, 4.73, 'amet consectetuer adipiscing'),
	(1399, 381, 157, 3.16, 'donec pharetra'),
	(1400, 353, 153, 3.14, 'mollis molestie'),
	(1401, 331, 171, 3.34, 'ante ipsum primis'),
	(1402, 292, 159, 3.82, 'mi integer ac'),
	(1403, 254, 104, 4.05, 'ut at dolor'),
	(1404, 261, 135, 3.88, 'curae mauris viverra'),
	(1405, 222, 129, 3.82, 'sit amet erat'),
	(1406, 284, 111, 3.87, 'justo sit'),
	(1407, 244, 188, 3.39, 'commodo placerat praesent'),
	(1408, 245, 194, 3.27, 'elit proin interdum'),
	(1409, 348, 177, 4.75, 'congue eget'),
	(1410, 333, 114, 4.75, 'mattis egestas metus'),
	(1411, 218, 196, 3.85, 'non mauris'),
	(1412, 363, 141, 4.60, 'et eros vestibulum'),
	(1413, 337, 166, 3.68, 'ac lobortis vel'),
	(1414, 373, 165, 3.91, 'eu sapien'),
	(1415, 370, 142, 4.49, 'volutpat in'),
	(1416, 208, 153, 4.67, 'pretium nisl'),
	(1417, 365, 182, 3.74, 'justo nec'),
	(1418, 278, 130, 4.48, 'sapien iaculis congue'),
	(1419, 395, 195, 3.34, 'id nulla ultrices'),
	(1420, 236, 127, 4.87, 'montes nascetur ridiculus'),
	(1421, 374, 161, 3.38, 'urna ut'),
	(1422, 328, 110, 4.23, 'eu est congue'),
	(1423, 220, 188, 4.71, 'turpis elementum ligula'),
	(1424, 213, 182, 4.56, 'quis augue luctus'),
	(1425, 340, 131, 4.37, 'tellus in sagittis'),
	(1426, 262, 166, 3.38, 'odio consequat varius'),
	(1427, 288, 134, 3.80, 'donec pharetra magna'),
	(1428, 292, 193, 4.53, 'nisl duis'),
	(1429, 376, 188, 3.30, 'aliquam erat'),
	(1430, 233, 192, 4.06, 'eu interdum eu'),
	(1431, 293, 159, 4.17, 'aliquam non mauris'),
	(1432, 322, 103, 4.22, 'nullam porttitor'),
	(1433, 360, 160, 3.52, 'semper sapien a'),
	(1434, 295, 183, 4.89, 'massa quis augue'),
	(1435, 317, 103, 3.47, 'vestibulum ac'),
	(1436, 290, 101, 3.95, 'semper sapien a'),
	(1437, 219, 120, 4.68, 'praesent blandit'),
	(1438, 259, 114, 3.63, 'lectus in'),
	(1439, 218, 149, 3.56, 'eleifend donec'),
	(1440, 350, 191, 4.06, 'fusce posuere felis'),
	(1441, 302, 154, 4.57, 'nulla integer pede'),
	(1442, 217, 133, 3.30, 'ultrices posuere'),
	(1443, 281, 163, 3.88, 'aliquam convallis nunc'),
	(1444, 327, 162, 3.61, 'ultrices mattis odio'),
	(1445, 230, 119, 3.92, 'nisl nunc'),
	(1446, 323, 186, 3.45, 'ultricies eu'),
	(1447, 235, 166, 4.25, 'vestibulum rutrum'),
	(1448, 297, 143, 3.32, 'amet eros'),
	(1449, 252, 188, 3.81, 'praesent blandit lacinia'),
	(1450, 307, 173, 4.52, 'at velit'),
	(1451, 234, 159, 3.58, 'vitae quam'),
	(1452, 331, 180, 4.91, 'nec nisi volutpat'),
	(1453, 320, 149, 3.39, 'ut massa volutpat'),
	(1454, 355, 161, 4.11, 'amet consectetuer adipiscing'),
	(1455, 249, 200, 4.13, 'id sapien in'),
	(1456, 342, 105, 4.77, 'sem duis'),
	(1457, 299, 102, 4.70, 'etiam pretium iaculis'),
	(1458, 211, 151, 3.73, 'nulla neque libero'),
	(1459, 291, 190, 4.86, 'rutrum neque aenean'),
	(1460, 281, 121, 3.12, 'felis fusce posuere'),
	(1461, 399, 153, 4.96, 'nec nisi'),
	(1462, 218, 115, 3.08, 'ut suscipit a'),
	(1463, 376, 185, 4.78, 'aliquam non'),
	(1464, 341, 146, 4.94, 'pharetra magna vestibulum'),
	(1465, 209, 182, 3.33, 'sodales sed'),
	(1466, 280, 146, 4.58, 'amet justo'),
	(1467, 275, 138, 3.81, 'sed vel'),
	(1468, 242, 124, 4.63, 'hac habitasse'),
	(1469, 266, 172, 3.13, 'morbi vestibulum velit'),
	(1470, 396, 106, 4.63, 'turpis enim'),
	(1471, 234, 200, 3.12, 'lacinia eget'),
	(1472, 382, 175, 4.18, 'cubilia curae'),
	(1473, 319, 197, 4.21, 'nunc nisl'),
	(1474, 367, 195, 4.41, 'ipsum ac tellus'),
	(1475, 342, 153, 4.66, 'interdum in'),
	(1476, 349, 154, 3.38, 'tortor duis mattis'),
	(1477, 225, 143, 3.45, 'at dolor quis'),
	(1478, 217, 133, 4.90, 'ipsum primis'),
	(1479, 361, 190, 3.46, 'lectus pellentesque eget'),
	(1480, 387, 122, 4.93, 'dictumst maecenas ut'),
	(1481, 241, 183, 3.94, 'turpis adipiscing'),
	(1482, 366, 124, 3.46, 'vestibulum velit'),
	(1483, 314, 109, 4.07, 'luctus et'),
	(1484, 316, 160, 3.40, 'amet cursus'),
	(1485, 332, 116, 4.19, 'congue diam id'),
	(1486, 220, 187, 4.62, 'felis donec semper'),
	(1487, 289, 197, 3.90, 'aliquam lacus'),
	(1488, 272, 197, 4.38, 'justo morbi ut'),
	(1489, 349, 151, 3.59, 'phasellus sit amet'),
	(1490, 260, 142, 4.44, 'aliquam non mauris'),
	(1491, 201, 117, 3.41, 'at ipsum'),
	(1492, 244, 172, 4.23, 'aenean fermentum'),
	(1493, 335, 124, 3.08, 'ante vestibulum'),
	(1494, 261, 197, 4.77, 'metus arcu'),
	(1495, 248, 185, 4.29, 'volutpat quam'),
	(1496, 205, 138, 4.89, 'in ante'),
	(1497, 358, 119, 3.03, 'eu magna vulputate'),
	(1498, 324, 182, 4.96, 'ante ipsum'),
	(1499, 329, 156, 3.41, 'pede lobortis'),
	(1500, 349, 164, 3.08, 'nisl venenatis'),
	(1501, 242, 127, 4.28, 'sem mauris'),
	(1502, 273, 152, 3.14, 'ipsum integer a'),
	(1503, 384, 117, 3.03, 'tortor eu pede'),
	(1504, 361, 146, 3.22, 'accumsan odio'),
	(1505, 288, 136, 4.68, 'nec euismod scelerisque'),
	(1506, 227, 145, 4.05, 'lectus vestibulum quam'),
	(1507, 282, 124, 4.94, 'rhoncus aliquam lacus'),
	(1508, 248, 120, 4.96, 'vel accumsan tellus'),
	(1509, 232, 172, 3.50, 'aenean lectus pellentesque'),
	(1510, 340, 189, 4.97, 'odio donec'),
	(1511, 215, 172, 3.60, 'mi pede'),
	(1512, 218, 108, 4.32, 'mus vivamus vestibulum'),
	(1513, 269, 101, 4.84, 'venenatis tristique'),
	(1514, 336, 190, 4.61, 'consequat metus sapien'),
	(1515, 372, 172, 4.59, 'in faucibus'),
	(1516, 400, 139, 4.51, 'a feugiat et'),
	(1517, 225, 175, 4.71, 'eu est congue'),
	(1518, 345, 176, 4.30, 'pede ullamcorper augue'),
	(1519, 257, 181, 4.78, 'rhoncus sed'),
	(1520, 248, 166, 3.93, 'quam nec dui'),
	(1521, 229, 128, 3.39, 'lorem ipsum'),
	(1522, 298, 136, 4.92, 'turpis adipiscing lorem'),
	(1523, 245, 190, 3.27, 'viverra diam vitae'),
	(1524, 231, 177, 4.49, 'consequat in'),
	(1525, 297, 176, 3.05, 'sollicitudin mi sit'),
	(1526, 391, 111, 4.41, 'sapien ut nunc'),
	(1527, 393, 103, 4.13, 'nisl nunc'),
	(1528, 271, 160, 3.26, 'rutrum neque'),
	(1529, 357, 188, 3.12, 'nam tristique tortor'),
	(1530, 279, 141, 3.46, 'aenean auctor gravida'),
	(1531, 325, 136, 3.95, 'in hac'),
	(1532, 261, 138, 4.25, 'dignissim vestibulum'),
	(1533, 321, 152, 3.65, 'ipsum primis'),
	(1534, 357, 154, 4.67, 'lacus morbi'),
	(1535, 284, 126, 4.79, 'tellus in'),
	(1536, 359, 134, 3.81, 'nunc commodo'),
	(1537, 225, 109, 3.27, 'dictumst morbi'),
	(1538, 252, 160, 4.60, 'porttitor pede justo'),
	(1539, 375, 148, 4.02, 'dolor quis'),
	(1540, 396, 115, 4.28, 'sed interdum'),
	(1541, 282, 180, 3.87, 'justo in hac'),
	(1542, 341, 129, 3.26, 'metus arcu'),
	(1543, 206, 190, 3.82, 'lobortis est phasellus'),
	(1544, 267, 159, 3.40, 'orci eget'),
	(1545, 273, 131, 3.59, 'vitae ipsum'),
	(1546, 219, 123, 4.08, 'magna at nunc'),
	(1547, 384, 103, 4.57, 'odio justo'),
	(1548, 308, 167, 3.09, 'ligula pellentesque ultrices'),
	(1549, 354, 164, 3.98, 'augue vel'),
	(1550, 216, 155, 3.36, 'sed lacus morbi'),
	(1551, 279, 156, 3.96, 'fermentum justo nec'),
	(1552, 216, 121, 4.33, 'quisque ut erat'),
	(1553, 235, 171, 3.73, 'luctus tincidunt'),
	(1554, 373, 195, 3.91, 'ultrices phasellus id'),
	(1555, 206, 103, 3.83, 'tempus semper est'),
	(1556, 320, 138, 3.89, 'phasellus sit'),
	(1557, 233, 120, 3.03, 'lobortis sapien'),
	(1558, 268, 142, 3.58, 'diam erat'),
	(1559, 211, 120, 4.35, 'volutpat convallis morbi'),
	(1560, 352, 191, 3.64, 'odio consequat'),
	(1561, 212, 106, 4.79, 'curae nulla'),
	(1562, 220, 181, 4.99, 'primis in'),
	(1563, 237, 158, 4.14, 'vel enim sit'),
	(1564, 283, 167, 3.35, 'eros suspendisse'),
	(1565, 234, 160, 4.16, 'augue luctus'),
	(1566, 395, 163, 3.27, 'nec molestie'),
	(1567, 229, 162, 3.44, 'erat fermentum justo'),
	(1568, 259, 139, 3.16, 'sem duis aliquam'),
	(1569, 306, 170, 3.45, 'quis justo maecenas'),
	(1570, 203, 131, 4.96, 'dolor vel'),
	(1571, 286, 102, 4.39, 'arcu sed'),
	(1572, 284, 119, 3.95, 'massa quis'),
	(1573, 240, 190, 3.70, 'libero nam'),
	(1574, 354, 197, 3.15, 'porta volutpat'),
	(1575, 364, 159, 3.66, 'turpis integer aliquet'),
	(1576, 359, 184, 4.66, 'platea dictumst maecenas'),
	(1577, 277, 122, 3.27, 'pede libero'),
	(1578, 387, 142, 4.87, 'luctus cum'),
	(1579, 337, 113, 3.66, 'nibh ligula'),
	(1580, 245, 172, 3.58, 'sed justo'),
	(1581, 395, 176, 4.74, 'integer non'),
	(1582, 237, 187, 3.32, 'ac tellus semper'),
	(1583, 234, 151, 3.34, 'convallis nulla'),
	(1584, 376, 109, 3.77, 'sed lacus'),
	(1585, 254, 184, 4.35, 'est quam pharetra'),
	(1586, 321, 119, 4.19, 'convallis nunc'),
	(1587, 275, 160, 3.72, 'fusce consequat'),
	(1588, 231, 141, 4.98, 'condimentum curabitur'),
	(1589, 364, 175, 4.93, 'et ultrices'),
	(1590, 375, 119, 4.41, 'convallis tortor'),
	(1591, 313, 177, 3.08, 'varius integer'),
	(1592, 252, 174, 4.01, 'sollicitudin mi sit'),
	(1593, 325, 152, 3.24, 'odio consequat'),
	(1594, 378, 198, 4.76, 'ultrices phasellus id'),
	(1595, 217, 123, 4.62, 'interdum in'),
	(1596, 222, 139, 4.43, 'eget tempus'),
	(1597, 360, 110, 4.89, 'quam a odio'),
	(1598, 382, 168, 4.29, 'dictumst morbi vestibulum'),
	(1599, 385, 157, 3.25, 'proin at turpis'),
	(1600, 272, 171, 3.60, 'risus dapibus'),
	(1601, 268, 191, 4.41, 'pretium quis'),
	(1602, 263, 146, 4.64, 'tempus vivamus in'),
	(1603, 348, 156, 4.99, 'lectus suspendisse potenti'),
	(1604, 240, 154, 3.43, 'pede ac'),
	(1605, 385, 168, 4.35, 'vel nulla eget'),
	(1606, 350, 114, 4.05, 'sagittis dui vel'),
	(1607, 301, 142, 4.25, 'tincidunt in'),
	(1608, 390, 115, 4.78, 'id consequat'),
	(1609, 249, 166, 3.66, 'dictumst maecenas'),
	(1610, 350, 122, 3.22, 'nascetur ridiculus mus'),
	(1611, 371, 200, 3.96, 'aliquet pulvinar sed'),
	(1612, 254, 104, 4.23, 'praesent blandit lacinia'),
	(1613, 396, 106, 4.41, 'enim lorem ipsum'),
	(1614, 312, 170, 4.75, 'dolor vel'),
	(1615, 391, 162, 4.82, 'integer tincidunt'),
	(1616, 306, 157, 4.76, 'odio justo'),
	(1617, 390, 159, 4.38, 'donec posuere'),
	(1618, 266, 143, 3.97, 'vitae quam suspendisse'),
	(1619, 320, 101, 3.61, 'tempus semper'),
	(1620, 217, 180, 4.94, 'dui nec'),
	(1621, 206, 196, 4.26, 'aliquet pulvinar'),
	(1622, 276, 120, 4.57, 'consequat varius integer'),
	(1623, 276, 151, 3.12, 'sit amet lobortis'),
	(1624, 263, 148, 4.96, 'nullam sit'),
	(1625, 382, 123, 4.41, 'eu pede'),
	(1626, 386, 197, 3.16, 'eu felis fusce'),
	(1627, 208, 130, 4.34, 'in sapien'),
	(1628, 373, 143, 4.97, 'suscipit nulla elit'),
	(1629, 388, 126, 4.99, 'blandit nam'),
	(1630, 294, 173, 4.70, 'orci vehicula condimentum'),
	(1631, 242, 166, 4.58, 'pede posuere'),
	(1632, 234, 181, 3.07, 'suscipit ligula'),
	(1633, 251, 194, 4.22, 'purus phasellus in'),
	(1634, 222, 117, 3.33, 'nulla nisl'),
	(1635, 372, 179, 3.09, 'mi sit'),
	(1636, 240, 194, 3.71, 'suscipit a feugiat'),
	(1637, 308, 144, 4.78, 'justo lacinia eget'),
	(1638, 274, 135, 4.11, 'at dolor quis'),
	(1639, 222, 200, 3.61, 'lacus morbi'),
	(1640, 293, 188, 3.01, 'ac est lacinia'),
	(1641, 264, 159, 4.38, 'sapien cum sociis'),
	(1642, 330, 131, 3.99, 'porta volutpat'),
	(1643, 268, 135, 3.90, 'mattis nibh ligula'),
	(1644, 385, 188, 4.79, 'lacinia aenean sit'),
	(1645, 377, 175, 4.14, 'sapien placerat ante'),
	(1646, 291, 167, 4.13, 'et ultrices posuere'),
	(1647, 326, 142, 4.98, 'lectus in'),
	(1648, 385, 119, 3.06, 'libero nullam'),
	(1649, 321, 171, 3.15, 'eget semper rutrum'),
	(1650, 248, 176, 4.51, 'velit nec nisi'),
	(1651, 340, 164, 4.64, 'mauris vulputate'),
	(1652, 279, 193, 3.80, 'nulla suspendisse potenti'),
	(1653, 258, 126, 4.83, 'donec dapibus'),
	(1654, 273, 169, 3.24, 'a odio in'),
	(1655, 334, 170, 4.67, 'tempus vel'),
	(1656, 365, 194, 4.16, 'lobortis est'),
	(1657, 266, 192, 4.16, 'in faucibus'),
	(1658, 282, 164, 4.10, 'ante ipsum primis'),
	(1659, 225, 166, 4.75, 'hac habitasse platea'),
	(1660, 281, 158, 3.66, 'in magna bibendum'),
	(1661, 250, 109, 4.53, 'lacinia aenean sit'),
	(1662, 339, 189, 3.02, 'pede justo lacinia'),
	(1663, 341, 115, 3.49, 'eleifend quam'),
	(1664, 231, 118, 3.03, 'a feugiat et'),
	(1665, 218, 175, 3.16, 'suscipit nulla'),
	(1666, 213, 199, 4.77, 'duis bibendum morbi'),
	(1667, 237, 113, 3.01, 'adipiscing elit'),
	(1668, 244, 102, 4.38, 'metus aenean'),
	(1669, 332, 157, 4.80, 'lobortis ligula sit'),
	(1670, 289, 198, 4.12, 'integer ac neque'),
	(1671, 251, 194, 4.48, 'justo eu'),
	(1672, 216, 150, 3.59, 'adipiscing molestie hendrerit'),
	(1673, 346, 129, 3.27, 'aliquet pulvinar sed'),
	(1674, 378, 172, 3.40, 'adipiscing molestie hendrerit'),
	(1675, 373, 177, 3.60, 'nisi at nibh'),
	(1676, 383, 195, 3.12, 'congue vivamus metus'),
	(1677, 348, 196, 3.50, 'tempor turpis'),
	(1678, 283, 150, 4.64, 'tortor quis turpis'),
	(1679, 290, 185, 4.90, 'odio porttitor'),
	(1680, 340, 166, 3.71, 'lectus in'),
	(1681, 247, 128, 4.20, 'quisque porta'),
	(1682, 257, 136, 4.05, 'etiam vel augue'),
	(1683, 319, 157, 4.99, 'nullam sit amet'),
	(1684, 383, 118, 3.37, 'pellentesque ultrices'),
	(1685, 386, 136, 4.96, 'risus dapibus'),
	(1686, 255, 121, 4.14, 'mauris viverra'),
	(1687, 236, 168, 4.51, 'pulvinar sed'),
	(1688, 276, 149, 3.64, 'mauris sit amet'),
	(1689, 338, 138, 4.18, 'enim in tempor'),
	(1690, 237, 129, 4.75, 'vitae nisl aenean'),
	(1691, 260, 189, 4.21, 'quam fringilla'),
	(1692, 204, 139, 3.08, 'nec nisi'),
	(1693, 262, 182, 3.77, 'morbi quis'),
	(1694, 263, 169, 4.68, 'semper rutrum'),
	(1695, 265, 125, 3.51, 'pede libero'),
	(1696, 207, 160, 4.73, 'amet justo'),
	(1697, 296, 119, 4.81, 'nullam molestie nibh'),
	(1698, 372, 107, 4.29, 'aliquam lacus morbi'),
	(1699, 370, 109, 4.15, 'felis fusce posuere'),
	(1700, 344, 196, 4.18, 'vivamus vel'),
	(1701, 259, 117, 3.36, 'quis orci'),
	(1702, 312, 144, 4.57, 'nonummy integer'),
	(1703, 220, 179, 3.54, 'eu tincidunt'),
	(1704, 222, 172, 3.04, 'amet lobortis sapien'),
	(1705, 287, 108, 3.41, 'imperdiet nullam orci'),
	(1706, 218, 105, 3.72, 'quam pharetra magna'),
	(1707, 309, 135, 4.36, 'non lectus aliquam'),
	(1708, 260, 199, 3.05, 'erat id'),
	(1709, 215, 195, 3.75, 'duis consequat dui'),
	(1710, 247, 149, 3.61, 'ultricies eu'),
	(1711, 265, 110, 3.98, 'cras pellentesque volutpat'),
	(1712, 257, 193, 4.30, 'ipsum aliquam'),
	(1713, 243, 119, 3.12, 'vestibulum ac est'),
	(1714, 333, 136, 4.52, 'eget massa'),
	(1715, 285, 182, 3.32, 'est lacinia'),
	(1716, 239, 169, 3.24, 'est quam'),
	(1717, 399, 193, 4.68, 'sapien sapien'),
	(1718, 353, 114, 4.21, 'lobortis sapien sapien'),
	(1719, 201, 185, 3.06, 'at diam'),
	(1720, 343, 117, 4.82, 'lacinia sapien'),
	(1721, 338, 108, 3.57, 'donec odio'),
	(1722, 367, 126, 3.38, 'maecenas pulvinar'),
	(1723, 220, 115, 3.04, 'in hac habitasse'),
	(1724, 348, 157, 4.22, 'sed justo pellentesque'),
	(1725, 306, 156, 3.43, 'congue elementum'),
	(1726, 378, 144, 3.56, 'lacus at velit'),
	(1727, 327, 181, 4.24, 'condimentum neque'),
	(1728, 202, 186, 3.41, 'platea dictumst etiam'),
	(1729, 249, 147, 4.32, 'lorem id'),
	(1730, 372, 132, 4.04, 'vel augue vestibulum'),
	(1731, 348, 136, 4.96, 'potenti cras in'),
	(1732, 332, 187, 4.86, 'erat vestibulum sed'),
	(1733, 384, 147, 4.93, 'risus dapibus augue'),
	(1734, 251, 124, 3.99, 'interdum venenatis'),
	(1735, 325, 102, 3.79, 'nisl aenean'),
	(1736, 342, 117, 3.11, 'at turpis'),
	(1737, 395, 108, 3.72, 'lectus suspendisse'),
	(1738, 259, 198, 3.30, 'rutrum nulla'),
	(1739, 233, 160, 3.04, 'ante ipsum primis'),
	(1740, 215, 151, 4.88, 'nulla dapibus'),
	(1741, 262, 114, 4.68, 'ac lobortis vel'),
	(1742, 389, 149, 3.15, 'blandit non'),
	(1743, 376, 169, 3.77, 'sagittis sapien cum'),
	(1744, 257, 187, 3.73, 'montes nascetur'),
	(1745, 289, 172, 4.72, 'enim sit amet'),
	(1746, 249, 164, 3.10, 'vivamus vel nulla'),
	(1747, 319, 123, 4.85, 'justo nec condimentum'),
	(1748, 287, 110, 3.57, 'erat eros'),
	(1749, 370, 153, 3.82, 'posuere cubilia curae'),
	(1750, 202, 113, 4.86, 'congue risus'),
	(1751, 330, 152, 4.21, 'egestas metus aenean'),
	(1752, 292, 150, 3.54, 'praesent lectus'),
	(1753, 400, 187, 3.03, 'curabitur gravida'),
	(1754, 221, 147, 3.15, 'in eleifend'),
	(1755, 312, 187, 4.53, 'ultrices posuere cubilia'),
	(1756, 356, 130, 4.25, 'turpis donec posuere'),
	(1757, 317, 117, 3.60, 'luctus et'),
	(1758, 294, 199, 3.63, 'nisl venenatis lacinia'),
	(1759, 389, 133, 3.04, 'bibendum imperdiet nullam'),
	(1760, 249, 127, 3.21, 'amet nunc viverra'),
	(1761, 219, 188, 3.23, 'in est risus'),
	(1762, 269, 142, 4.85, 'praesent blandit'),
	(1763, 320, 170, 3.67, 'dui proin'),
	(1764, 343, 160, 3.11, 'ut blandit non'),
	(1765, 223, 187, 4.24, 'vestibulum sed'),
	(1766, 399, 174, 4.98, 'vestibulum ante ipsum'),
	(1767, 282, 134, 4.03, 'venenatis lacinia'),
	(1768, 395, 149, 3.18, 'augue vestibulum ante'),
	(1769, 227, 176, 3.68, 'nullam porttitor'),
	(1770, 302, 138, 3.16, 'duis bibendum'),
	(1771, 228, 121, 4.22, 'volutpat erat'),
	(1772, 354, 128, 3.53, 'lobortis sapien'),
	(1773, 305, 125, 3.99, 'dis parturient montes'),
	(1774, 316, 134, 4.02, 'adipiscing molestie'),
	(1775, 390, 113, 3.20, 'velit donec'),
	(1776, 371, 120, 4.41, 'vel nulla'),
	(1777, 315, 161, 4.05, 'nam nulla integer'),
	(1778, 327, 189, 4.52, 'semper sapien'),
	(1779, 327, 179, 4.28, 'felis sed'),
	(1780, 306, 111, 3.58, 'enim sit'),
	(1781, 260, 162, 3.44, 'nulla ultrices'),
	(1782, 230, 174, 4.75, 'orci vehicula condimentum'),
	(1783, 350, 111, 4.96, 'non lectus'),
	(1784, 376, 131, 4.33, 'libero quis orci'),
	(1785, 247, 185, 4.80, 'sociis natoque'),
	(1786, 338, 121, 3.07, 'sit amet'),
	(1787, 316, 183, 4.58, 'quam fringilla'),
	(1788, 286, 198, 3.04, 'sit amet'),
	(1789, 266, 195, 3.73, 'commodo placerat'),
	(1790, 380, 139, 3.46, 'dictumst etiam'),
	(1791, 348, 197, 3.01, 'lacinia erat'),
	(1792, 347, 197, 4.08, 'amet sem fusce'),
	(1793, 268, 109, 3.32, 'sit amet'),
	(1794, 382, 188, 4.09, 'tristique tortor'),
	(1795, 396, 123, 3.47, 'in tempor'),
	(1796, 345, 124, 4.99, 'adipiscing molestie'),
	(1797, 391, 182, 4.87, 'nulla nunc'),
	(1798, 280, 111, 3.14, 'aliquet massa'),
	(1799, 291, 184, 4.26, 'pulvinar nulla pede'),
	(1800, 277, 145, 3.69, 'sem praesent id'),
	(1801, 380, 104, 3.86, 'dolor sit amet'),
	(1802, 380, 175, 3.19, 'duis mattis egestas'),
	(1803, 358, 126, 4.57, 'luctus tincidunt'),
	(1804, 335, 190, 3.43, 'habitasse platea'),
	(1805, 256, 154, 3.00, 'pulvinar lobortis'),
	(1806, 314, 156, 3.49, 'tempor turpis'),
	(1807, 274, 151, 3.25, 'lacinia nisi venenatis'),
	(1808, 309, 124, 3.52, 'massa quis'),
	(1809, 207, 178, 3.46, 'sapien cursus'),
	(1810, 329, 101, 4.64, 'nec condimentum'),
	(1811, 298, 191, 4.55, 'faucibus orci'),
	(1812, 204, 107, 3.34, 'id lobortis'),
	(1813, 254, 178, 3.61, 'mauris laoreet ut'),
	(1814, 359, 197, 4.06, 'ligula suspendisse'),
	(1815, 328, 130, 3.80, 'metus vitae ipsum'),
	(1816, 262, 200, 4.39, 'sit amet consectetuer'),
	(1817, 266, 186, 3.57, 'morbi sem mauris'),
	(1818, 360, 195, 4.31, 'tincidunt nulla mollis'),
	(1819, 237, 169, 4.81, 'tempus semper est'),
	(1820, 264, 146, 3.54, 'dui proin'),
	(1821, 294, 159, 4.13, 'orci nullam molestie'),
	(1822, 257, 156, 4.41, 'id ligula suspendisse'),
	(1823, 220, 116, 3.20, 'ultrices erat tortor'),
	(1824, 352, 192, 3.44, 'ultrices posuere cubilia'),
	(1825, 266, 182, 4.77, 'tellus in sagittis'),
	(1826, 225, 143, 3.25, 'fusce congue'),
	(1827, 249, 200, 4.73, 'vel dapibus at'),
	(1828, 235, 139, 4.79, 'aliquam quis'),
	(1829, 357, 109, 3.78, 'id pretium'),
	(1830, 329, 186, 3.41, 'vestibulum aliquet ultrices'),
	(1831, 210, 160, 3.33, 'ante ipsum primis'),
	(1832, 294, 129, 3.96, 'dictumst maecenas'),
	(1833, 348, 162, 3.70, 'habitasse platea dictumst'),
	(1834, 219, 189, 3.29, 'ante ipsum primis'),
	(1835, 241, 109, 4.27, 'tortor quis'),
	(1836, 263, 118, 4.62, 'sapien in sapien'),
	(1837, 261, 124, 3.94, 'ornare consequat lectus'),
	(1838, 275, 142, 4.15, 'elementum in'),
	(1839, 323, 102, 4.67, 'non ligula pellentesque'),
	(1840, 277, 172, 3.93, 'ac lobortis vel'),
	(1841, 201, 148, 3.88, 'eget nunc'),
	(1842, 221, 187, 3.95, 'sapien urna'),
	(1843, 250, 110, 4.20, 'et ultrices'),
	(1844, 247, 162, 3.25, 'in est risus'),
	(1845, 297, 183, 3.26, 'mi pede malesuada'),
	(1846, 314, 107, 4.68, 'pede venenatis'),
	(1847, 358, 184, 4.10, 'at nibh'),
	(1848, 323, 190, 4.95, 'semper est quam'),
	(1849, 266, 125, 4.30, 'interdum mauris'),
	(1850, 378, 153, 4.51, 'integer a nibh'),
	(1851, 311, 164, 3.50, 'id lobortis convallis'),
	(1852, 388, 113, 4.90, 'ut dolor morbi'),
	(1853, 307, 119, 4.96, 'vel enim'),
	(1854, 367, 110, 4.52, 'odio elementum'),
	(1855, 338, 116, 4.95, 'eros elementum pellentesque'),
	(1856, 286, 147, 3.23, 'at turpis a'),
	(1857, 272, 181, 4.57, 'praesent blandit'),
	(1858, 222, 128, 4.82, 'sed tincidunt'),
	(1859, 319, 198, 3.04, 'leo odio'),
	(1860, 306, 114, 3.77, 'iaculis congue'),
	(1861, 258, 152, 4.97, 'iaculis diam'),
	(1862, 397, 149, 4.50, 'ante vestibulum'),
	(1863, 327, 127, 3.78, 'mauris viverra diam'),
	(1864, 307, 121, 4.05, 'curabitur in libero'),
	(1865, 224, 114, 3.12, 'nisi volutpat eleifend'),
	(1866, 357, 125, 4.76, 'quam fringilla'),
	(1867, 399, 147, 3.04, 'pede libero quis'),
	(1868, 308, 102, 4.07, 'sagittis dui vel'),
	(1869, 353, 110, 4.43, 'et magnis dis'),
	(1870, 375, 173, 3.95, 'elementum pellentesque'),
	(1871, 270, 154, 4.26, 'libero quis'),
	(1872, 244, 113, 3.65, 'in lectus pellentesque'),
	(1873, 347, 118, 4.75, 'eget eleifend luctus'),
	(1874, 379, 197, 4.21, 'molestie sed justo'),
	(1875, 267, 181, 3.22, 'luctus ultricies eu'),
	(1876, 394, 124, 4.50, 'vel augue vestibulum'),
	(1877, 262, 141, 3.44, 'morbi non'),
	(1878, 252, 137, 4.87, 'donec ut mauris'),
	(1879, 261, 116, 3.27, 'nulla suspendisse'),
	(1880, 399, 191, 3.52, 'venenatis non'),
	(1881, 231, 196, 3.10, 'tellus nisi eu'),
	(1882, 265, 158, 4.10, 'consectetuer adipiscing elit'),
	(1883, 263, 191, 4.99, 'porttitor pede'),
	(1884, 311, 112, 3.53, 'imperdiet nullam orci'),
	(1885, 288, 158, 4.14, 'ipsum dolor sit'),
	(1886, 245, 177, 4.23, 'blandit lacinia erat'),
	(1887, 240, 118, 3.64, 'nulla tempus vivamus'),
	(1888, 273, 186, 4.63, 'a pede posuere'),
	(1889, 359, 134, 4.20, 'pretium iaculis justo'),
	(1890, 332, 190, 4.72, 'viverra pede ac'),
	(1891, 347, 170, 4.58, 'pellentesque volutpat'),
	(1892, 262, 191, 3.81, 'morbi vel lectus'),
	(1893, 317, 116, 3.67, 'luctus tincidunt nulla'),
	(1894, 351, 172, 3.19, 'dolor quis odio'),
	(1895, 319, 191, 4.66, 'eget tincidunt eget'),
	(1896, 228, 200, 4.15, 'curabitur at ipsum'),
	(1897, 362, 155, 4.78, 'cras in purus'),
	(1898, 242, 103, 3.73, 'condimentum curabitur'),
	(1899, 388, 157, 3.00, 'in faucibus'),
	(1900, 254, 143, 3.71, 'rutrum nulla tellus'),
	(1901, 247, 191, 3.16, 'bibendum imperdiet'),
	(1902, 390, 173, 4.26, 'hac habitasse platea'),
	(1903, 377, 149, 3.88, 'id mauris'),
	(1904, 284, 140, 3.29, 'in lacus'),
	(1905, 261, 151, 3.75, 'sapien dignissim vestibulum'),
	(1906, 380, 181, 3.35, 'et ultrices posuere'),
	(1907, 233, 139, 3.79, 'pharetra magna'),
	(1908, 218, 183, 4.30, 'sed nisl'),
	(1909, 267, 194, 4.54, 'quis odio'),
	(1910, 221, 167, 3.75, 'massa quis augue'),
	(1911, 304, 188, 3.28, 'donec diam'),
	(1912, 394, 126, 4.04, 'ligula sit amet'),
	(1913, 274, 178, 3.69, 'libero rutrum'),
	(1914, 365, 192, 4.32, 'ridiculus mus'),
	(1915, 290, 127, 3.85, 'feugiat non'),
	(1916, 292, 135, 3.88, 'non velit donec'),
	(1917, 341, 193, 3.45, 'quis turpis'),
	(1918, 235, 141, 3.70, 'morbi ut odio'),
	(1919, 304, 141, 3.35, 'mollis molestie'),
	(1920, 275, 199, 3.67, 'donec ut mauris'),
	(1921, 215, 117, 3.53, 'natoque penatibus et'),
	(1922, 219, 185, 3.43, 'est phasellus sit'),
	(1923, 321, 116, 4.12, 'rhoncus dui vel'),
	(1924, 234, 144, 4.83, 'lectus pellentesque'),
	(1925, 356, 163, 3.66, 'ligula sit'),
	(1926, 227, 129, 4.63, 'vitae consectetuer eget'),
	(1927, 326, 190, 4.81, 'sit amet'),
	(1928, 356, 181, 4.81, 'rhoncus dui'),
	(1929, 371, 193, 3.49, 'leo maecenas'),
	(1930, 398, 142, 4.43, 'nulla suscipit'),
	(1931, 281, 182, 4.49, 'pellentesque ultrices'),
	(1932, 364, 187, 4.36, 'condimentum neque'),
	(1933, 217, 110, 4.03, 'arcu adipiscing molestie'),
	(1934, 245, 105, 4.47, 'pede ullamcorper augue'),
	(1935, 298, 136, 3.70, 'quam pharetra'),
	(1936, 388, 172, 4.94, 'ipsum ac'),
	(1937, 307, 185, 3.44, 'ultrices libero'),
	(1938, 372, 116, 4.65, 'posuere cubilia'),
	(1939, 212, 147, 4.35, 'eu massa'),
	(1940, 250, 194, 3.29, 'sollicitudin ut'),
	(1941, 226, 197, 3.76, 'in imperdiet'),
	(1942, 301, 136, 4.15, 'in lacus curabitur'),
	(1943, 365, 145, 4.09, 'diam in'),
	(1944, 292, 146, 4.39, 'ipsum primis in'),
	(1945, 309, 181, 3.71, 'imperdiet sapien'),
	(1946, 235, 140, 4.84, 'vehicula condimentum'),
	(1947, 280, 190, 3.33, 'sit amet'),
	(1948, 276, 135, 4.21, 'tincidunt eget'),
	(1949, 210, 112, 3.86, 'imperdiet et'),
	(1950, 379, 184, 3.97, 'in hac'),
	(1951, 348, 153, 3.71, 'sapien varius ut'),
	(1952, 281, 145, 3.31, 'amet sapien dignissim'),
	(1953, 213, 133, 3.08, 'diam neque'),
	(1954, 263, 112, 3.36, 'iaculis justo in'),
	(1955, 225, 143, 4.49, 'non sodales'),
	(1956, 216, 169, 4.33, 'aenean lectus'),
	(1957, 269, 110, 4.56, 'ut nunc vestibulum'),
	(1958, 327, 125, 3.10, 'viverra diam vitae'),
	(1959, 347, 131, 4.69, 'massa tempor convallis'),
	(1960, 332, 103, 3.48, 'orci luctus et'),
	(1961, 292, 165, 3.10, 'nam ultrices'),
	(1962, 260, 157, 3.26, 'ipsum aliquam'),
	(1963, 389, 182, 4.33, 'lectus pellentesque'),
	(1964, 293, 183, 4.24, 'sapien a libero'),
	(1965, 333, 133, 4.61, 'hendrerit at'),
	(1966, 316, 195, 4.74, 'nisi eu orci'),
	(1967, 203, 155, 4.55, 'quis justo'),
	(1968, 322, 163, 3.76, 'etiam faucibus cursus'),
	(1969, 349, 160, 3.97, 'ullamcorper purus sit'),
	(1970, 346, 139, 3.52, 'parturient montes nascetur'),
	(1971, 260, 108, 4.20, 'integer ac'),
	(1972, 318, 174, 4.97, 'bibendum felis'),
	(1973, 262, 129, 3.14, 'in felis donec'),
	(1974, 240, 103, 4.80, 'quis tortor id'),
	(1975, 319, 166, 3.31, 'viverra diam vitae'),
	(1976, 393, 147, 4.95, 'in magna bibendum'),
	(1977, 373, 163, 4.75, 'penatibus et'),
	(1978, 293, 150, 4.09, 'nibh fusce'),
	(1979, 210, 168, 4.58, 'tortor duis mattis'),
	(1980, 256, 111, 3.93, 'viverra pede'),
	(1981, 320, 104, 3.95, 'vel lectus'),
	(1982, 202, 160, 4.36, 'morbi vel lectus'),
	(1983, 227, 164, 4.91, 'augue luctus tincidunt'),
	(1984, 267, 134, 3.30, 'dui luctus'),
	(1985, 385, 146, 3.56, 'quis orci'),
	(1986, 205, 121, 3.41, 'blandit nam nulla'),
	(1987, 348, 105, 3.81, 'nisi volutpat eleifend'),
	(1988, 241, 182, 4.88, 'arcu sed augue'),
	(1989, 396, 165, 4.96, 'in tempus sit'),
	(1990, 375, 116, 4.63, 'etiam faucibus'),
	(1991, 245, 159, 3.91, 'vivamus vestibulum sagittis'),
	(1992, 370, 148, 3.69, 'turpis nec'),
	(1993, 391, 193, 3.27, 'in libero ut'),
	(1994, 243, 167, 4.14, 'luctus et'),
	(1995, 278, 136, 4.89, 'non velit'),
	(1996, 349, 197, 4.91, 'orci luctus'),
	(1997, 347, 139, 4.88, 'sit amet nunc'),
	(1998, 318, 173, 3.81, 'nascetur ridiculus'),
	(1999, 227, 152, 3.01, 'sed augue aliquam'),
	(2000, 333, 120, 4.93, 'etiam faucibus cursus'),
	(2001, 249, 182, 4.72, 'interdum eu');
/*!40000 ALTER TABLE `student_notes` ENABLE KEYS */;

/*!40101 SET SQL_MODE=IFNULL(@OLD_SQL_MODE, '') */;
/*!40014 SET FOREIGN_KEY_CHECKS=IF(@OLD_FOREIGN_KEY_CHECKS IS NULL, 1, @OLD_FOREIGN_KEY_CHECKS) */;
/*!40101 SET CHARACTER_SET_CLIENT=@OLD_CHARACTER_SET_CLIENT */;
