-- --------------------------------------------------------
-- Host:                         localhost
-- Versión del servidor:         10.5.8-MariaDB - mariadb.org binary distribution
-- SO del servidor:              Win64
-- HeidiSQL Versión:             11.0.0.5919
-- --------------------------------------------------------

/*!40101 SET @OLD_CHARACTER_SET_CLIENT=@@CHARACTER_SET_CLIENT */;
/*!40101 SET NAMES utf8 */;
/*!50503 SET NAMES utf8mb4 */;
/*!40014 SET @OLD_FOREIGN_KEY_CHECKS=@@FOREIGN_KEY_CHECKS, FOREIGN_KEY_CHECKS=0 */;
/*!40101 SET @OLD_SQL_MODE=@@SQL_MODE, SQL_MODE='NO_AUTO_VALUE_ON_ZERO' */;


-- Volcando estructura de base de datos para p2_asistencia_actividades
CREATE DATABASE IF NOT EXISTS `p2_asistencia_actividades` /*!40100 DEFAULT CHARACTER SET utf8 */;
USE `p2_asistencia_actividades`;

-- Volcando estructura para tabla p2_asistencia_actividades.academic_spaces
CREATE TABLE IF NOT EXISTS `academic_spaces` (
  `id` int(11) unsigned NOT NULL AUTO_INCREMENT,
  `period_id` int(11) unsigned NOT NULL,
  `name` varchar(255) NOT NULL,
  `semester` varchar(255) NOT NULL,
  PRIMARY KEY (`id`),
  KEY `academic_spaces_period_fk` (`period_id`),
  CONSTRAINT `academic_spaces_period_fk` FOREIGN KEY (`period_id`) REFERENCES `periods` (`id`) ON DELETE CASCADE ON UPDATE CASCADE
) ENGINE=InnoDB AUTO_INCREMENT=18 DEFAULT CHARSET=utf8;

-- Volcando datos para la tabla p2_asistencia_actividades.academic_spaces: ~11 rows (aproximadamente)
/*!40000 ALTER TABLE `academic_spaces` DISABLE KEYS */;
INSERT INTO `academic_spaces` (`id`, `period_id`, `name`, `semester`) VALUES
	(1, 3, 'Bases de datos II', 'Quinto'),
	(2, 3, 'Redes y Comunicaciones II', 'Quinto'),
	(3, 3, 'Diseño de Apps', 'Quinto'),
	(4, 3, 'Diagramación y Algoritmo', 'Primero'),
	(5, 3, 'Bases de datos I', 'Cuarto'),
	(7, 4, 'Desarrollo de software', 'Segundo'),
	(8, 4, 'Lenguaje Estructurado', 'Segundo'),
	(9, 4, 'Estructura de datos', 'Tercer'),
	(10, 4, 'Analisis y Diseño de sistemas', 'Tercer');
/*!40000 ALTER TABLE `academic_spaces` ENABLE KEYS */;

-- Volcando estructura para tabla p2_asistencia_actividades.partials_activities
CREATE TABLE IF NOT EXISTS `partials_activities` (
  `id` int(11) unsigned NOT NULL AUTO_INCREMENT,
  `academic_space_id` int(11) unsigned NOT NULL,
  `date` date NOT NULL,
  `cut` int(50) NOT NULL,
  `name` varchar(255) DEFAULT NULL,
  `porcentage_in_cut` decimal(5,2) NOT NULL,
  PRIMARY KEY (`id`),
  KEY `partials_activities_academic_space_fk` (`academic_space_id`),
  CONSTRAINT `partials_activities_academic_space_fk` FOREIGN KEY (`academic_space_id`) REFERENCES `academic_spaces` (`id`) ON DELETE CASCADE ON UPDATE CASCADE
) ENGINE=InnoDB AUTO_INCREMENT=404 DEFAULT CHARSET=utf8;

-- Volcando datos para la tabla p2_asistencia_actividades.partials_activities: ~295 rows (aproximadamente)
/*!40000 ALTER TABLE `partials_activities` DISABLE KEYS */;
INSERT INTO `partials_activities` (`id`, `academic_space_id`, `date`, `cut`, `name`, `porcentage_in_cut`) VALUES
	(102, 4, '2021-04-12', 3, 'Treeflex', 1.03),
	(103, 4, '2021-06-07', 2, 'Stronghold', 3.92),
	(104, 4, '2021-09-07', 1, 'Wrapsafe', 3.15),
	(105, 4, '2021-06-25', 1, 'Hatity', 2.30),
	(106, 2, '2021-09-07', 1, 'Sonair', 3.16),
	(107, 3, '2021-10-12', 3, 'Zaam-Dox', 1.47),
	(108, 1, '2021-01-22', 2, 'Wrapsafe', 4.20),
	(109, 5, '2021-01-03', 1, 'Biodex', 3.00),
	(110, 1, '2021-07-09', 1, 'Namfix', 1.07),
	(111, 1, '2021-03-09', 2, 'Stim', 3.84),
	(112, 2, '2021-01-14', 3, 'Fixflex', 1.78),
	(114, 1, '2021-01-17', 2, 'Kanlam', 2.07),
	(115, 3, '2021-01-02', 3, 'Sub-Ex', 2.01),
	(116, 4, '2021-08-27', 1, 'Asoka', 4.76),
	(117, 2, '2021-05-29', 1, 'Sonsing', 2.59),
	(119, 5, '2021-02-05', 2, 'Zathin', 1.64),
	(120, 3, '2021-09-03', 1, 'Toughjoyfax', 1.22),
	(121, 3, '2021-02-25', 2, 'Flexidy', 1.05),
	(122, 5, '2021-11-25', 3, 'Domainer', 1.04),
	(124, 4, '2021-11-02', 1, 'Treeflex', 2.19),
	(125, 2, '2021-09-26', 3, 'Viva', 4.47),
	(126, 3, '2021-07-11', 1, 'Sonsing', 3.67),
	(127, 4, '2021-06-18', 1, 'Alpha', 1.78),
	(128, 1, '2021-03-17', 1, 'Tempsoft', 2.85),
	(129, 2, '2021-02-14', 2, 'Zaam-Dox', 1.54),
	(130, 2, '2021-06-02', 2, 'Temp', 2.72),
	(131, 1, '2021-06-26', 1, 'Tin', 2.12),
	(132, 1, '2021-07-22', 3, 'Voltsillam', 2.90),
	(133, 5, '2021-03-25', 1, 'Greenlam', 2.14),
	(134, 5, '2021-03-07', 2, 'Tres-Zap', 4.79),
	(135, 2, '2021-11-11', 3, 'Ronstring', 3.57),
	(136, 4, '2021-04-29', 2, 'Home Ing', 1.18),
	(137, 4, '2021-10-25', 3, 'Fintone', 2.44),
	(138, 4, '2021-04-05', 3, 'Sonair', 1.52),
	(139, 5, '2021-06-29', 3, 'Latlux', 3.77),
	(140, 1, '2021-11-21', 1, 'Solarbreeze', 1.14),
	(141, 3, '2021-04-18', 3, 'Toughjoyfax', 3.47),
	(142, 3, '2021-04-19', 2, 'Y-find', 3.83),
	(143, 5, '2021-03-09', 3, 'Bitchip', 3.17),
	(144, 3, '2021-10-30', 1, 'Fixflex', 3.78),
	(145, 5, '2021-02-09', 2, 'Mat Lam Tam', 1.39),
	(146, 5, '2021-01-02', 2, 'Otcom', 1.89),
	(148, 4, '2021-04-20', 3, 'Kanlam', 3.17),
	(149, 4, '2021-02-05', 1, 'Sonsing', 2.39),
	(150, 5, '2021-10-06', 3, 'Alpha', 2.32),
	(151, 4, '2021-07-11', 1, 'Bamity', 4.02),
	(152, 3, '2021-03-07', 2, 'Konklab', 4.59),
	(153, 1, '2021-09-30', 3, 'Tampflex', 3.11),
	(158, 4, '2021-10-08', 3, 'Stringtough', 1.28),
	(159, 2, '2021-01-19', 1, 'Ventosanzap', 3.31),
	(160, 2, '2021-06-01', 2, 'Sub-Ex', 2.43),
	(161, 4, '2021-10-21', 1, 'Mat Lam Tam', 3.76),
	(164, 2, '2021-02-04', 3, 'Cardguard', 4.57),
	(165, 4, '2021-03-16', 2, 'Veribet', 4.11),
	(166, 2, '2021-07-12', 1, 'Greenlam', 2.08),
	(167, 1, '2021-01-12', 2, 'Alphazap', 4.99),
	(168, 4, '2021-07-27', 2, 'Aerified', 4.33),
	(170, 1, '2021-06-03', 3, 'Fixflex', 3.43),
	(171, 3, '2021-11-24', 1, 'Daltfresh', 2.73),
	(172, 1, '2021-11-17', 1, 'Rank', 3.35),
	(173, 3, '2021-01-24', 3, 'Zathin', 2.55),
	(174, 3, '2021-11-11', 3, 'Konklux', 2.75),
	(175, 4, '2021-10-18', 2, 'Biodex', 4.55),
	(176, 3, '2021-06-07', 3, 'Ventosanzap', 3.62),
	(177, 1, '2021-05-29', 1, 'Sub-Ex', 2.79),
	(178, 2, '2021-03-05', 3, 'Lotstring', 4.42),
	(179, 3, '2021-01-23', 1, 'Transcof', 3.86),
	(180, 2, '2021-09-02', 3, 'Treeflex', 4.62),
	(181, 2, '2021-05-13', 3, 'Mat Lam Tam', 4.82),
	(182, 1, '2021-08-21', 2, 'Latlux', 3.81),
	(183, 2, '2021-06-20', 2, 'Tampflex', 3.88),
	(184, 2, '2021-05-14', 1, 'Gembucket', 4.81),
	(185, 5, '2021-05-24', 3, 'Subin', 4.42),
	(186, 1, '2021-08-25', 1, 'Konklab', 3.24),
	(187, 2, '2021-03-27', 3, 'Bamity', 2.30),
	(188, 3, '2021-08-24', 3, 'Lotlux', 3.55),
	(190, 2, '2021-03-03', 1, 'Solarbreeze', 4.44),
	(192, 2, '2021-08-25', 3, 'Sonair', 4.27),
	(193, 1, '2021-03-07', 1, 'Mat Lam Tam', 1.16),
	(194, 2, '2021-03-25', 3, 'Bytecard', 1.72),
	(195, 3, '2021-05-12', 3, 'Sonsing', 2.37),
	(196, 3, '2021-07-02', 2, 'Sonsing', 1.54),
	(197, 2, '2021-06-02', 1, 'Mat Lam Tam', 1.96),
	(200, 1, '2021-10-31', 2, 'Stim', 3.28),
	(201, 8, '2021-09-26', 1, 'Voyatouch', 0.53),
	(202, 8, '2021-11-21', 2, 'Bamity', 0.57),
	(203, 9, '2021-11-30', 3, 'Kanlam', 0.89),
	(204, 7, '2021-08-07', 3, 'Overhold', 0.43),
	(205, 9, '2021-08-24', 1, 'Temp', 0.60),
	(206, 9, '2021-11-21', 2, 'Pannier', 0.75),
	(207, 8, '2021-10-17', 1, 'Gembucket', 0.46),
	(208, 7, '2021-12-03', 3, 'Temp', 0.79),
	(209, 9, '2021-11-08', 3, 'Veribet', 0.35),
	(210, 9, '2021-09-12', 1, 'Voyatouch', 0.49),
	(211, 10, '2021-12-05', 2, 'Lotlux', 0.91),
	(212, 10, '2021-09-29', 3, 'Bigtax', 0.53),
	(213, 8, '2021-10-12', 1, 'Zontrax', 0.96),
	(214, 10, '2021-11-14', 1, 'Fix San', 0.96),
	(215, 8, '2021-11-18', 3, 'Transcof', 0.38),
	(216, 10, '2021-11-28', 3, 'Trippledex', 0.05),
	(217, 7, '2021-08-07', 3, 'Tampflex', 0.99),
	(218, 10, '2021-10-11', 3, 'Bytecard', 0.19),
	(219, 10, '2021-08-18', 3, 'Andalax', 0.38),
	(220, 8, '2021-10-11', 1, 'Matsoft', 0.75),
	(221, 9, '2021-10-29', 1, 'Flexidy', 0.32),
	(222, 10, '2021-08-15', 2, 'Konklux', 0.71),
	(223, 8, '2021-11-03', 2, 'Cardguard', 0.32),
	(224, 8, '2021-09-18', 1, 'Latlux', 0.94),
	(225, 8, '2021-09-15', 2, 'Mat Lam Tam', 0.42),
	(226, 9, '2021-09-19', 2, 'Quo Lux', 0.98),
	(227, 9, '2021-09-04', 2, 'Overhold', 0.55),
	(228, 7, '2021-09-17', 1, 'Redhold', 0.35),
	(229, 10, '2021-08-26', 2, 'Cardify', 0.86),
	(230, 9, '2021-12-09', 3, 'Solarbreeze', 0.14),
	(231, 8, '2021-10-28', 3, 'Holdlamis', 0.84),
	(232, 10, '2021-09-27', 2, 'Hatity', 0.89),
	(233, 7, '2021-08-15', 1, 'Tempsoft', 0.47),
	(234, 7, '2021-08-14', 2, 'Lotstring', 0.60),
	(235, 10, '2021-09-09', 3, 'Tin', 0.19),
	(236, 10, '2021-10-11', 1, 'Zontrax', 0.13),
	(237, 7, '2021-08-15', 2, 'Stronghold', 0.14),
	(238, 7, '2021-09-10', 2, 'Span', 0.51),
	(239, 9, '2021-10-28', 3, 'Toughjoyfax', 0.53),
	(240, 9, '2021-11-10', 3, 'Tampflex', 0.33),
	(241, 8, '2021-12-08', 2, 'Voyatouch', 0.44),
	(242, 7, '2021-08-22', 3, 'Sub-Ex', 0.72),
	(243, 7, '2021-10-13', 2, 'Otcom', 0.31),
	(244, 9, '2021-11-27', 2, 'Cardify', 0.86),
	(245, 9, '2021-10-22', 2, 'Konklux', 0.04),
	(246, 7, '2021-10-27', 1, 'Opela', 0.53),
	(247, 10, '2021-08-05', 2, 'Matsoft', 0.68),
	(248, 9, '2021-11-22', 2, 'Ventosanzap', 0.19),
	(249, 7, '2021-09-07', 3, 'Subin', 0.24),
	(250, 10, '2021-09-23', 3, 'Mat Lam Tam', 0.55),
	(251, 9, '2021-09-01', 1, 'Bytecard', 0.34),
	(252, 9, '2021-09-14', 3, 'Bitwolf', 0.55),
	(253, 7, '2021-08-13', 2, 'Andalax', 0.71),
	(254, 8, '2021-11-19', 2, 'Bamity', 0.91),
	(255, 10, '2021-08-02', 2, 'Zaam-Dox', 0.93),
	(256, 7, '2021-12-06', 2, 'Opela', 0.37),
	(257, 8, '2021-10-20', 1, 'Job', 0.52),
	(258, 8, '2021-11-19', 1, 'Sonsing', 0.91),
	(259, 8, '2021-10-24', 2, 'Aerified', 0.40),
	(260, 8, '2021-10-25', 2, 'Gembucket', 0.31),
	(261, 10, '2021-09-29', 2, 'Holdlamis', 0.21),
	(262, 10, '2021-11-08', 2, 'Tin', 0.79),
	(263, 8, '2021-08-26', 1, 'Flexidy', 0.12),
	(264, 10, '2021-08-25', 1, 'Lotlux', 0.20),
	(265, 7, '2021-12-07', 3, 'Vagram', 0.34),
	(266, 9, '2021-08-11', 3, 'Veribet', 0.69),
	(267, 8, '2021-10-07', 2, 'Span', 0.62),
	(268, 8, '2021-11-30', 2, 'Latlux', 0.09),
	(269, 9, '2021-08-22', 3, 'Viva', 0.62),
	(270, 8, '2021-12-06', 2, 'Zaam-Dox', 0.51),
	(271, 8, '2021-08-12', 3, 'Tempsoft', 0.95),
	(272, 7, '2021-09-26', 3, 'Flexidy', 0.85),
	(273, 9, '2021-11-30', 2, 'Quo Lux', 0.04),
	(274, 8, '2021-11-07', 1, 'Stringtough', 0.48),
	(275, 9, '2021-10-05', 2, 'Sonair', 0.35),
	(276, 7, '2021-08-05', 3, 'Voyatouch', 0.22),
	(277, 7, '2021-10-05', 3, 'Zontrax', 0.30),
	(278, 9, '2021-09-22', 3, 'Namfix', 0.69),
	(279, 10, '2021-09-07', 3, 'Aerified', 0.86),
	(280, 8, '2021-08-10', 2, 'Bitwolf', 0.28),
	(281, 9, '2021-11-26', 3, 'Stim', 0.75),
	(282, 10, '2021-10-19', 3, 'Kanlam', 0.58),
	(283, 10, '2021-09-02', 1, 'Stim', 0.47),
	(284, 10, '2021-08-15', 2, 'Overhold', 0.42),
	(285, 9, '2021-08-15', 2, 'Tres-Zap', 0.70),
	(286, 8, '2021-11-25', 1, 'Quo Lux', 0.15),
	(287, 7, '2021-09-28', 3, 'Bigtax', 0.70),
	(288, 9, '2021-09-14', 1, 'Biodex', 0.36),
	(289, 10, '2021-09-03', 1, 'Zontrax', 0.03),
	(290, 7, '2021-12-07', 3, 'Transcof', 0.30),
	(291, 7, '2021-11-14', 2, 'Keylex', 0.94),
	(292, 7, '2021-11-01', 2, 'Ventosanzap', 0.01),
	(293, 7, '2021-11-16', 1, 'Tresom', 0.78),
	(294, 10, '2021-08-16', 1, 'Tin', 0.69),
	(295, 10, '2021-08-30', 2, 'Hatity', 0.43),
	(296, 9, '2021-08-07', 1, 'Prodder', 0.36),
	(297, 7, '2021-08-14', 1, 'Fix San', 0.29),
	(298, 10, '2021-08-19', 1, 'Stronghold', 0.10),
	(299, 9, '2021-09-16', 2, 'Temp', 0.61),
	(300, 9, '2021-11-03', 1, 'Bitwolf', 0.33),
	(301, 7, '2021-09-28', 3, 'Y-Solowarm', 0.67),
	(302, 7, '2021-11-27', 1, 'Fix San', 0.31),
	(303, 8, '2021-12-03', 2, 'Temp', 0.49),
	(304, 10, '2021-11-03', 2, 'Sonsing', 0.16),
	(305, 8, '2021-08-24', 3, 'Alpha', 0.56),
	(306, 10, '2021-08-01', 1, 'Sonsing', 0.38),
	(307, 9, '2021-09-09', 3, 'Fix San', 0.39),
	(308, 7, '2021-10-28', 2, 'Sub-Ex', 0.27),
	(309, 10, '2021-08-03', 1, 'Otcom', 0.50),
	(310, 7, '2021-12-05', 3, 'Treeflex', 0.23),
	(311, 10, '2021-08-30', 3, 'Ventosanzap', 0.22),
	(312, 10, '2021-08-06', 1, 'Pannier', 0.58),
	(313, 10, '2021-09-19', 1, 'Konklux', 0.73),
	(314, 10, '2021-09-07', 2, 'Aerified', 0.83),
	(315, 8, '2021-11-25', 3, 'Fixflex', 0.37),
	(316, 9, '2021-08-26', 3, 'Latlux', 0.74),
	(317, 10, '2021-11-19', 3, 'Tin', 0.09),
	(318, 7, '2021-08-24', 2, 'Kanlam', 0.33),
	(319, 10, '2021-08-16', 1, 'Veribet', 0.25),
	(320, 7, '2021-11-26', 2, 'Regrant', 0.17),
	(321, 10, '2021-12-08', 3, 'Y-find', 0.16),
	(322, 10, '2021-12-03', 1, 'Duobam', 0.10),
	(323, 10, '2021-10-31', 2, 'Veribet', 0.10),
	(324, 8, '2021-11-17', 1, 'Cardify', 0.35),
	(325, 9, '2021-08-03', 1, 'Sonsing', 0.42),
	(326, 8, '2021-08-14', 3, 'Tin', 0.57),
	(327, 9, '2021-08-22', 3, 'Tresom', 0.46),
	(328, 9, '2021-11-09', 3, 'Voyatouch', 0.83),
	(329, 8, '2021-10-03', 2, 'Matsoft', 0.26),
	(330, 8, '2021-11-09', 2, 'Alpha', 0.65),
	(331, 7, '2021-08-26', 2, 'Home Ing', 0.89),
	(332, 7, '2021-10-31', 1, 'Y-find', 0.99),
	(333, 9, '2021-11-20', 2, 'Zaam-Dox', 0.31),
	(334, 9, '2021-10-15', 2, 'Opela', 0.87),
	(335, 9, '2021-09-05', 1, 'Konklab', 0.67),
	(336, 10, '2021-08-08', 2, 'Flexidy', 0.35),
	(337, 8, '2021-09-08', 2, 'Gembucket', 0.59),
	(338, 8, '2021-10-21', 3, 'Cardify', 0.31),
	(339, 8, '2021-08-05', 3, 'Toughjoyfax', 0.52),
	(340, 10, '2021-10-29', 1, 'Ronstring', 0.12),
	(341, 9, '2021-11-07', 1, 'Aerified', 0.83),
	(342, 8, '2021-09-05', 3, 'Cardguard', 0.96),
	(343, 9, '2021-08-08', 2, 'Asoka', 0.18),
	(344, 8, '2021-10-13', 3, 'Overhold', 0.67),
	(345, 9, '2021-11-18', 1, 'Viva', 0.87),
	(346, 10, '2021-11-20', 1, 'Cardify', 0.33),
	(347, 9, '2021-10-25', 3, 'Lotlux', 0.43),
	(348, 7, '2021-11-10', 1, 'Treeflex', 0.92),
	(349, 9, '2021-09-04', 2, 'Daltfresh', 0.78),
	(350, 7, '2021-08-29', 2, 'Fixflex', 0.69),
	(351, 9, '2021-08-16', 2, 'Matsoft', 0.20),
	(352, 8, '2021-09-14', 2, 'Veribet', 0.28),
	(353, 8, '2021-12-02', 3, 'Lotstring', 0.19),
	(354, 9, '2021-10-01', 2, 'Job', 0.63),
	(355, 10, '2021-11-08', 2, 'Fintone', 0.68),
	(356, 8, '2021-08-31', 2, 'Transcof', 0.28),
	(357, 7, '2021-11-23', 1, 'Matsoft', 0.37),
	(358, 7, '2021-08-09', 1, 'Lotlux', 0.44),
	(359, 10, '2021-09-09', 1, 'Alphazap', 0.07),
	(360, 9, '2021-09-15', 1, 'Wrapsafe', 0.57),
	(361, 10, '2021-08-28', 1, 'Tempsoft', 0.19),
	(362, 10, '2021-11-27', 2, 'Bitwolf', 0.87),
	(363, 9, '2021-08-20', 2, 'Pannier', 0.78),
	(364, 8, '2021-08-01', 1, 'Zamit', 0.40),
	(365, 9, '2021-09-21', 3, 'Veribet', 0.56),
	(366, 10, '2021-11-15', 2, 'Tresom', 0.23),
	(367, 10, '2021-08-19', 3, 'Biodex', 0.92),
	(368, 8, '2021-12-06', 1, 'Overhold', 0.75),
	(369, 9, '2021-10-15', 1, 'Bitchip', 0.92),
	(370, 9, '2021-08-12', 1, 'Treeflex', 0.87),
	(371, 8, '2021-10-18', 1, 'Treeflex', 0.98),
	(372, 9, '2021-10-20', 1, 'Tempsoft', 0.30),
	(373, 10, '2021-10-16', 1, 'Bitchip', 0.85),
	(374, 9, '2021-09-24', 2, 'Otcom', 0.77),
	(375, 10, '2021-08-12', 1, 'Bitwolf', 0.52),
	(376, 10, '2021-10-09', 1, 'Flowdesk', 0.11),
	(377, 8, '2021-10-11', 2, 'Stronghold', 0.05),
	(378, 7, '2021-11-29', 1, 'Fix San', 0.67),
	(379, 7, '2021-10-31', 1, 'Alpha', 0.20),
	(380, 7, '2021-09-05', 1, 'Home Ing', 0.41),
	(381, 9, '2021-10-20', 1, 'Overhold', 0.75),
	(382, 10, '2021-08-14', 2, 'Voyatouch', 0.29),
	(383, 9, '2021-11-20', 2, 'Lotlux', 0.19),
	(384, 8, '2021-10-18', 2, 'Kanlam', 0.21),
	(385, 9, '2021-11-02', 3, 'Veribet', 0.39),
	(386, 9, '2021-10-21', 1, 'Viva', 0.91),
	(387, 9, '2021-10-17', 1, 'Transcof', 0.83),
	(388, 7, '2021-08-18', 3, 'Sonsing', 0.90),
	(389, 8, '2021-11-04', 3, 'Cardguard', 0.75),
	(390, 8, '2021-10-30', 2, 'Stim', 0.92),
	(391, 10, '2021-11-30', 3, 'Regrant', 0.47),
	(392, 7, '2021-09-18', 2, 'Konklab', 0.51),
	(393, 10, '2021-09-07', 2, 'Wrapsafe', 0.74),
	(394, 7, '2021-09-03', 3, 'Redhold', 1.00),
	(395, 8, '2021-08-28', 1, 'Matsoft', 0.28),
	(396, 10, '2021-09-11', 3, 'Lotlux', 0.05),
	(397, 9, '2021-11-11', 1, 'Namfix', 0.40),
	(398, 9, '2021-08-04', 1, 'Greenlam', 0.55),
	(399, 10, '2021-08-04', 1, 'Sonair', 0.74),
	(400, 10, '2021-09-20', 3, 'Stringtough', 0.62),
	(402, 3, '2021-04-08', 2, 'Camilo', 0.30),
	(403, 3, '2021-03-30', 2, 'asd', 0.00);
/*!40000 ALTER TABLE `partials_activities` ENABLE KEYS */;

-- Volcando estructura para tabla p2_asistencia_actividades.periods
CREATE TABLE IF NOT EXISTS `periods` (
  `id` int(11) unsigned NOT NULL AUTO_INCREMENT,
  `date` year(4) NOT NULL,
  `period` int(11) unsigned NOT NULL,
  PRIMARY KEY (`id`)
) ENGINE=InnoDB AUTO_INCREMENT=15 DEFAULT CHARSET=utf8;

-- Volcando datos para la tabla p2_asistencia_actividades.periods: ~4 rows (aproximadamente)
/*!40000 ALTER TABLE `periods` DISABLE KEYS */;
INSERT INTO `periods` (`id`, `date`, `period`) VALUES
	(2, '2020', 1),
	(3, '2021', 1),
	(4, '2021', 2),
	(14, '2017', 1);
/*!40000 ALTER TABLE `periods` ENABLE KEYS */;

-- Volcando estructura para tabla p2_asistencia_actividades.sessions
CREATE TABLE IF NOT EXISTS `sessions` (
  `id` int(11) unsigned NOT NULL AUTO_INCREMENT,
  `academic_space_id` int(11) unsigned NOT NULL,
  `date` date NOT NULL,
  `cut` varchar(255) NOT NULL,
  `time_start` time NOT NULL,
  `time_end` time NOT NULL,
  PRIMARY KEY (`id`),
  KEY `sessions_academic_sapces_fk` (`academic_space_id`),
  CONSTRAINT `sessions_academic_sapces_fk` FOREIGN KEY (`academic_space_id`) REFERENCES `academic_spaces` (`id`) ON DELETE CASCADE ON UPDATE CASCADE
) ENGINE=InnoDB AUTO_INCREMENT=2004 DEFAULT CHARSET=utf8;

-- Volcando datos para la tabla p2_asistencia_actividades.sessions: ~1.997 rows (aproximadamente)
/*!40000 ALTER TABLE `sessions` DISABLE KEYS */;
INSERT INTO `sessions` (`id`, `academic_space_id`, `date`, `cut`, `time_start`, `time_end`) VALUES
	(1, 3, '2021-01-04', '1', '08:31:59', '10:10:15'),
	(4, 3, '2021-04-05', '2', '07:31:59', '15:31:49'),
	(5, 1, '2021-07-10', '1', '06:52:09', '08:10:11'),
	(6, 1, '2021-06-02', '1', '14:04:47', '03:40:31'),
	(8, 4, '2021-01-31', '3', '01:08:54', '09:24:00'),
	(9, 4, '2021-03-04', '1', '12:16:29', '12:02:50'),
	(10, 4, '2021-01-30', '2', '12:06:06', '14:12:57'),
	(12, 1, '2021-03-30', '3', '02:02:44', '05:39:25'),
	(13, 3, '2021-01-28', '1', '04:59:25', '07:14:06'),
	(14, 3, '2021-10-13', '2', '21:55:37', '11:23:40'),
	(15, 4, '2021-08-09', '2', '00:25:45', '16:04:30'),
	(16, 4, '2021-09-20', '3', '16:13:21', '04:50:58'),
	(17, 4, '2021-03-19', '3', '05:16:15', '10:28:05'),
	(18, 3, '2021-11-08', '1', '07:02:32', '02:09:41'),
	(19, 2, '2021-10-21', '1', '10:31:10', '10:10:53'),
	(20, 5, '2021-08-28', '1', '02:14:49', '19:57:04'),
	(21, 2, '2021-03-19', '3', '06:10:50', '07:17:55'),
	(22, 1, '2021-06-05', '2', '15:42:07', '23:57:17'),
	(23, 5, '2021-11-01', '3', '14:29:43', '22:07:23'),
	(24, 1, '2021-01-24', '2', '20:29:26', '06:31:37'),
	(25, 1, '2021-10-05', '1', '22:15:35', '10:45:36'),
	(26, 5, '2021-08-09', '1', '13:49:02', '06:29:02'),
	(27, 4, '2021-01-18', '3', '22:42:45', '18:19:54'),
	(28, 2, '2021-05-12', '3', '15:58:46', '01:13:21'),
	(29, 2, '2021-07-29', '1', '02:44:14', '12:21:00'),
	(30, 3, '2021-03-05', '3', '15:16:35', '07:57:24'),
	(31, 4, '2021-10-05', '2', '14:27:58', '01:23:27'),
	(33, 4, '2021-07-06', '1', '12:23:43', '23:55:20'),
	(34, 2, '2021-04-09', '3', '17:52:32', '03:00:30'),
	(35, 5, '2021-06-01', '2', '02:40:31', '06:33:28'),
	(36, 5, '2021-04-11', '1', '13:34:42', '18:56:57'),
	(37, 1, '2021-07-05', '2', '14:24:57', '20:52:18'),
	(40, 5, '2021-09-19', '3', '20:03:24', '00:03:19'),
	(41, 2, '2021-06-11', '1', '09:06:11', '03:48:38'),
	(43, 1, '2021-08-06', '2', '06:36:33', '02:14:23'),
	(44, 2, '2021-07-28', '3', '01:10:29', '04:54:42'),
	(45, 2, '2021-01-18', '2', '20:27:23', '01:53:58'),
	(47, 1, '2021-03-27', '3', '17:08:33', '07:52:39'),
	(48, 5, '2021-08-02', '3', '04:50:44', '06:20:21'),
	(50, 3, '2021-10-27', '2', '14:28:13', '02:14:19'),
	(51, 4, '2021-11-19', '3', '11:26:59', '05:04:12'),
	(52, 1, '2021-11-08', '1', '23:08:39', '19:33:13'),
	(53, 2, '2021-08-03', '3', '15:43:49', '19:51:34'),
	(54, 3, '2021-01-16', '3', '06:04:33', '00:42:28'),
	(55, 2, '2021-04-05', '1', '19:33:37', '00:44:51'),
	(56, 1, '2021-09-18', '1', '20:45:25', '07:59:42'),
	(57, 5, '2021-01-23', '1', '12:11:28', '18:18:20'),
	(58, 4, '2021-04-14', '2', '17:02:10', '05:05:42'),
	(59, 1, '2021-11-03', '3', '03:12:58', '01:49:20'),
	(60, 5, '2021-05-19', '2', '04:30:40', '22:50:41'),
	(62, 3, '2021-03-09', '1', '06:06:35', '11:02:36'),
	(63, 3, '2021-02-06', '2', '21:42:09', '10:20:40'),
	(65, 1, '2021-07-02', '1', '15:03:50', '10:56:58'),
	(66, 1, '2021-11-03', '3', '17:30:32', '15:40:26'),
	(69, 4, '2021-03-11', '3', '17:47:51', '13:45:26'),
	(70, 5, '2021-11-21', '3', '15:03:05', '10:24:57'),
	(71, 2, '2021-05-06', '3', '03:58:08', '13:36:00'),
	(72, 5, '2021-01-13', '1', '11:31:16', '15:15:28'),
	(73, 1, '2021-01-26', '3', '10:49:38', '03:59:09'),
	(74, 5, '2021-08-18', '1', '17:19:09', '05:41:20'),
	(76, 1, '2021-06-07', '2', '14:30:59', '15:21:19'),
	(77, 3, '2021-08-11', '3', '10:17:27', '19:03:01'),
	(78, 2, '2021-06-15', '2', '14:58:14', '12:56:51'),
	(80, 3, '2021-01-07', '2', '12:54:34', '21:35:09'),
	(81, 2, '2021-02-01', '1', '10:23:02', '19:07:06'),
	(82, 3, '2021-03-19', '1', '13:23:08', '04:50:40'),
	(83, 4, '2021-09-14', '3', '02:13:59', '16:17:43'),
	(84, 3, '2021-07-02', '3', '10:34:44', '05:31:08'),
	(85, 1, '2021-07-01', '1', '04:36:11', '03:05:37'),
	(86, 1, '2021-05-28', '1', '05:25:56', '04:32:37'),
	(87, 5, '2021-04-30', '3', '03:51:33', '18:34:41'),
	(88, 1, '2021-06-24', '1', '06:20:29', '17:06:23'),
	(90, 5, '2021-10-13', '2', '00:40:15', '09:56:05'),
	(91, 3, '2021-11-22', '1', '10:04:39', '22:26:29'),
	(93, 1, '2021-07-06', '2', '03:22:09', '16:14:37'),
	(94, 5, '2021-05-26', '3', '23:02:32', '07:45:38'),
	(95, 2, '2021-10-20', '3', '00:02:29', '09:38:15'),
	(97, 4, '2021-03-02', '2', '05:58:32', '01:03:17'),
	(98, 4, '2021-06-11', '3', '03:00:47', '23:58:55'),
	(99, 4, '2021-05-20', '3', '06:49:19', '17:33:49'),
	(100, 4, '2021-04-12', '2', '21:29:10', '04:02:04'),
	(101, 2, '2021-04-07', '2', '18:45:39', '06:46:43'),
	(102, 3, '2021-08-26', '2', '07:33:36', '18:24:10'),
	(103, 3, '2021-08-11', '1', '23:46:08', '11:35:06'),
	(104, 1, '2021-02-03', '1', '09:04:01', '06:09:18'),
	(105, 3, '2021-01-06', '1', '18:34:06', '16:55:51'),
	(106, 2, '2021-11-11', '2', '03:38:59', '23:40:09'),
	(107, 3, '2021-02-09', '3', '22:00:00', '17:30:32'),
	(108, 3, '2021-11-29', '2', '16:11:02', '15:52:58'),
	(109, 2, '2021-10-06', '3', '11:55:49', '02:48:40'),
	(111, 3, '2021-11-14', '3', '16:51:36', '21:15:13'),
	(113, 3, '2021-04-06', '3', '15:33:15', '08:17:39'),
	(114, 1, '2021-11-08', '3', '01:20:39', '05:48:37'),
	(115, 4, '2021-02-16', '3', '17:03:40', '10:51:28'),
	(116, 4, '2021-02-20', '2', '06:23:07', '04:22:50'),
	(117, 1, '2021-04-26', '2', '06:02:50', '07:35:47'),
	(118, 4, '2021-06-29', '2', '14:48:40', '09:12:08'),
	(119, 3, '2021-01-31', '3', '21:17:39', '23:56:10'),
	(120, 3, '2021-09-11', '1', '13:35:02', '16:25:54'),
	(122, 2, '2021-03-24', '1', '15:39:34', '06:24:20'),
	(125, 4, '2021-09-30', '2', '08:58:27', '15:35:51'),
	(126, 2, '2021-08-28', '3', '19:02:24', '13:19:21'),
	(127, 1, '2021-01-04', '2', '00:06:57', '11:37:23'),
	(128, 3, '2021-07-18', '2', '09:23:59', '19:33:59'),
	(129, 4, '2021-03-22', '2', '22:57:18', '08:08:51'),
	(130, 5, '2021-09-21', '2', '04:09:07', '12:57:24'),
	(132, 2, '2021-08-05', '2', '10:40:45', '19:06:18'),
	(133, 3, '2021-03-01', '3', '18:45:33', '10:10:44'),
	(134, 3, '2021-02-13', '3', '23:51:44', '00:26:01'),
	(135, 3, '2021-05-28', '3', '15:59:33', '19:05:03'),
	(136, 5, '2021-11-30', '2', '04:55:35', '00:14:54'),
	(137, 1, '2021-03-29', '3', '02:52:37', '02:17:14'),
	(138, 4, '2021-01-04', '1', '08:11:30', '06:06:52'),
	(139, 1, '2021-06-08', '3', '12:58:13', '14:20:53'),
	(140, 2, '2021-04-21', '1', '17:32:33', '19:34:13'),
	(142, 2, '2021-04-03', '1', '11:53:26', '09:03:52'),
	(143, 3, '2021-09-02', '2', '17:21:38', '03:59:21'),
	(144, 3, '2021-05-11', '2', '21:54:50', '11:43:51'),
	(145, 2, '2021-10-29', '1', '09:29:51', '03:30:29'),
	(146, 4, '2021-11-16', '1', '15:59:25', '09:25:04'),
	(147, 2, '2021-01-09', '3', '23:27:40', '04:29:12'),
	(148, 1, '2021-04-04', '2', '08:16:16', '12:37:33'),
	(149, 1, '2021-05-27', '2', '05:56:10', '19:00:33'),
	(150, 1, '2021-01-31', '3', '10:10:52', '03:05:51'),
	(151, 4, '2021-05-03', '3', '07:24:57', '08:04:16'),
	(152, 2, '2021-05-14', '1', '15:04:15', '03:47:16'),
	(153, 4, '2021-02-12', '2', '01:44:36', '21:17:29'),
	(154, 3, '2021-11-18', '1', '13:18:58', '05:36:49'),
	(155, 5, '2021-11-19', '3', '05:00:14', '21:47:25'),
	(156, 1, '2021-04-01', '3', '08:11:35', '11:28:59'),
	(157, 1, '2021-11-20', '2', '15:53:08', '02:03:17'),
	(158, 4, '2021-11-20', '2', '16:02:29', '17:35:53'),
	(159, 3, '2021-02-06', '3', '18:55:37', '14:05:06'),
	(160, 1, '2021-03-25', '2', '15:23:25', '22:09:03'),
	(161, 4, '2021-10-21', '3', '09:29:57', '09:57:15'),
	(163, 2, '2021-11-02', '3', '15:04:50', '09:40:17'),
	(164, 2, '2021-06-15', '2', '13:26:39', '10:59:33'),
	(165, 1, '2021-07-10', '2', '05:06:35', '04:14:29'),
	(166, 1, '2021-06-20', '2', '12:04:25', '17:49:32'),
	(167, 5, '2021-07-07', '2', '01:37:25', '14:48:53'),
	(168, 5, '2021-07-16', '1', '03:29:36', '07:48:55'),
	(170, 3, '2021-09-01', '1', '04:43:58', '01:21:19'),
	(171, 1, '2021-03-11', '1', '19:20:36', '19:24:34'),
	(172, 2, '2021-07-12', '1', '17:20:19', '04:03:48'),
	(173, 3, '2021-01-27', '1', '19:23:22', '18:49:10'),
	(174, 1, '2021-05-21', '1', '02:53:42', '18:12:36'),
	(175, 4, '2021-01-14', '3', '20:49:48', '00:12:38'),
	(176, 4, '2021-06-08', '3', '01:25:35', '04:30:45'),
	(177, 5, '2021-03-04', '3', '16:52:28', '14:02:19'),
	(178, 5, '2021-08-12', '1', '22:18:21', '07:13:20'),
	(179, 1, '2021-02-08', '2', '12:50:55', '15:54:24'),
	(180, 2, '2021-05-11', '3', '22:47:27', '07:25:39'),
	(181, 4, '2021-02-22', '2', '13:20:27', '06:07:00'),
	(182, 5, '2021-11-22', '2', '09:57:25', '04:57:30'),
	(183, 5, '2021-03-26', '2', '08:01:21', '08:15:44'),
	(184, 1, '2021-08-04', '2', '12:30:53', '04:23:10'),
	(185, 5, '2021-10-13', '2', '03:22:58', '17:49:28'),
	(186, 5, '2021-01-30', '2', '21:56:30', '02:02:24'),
	(188, 4, '2021-11-15', '3', '07:50:59', '01:33:04'),
	(192, 2, '2021-07-11', '2', '06:13:54', '02:29:30'),
	(194, 5, '2021-01-20', '3', '08:34:01', '18:04:23'),
	(195, 4, '2021-01-16', '3', '18:35:56', '18:16:29'),
	(196, 4, '2021-08-04', '3', '11:07:33', '08:43:52'),
	(198, 5, '2021-11-25', '2', '14:03:29', '09:53:04'),
	(199, 1, '2021-03-29', '1', '02:48:13', '19:50:10'),
	(200, 4, '2021-11-26', '3', '17:17:15', '23:33:06'),
	(201, 2, '2021-02-17', '3', '17:00:00', '19:49:09'),
	(202, 1, '2021-05-24', '2', '23:45:32', '03:35:05'),
	(203, 1, '2021-07-01', '1', '05:13:45', '22:06:37'),
	(204, 3, '2021-02-09', '3', '01:53:05', '05:40:40'),
	(205, 1, '2021-03-03', '3', '14:31:26', '23:28:24'),
	(206, 5, '2021-02-17', '1', '06:43:44', '10:01:05'),
	(207, 2, '2021-07-27', '3', '21:47:03', '20:01:12'),
	(208, 2, '2021-02-07', '1', '11:38:40', '02:17:44'),
	(209, 2, '2021-07-26', '1', '21:59:24', '23:02:51'),
	(210, 3, '2021-06-23', '3', '21:42:57', '20:06:04'),
	(211, 2, '2021-08-18', '1', '13:49:38', '05:18:27'),
	(212, 3, '2021-06-19', '2', '15:15:42', '08:30:53'),
	(213, 4, '2021-04-20', '2', '01:38:27', '17:34:50'),
	(214, 5, '2021-03-07', '2', '20:45:07', '23:23:33'),
	(215, 4, '2021-04-09', '2', '02:51:28', '09:46:10'),
	(216, 4, '2021-04-16', '1', '12:16:20', '04:08:38'),
	(218, 3, '2021-06-09', '3', '11:11:12', '08:35:28'),
	(219, 5, '2021-02-14', '2', '23:24:51', '19:16:28'),
	(220, 5, '2021-06-23', '3', '05:54:33', '07:07:50'),
	(221, 4, '2021-06-25', '2', '19:05:14', '11:17:40'),
	(222, 5, '2021-09-20', '1', '15:47:20', '08:22:00'),
	(223, 3, '2021-01-28', '1', '01:40:10', '16:23:12'),
	(224, 2, '2021-04-23', '1', '09:43:01', '09:09:20'),
	(225, 1, '2021-07-18', '3', '03:47:44', '03:42:46'),
	(226, 1, '2021-06-08', '3', '05:00:57', '16:59:36'),
	(227, 3, '2021-03-04', '1', '23:21:06', '06:54:10'),
	(228, 5, '2021-09-22', '2', '07:00:59', '12:21:19'),
	(230, 1, '2021-07-23', '3', '04:19:31', '21:32:28'),
	(231, 3, '2021-07-11', '2', '12:44:49', '01:18:43'),
	(232, 3, '2021-10-27', '2', '14:42:31', '16:27:44'),
	(234, 2, '2021-04-15', '1', '02:18:04', '18:18:46'),
	(235, 4, '2021-04-06', '1', '07:40:13', '02:39:00'),
	(236, 3, '2021-07-19', '3', '03:58:10', '08:05:34'),
	(237, 5, '2021-03-10', '1', '16:36:57', '23:43:44'),
	(238, 5, '2021-03-05', '2', '15:09:36', '22:28:01'),
	(239, 5, '2021-08-30', '2', '13:33:54', '17:38:25'),
	(240, 1, '2021-01-05', '1', '03:58:53', '22:41:35'),
	(241, 4, '2021-11-27', '1', '22:04:14', '23:21:51'),
	(242, 3, '2021-07-01', '2', '22:02:04', '10:11:22'),
	(243, 1, '2021-01-31', '3', '14:15:37', '19:16:20'),
	(244, 2, '2021-08-12', '2', '00:40:57', '05:28:30'),
	(245, 5, '2021-09-25', '1', '18:59:37', '12:36:07'),
	(246, 3, '2021-05-21', '1', '18:12:33', '20:59:40'),
	(247, 1, '2021-01-05', '1', '09:44:37', '13:10:37'),
	(249, 5, '2021-09-07', '3', '20:45:39', '10:56:19'),
	(250, 5, '2021-07-04', '2', '12:46:57', '09:13:11'),
	(251, 5, '2021-01-22', '1', '17:19:45', '00:35:18'),
	(252, 3, '2021-10-10', '2', '20:37:08', '20:44:14'),
	(254, 5, '2021-10-08', '3', '01:46:09', '10:18:31'),
	(256, 4, '2021-05-12', '1', '02:41:46', '12:10:24'),
	(257, 5, '2021-05-11', '3', '09:36:46', '07:03:23'),
	(258, 4, '2021-08-28', '3', '22:24:04', '13:21:24'),
	(259, 4, '2021-03-04', '1', '05:07:55', '00:05:48'),
	(260, 2, '2021-01-07', '3', '03:56:30', '15:55:18'),
	(261, 1, '2021-05-26', '1', '01:51:27', '15:59:36'),
	(262, 1, '2021-07-22', '1', '18:00:31', '12:55:13'),
	(263, 1, '2021-01-29', '1', '18:13:45', '11:19:41'),
	(264, 4, '2021-06-12', '3', '06:28:44', '10:36:08'),
	(265, 2, '2021-06-12', '2', '15:21:08', '00:49:14'),
	(266, 2, '2021-08-20', '2', '12:56:19', '05:03:26'),
	(267, 1, '2021-09-09', '2', '01:55:32', '15:06:12'),
	(268, 4, '2021-01-10', '1', '00:49:16', '14:08:39'),
	(269, 2, '2021-09-13', '2', '19:39:21', '22:34:00'),
	(270, 3, '2021-10-19', '3', '05:24:53', '12:53:37'),
	(271, 3, '2021-04-14', '3', '21:29:29', '04:16:24'),
	(272, 4, '2021-01-14', '1', '16:59:12', '13:38:52'),
	(274, 1, '2021-01-11', '2', '02:01:59', '16:47:52'),
	(275, 2, '2021-09-12', '2', '01:52:22', '01:31:32'),
	(276, 1, '2021-02-26', '3', '10:03:27', '03:07:43'),
	(277, 4, '2021-02-15', '2', '19:05:04', '10:13:05'),
	(278, 5, '2021-03-17', '2', '22:24:30', '11:22:09'),
	(281, 1, '2021-08-28', '3', '11:19:53', '07:18:36'),
	(282, 1, '2021-09-09', '2', '06:19:05', '14:06:26'),
	(284, 1, '2021-06-22', '2', '04:01:25', '02:06:34'),
	(285, 4, '2021-08-22', '1', '10:35:02', '23:46:28'),
	(286, 3, '2021-01-08', '2', '12:01:31', '21:46:34'),
	(287, 5, '2021-11-28', '2', '10:50:39', '14:40:08'),
	(288, 2, '2021-03-11', '3', '08:17:54', '15:58:24'),
	(289, 3, '2021-01-09', '1', '18:12:27', '11:01:17'),
	(290, 1, '2021-09-23', '1', '13:22:05', '13:17:41'),
	(291, 4, '2021-01-31', '3', '02:03:20', '18:03:01'),
	(292, 3, '2021-10-10', '1', '19:39:58', '19:39:14'),
	(293, 5, '2021-06-05', '2', '06:42:01', '16:22:54'),
	(294, 5, '2021-09-19', '3', '22:24:20', '20:11:49'),
	(295, 5, '2021-05-28', '1', '21:29:41', '03:28:19'),
	(296, 3, '2021-02-05', '2', '23:11:54', '15:40:16'),
	(297, 2, '2021-01-17', '2', '21:48:03', '03:46:23'),
	(298, 3, '2021-05-01', '3', '21:25:12', '04:39:12'),
	(299, 1, '2021-03-30', '1', '05:09:23', '07:34:14'),
	(300, 5, '2021-10-05', '3', '02:10:31', '14:38:58'),
	(302, 4, '2021-01-14', '2', '00:41:37', '22:38:11'),
	(303, 1, '2021-07-25', '1', '02:48:59', '08:36:29'),
	(304, 2, '2021-07-23', '2', '20:19:27', '20:54:29'),
	(306, 1, '2021-06-18', '3', '02:30:06', '11:35:01'),
	(307, 5, '2021-08-11', '2', '21:51:20', '14:44:53'),
	(308, 5, '2021-06-17', '1', '11:42:34', '01:57:49'),
	(309, 3, '2021-02-27', '3', '12:44:08', '00:17:15'),
	(310, 1, '2021-02-03', '2', '14:40:13', '16:44:27'),
	(311, 4, '2021-06-20', '1', '06:20:44', '08:37:03'),
	(312, 3, '2021-10-29', '3', '05:58:12', '05:24:46'),
	(313, 2, '2021-04-12', '3', '22:13:11', '16:47:05'),
	(314, 5, '2021-07-05', '3', '11:11:43', '21:38:31'),
	(315, 2, '2021-06-25', '3', '03:23:42', '19:47:40'),
	(316, 2, '2021-02-25', '3', '06:13:19', '15:32:11'),
	(317, 5, '2021-10-07', '2', '23:15:41', '08:59:29'),
	(319, 2, '2021-11-17', '1', '18:57:06', '21:15:47'),
	(320, 3, '2021-11-14', '2', '07:32:37', '09:44:47'),
	(321, 2, '2021-10-09', '1', '04:19:56', '06:17:12'),
	(323, 3, '2021-08-12', '2', '09:28:47', '08:53:09'),
	(327, 1, '2021-03-22', '1', '17:52:15', '02:02:29'),
	(328, 3, '2021-09-21', '2', '09:52:36', '14:32:48'),
	(329, 1, '2021-06-12', '2', '23:24:29', '04:15:15'),
	(330, 3, '2021-10-05', '2', '23:42:18', '03:53:41'),
	(331, 3, '2021-04-09', '3', '21:36:37', '22:14:56'),
	(332, 5, '2021-06-08', '1', '18:15:18', '05:36:30'),
	(333, 1, '2021-08-28', '1', '15:52:42', '06:59:08'),
	(334, 1, '2021-04-27', '3', '23:42:31', '04:03:56'),
	(335, 1, '2021-01-20', '3', '01:36:22', '03:37:39'),
	(337, 2, '2021-01-10', '3', '16:41:28', '01:27:56'),
	(340, 3, '2021-07-29', '1', '03:05:50', '09:11:30'),
	(341, 1, '2021-02-27', '2', '16:55:53', '15:03:00'),
	(342, 5, '2021-09-20', '1', '09:10:43', '02:04:15'),
	(344, 5, '2021-03-12', '1', '01:08:52', '08:13:17'),
	(345, 2, '2021-04-10', '1', '13:45:17', '18:47:01'),
	(346, 3, '2021-04-01', '1', '05:03:25', '13:47:47'),
	(347, 4, '2021-02-10', '3', '18:53:41', '08:14:19'),
	(348, 4, '2021-10-09', '2', '16:00:38', '13:18:30'),
	(349, 2, '2021-09-16', '3', '11:32:00', '03:17:40'),
	(350, 3, '2021-03-03', '2', '05:03:48', '19:15:47'),
	(351, 1, '2021-04-29', '1', '04:44:55', '12:00:35'),
	(353, 3, '2021-11-28', '2', '22:27:51', '15:21:01'),
	(354, 4, '2021-06-05', '2', '07:12:36', '17:26:57'),
	(355, 4, '2021-08-29', '2', '12:26:58', '04:00:32'),
	(356, 3, '2021-06-17', '3', '10:35:36', '23:25:44'),
	(357, 1, '2021-10-16', '2', '19:51:47', '00:08:07'),
	(359, 5, '2021-04-17', '2', '02:22:09', '18:17:27'),
	(360, 1, '2021-05-10', '2', '04:43:02', '13:37:44'),
	(362, 5, '2021-02-19', '1', '02:48:36', '11:33:57'),
	(363, 5, '2021-07-18', '1', '15:17:39', '12:27:15'),
	(364, 2, '2021-01-13', '3', '09:57:55', '18:21:38'),
	(365, 1, '2021-06-21', '1', '05:21:20', '02:41:38'),
	(366, 4, '2021-10-30', '2', '18:57:23', '17:54:13'),
	(367, 4, '2021-10-24', '2', '00:07:56', '00:47:02'),
	(368, 2, '2021-11-20', '1', '05:54:07', '00:19:30'),
	(369, 5, '2021-02-06', '1', '17:23:30', '03:20:16'),
	(370, 3, '2021-09-16', '3', '01:17:47', '12:17:48'),
	(372, 1, '2021-09-13', '1', '23:27:36', '22:07:48'),
	(373, 2, '2021-02-14', '2', '08:54:21', '08:57:24'),
	(374, 1, '2021-03-22', '1', '01:43:03', '05:37:43'),
	(375, 3, '2021-08-18', '2', '11:35:00', '04:06:09'),
	(376, 4, '2021-10-30', '1', '13:20:38', '00:36:27'),
	(377, 4, '2021-03-18', '2', '22:27:59', '09:50:04'),
	(379, 4, '2021-01-29', '3', '04:24:44', '18:18:27'),
	(380, 5, '2021-07-30', '3', '13:20:51', '02:10:00'),
	(381, 3, '2021-01-01', '1', '04:25:08', '11:03:41'),
	(382, 4, '2021-06-07', '3', '22:24:25', '23:48:11'),
	(383, 5, '2021-08-15', '1', '19:17:54', '23:53:33'),
	(385, 2, '2021-11-14', '2', '14:46:24', '15:14:18'),
	(387, 1, '2021-11-02', '3', '00:58:50', '11:27:22'),
	(388, 5, '2021-01-21', '2', '16:35:02', '13:45:44'),
	(389, 5, '2021-10-22', '2', '18:03:36', '11:56:52'),
	(390, 1, '2021-08-11', '2', '08:29:41', '20:38:04'),
	(391, 4, '2021-06-19', '1', '02:38:24', '03:31:24'),
	(392, 3, '2021-05-15', '2', '15:46:21', '10:44:59'),
	(393, 5, '2021-03-02', '3', '17:15:47', '17:37:04'),
	(394, 3, '2021-09-29', '3', '06:48:52', '16:02:49'),
	(395, 1, '2021-09-28', '2', '03:14:17', '09:17:48'),
	(397, 1, '2021-08-06', '1', '20:46:41', '16:05:43'),
	(398, 1, '2021-09-28', '3', '04:18:48', '11:41:10'),
	(399, 3, '2021-04-19', '2', '00:50:25', '20:09:54'),
	(400, 2, '2021-06-29', '3', '13:15:54', '23:28:35'),
	(401, 1, '2021-03-22', '1', '16:39:41', '06:42:08'),
	(402, 5, '2021-05-31', '3', '13:50:00', '20:10:20'),
	(404, 4, '2021-02-23', '1', '00:32:21', '15:20:40'),
	(405, 3, '2021-09-28', '2', '03:01:01', '08:53:29'),
	(406, 1, '2021-03-14', '2', '09:16:39', '04:08:43'),
	(407, 4, '2021-11-10', '3', '18:36:21', '05:32:51'),
	(408, 2, '2021-07-17', '1', '01:44:22', '21:11:36'),
	(409, 1, '2021-01-10', '2', '04:32:32', '15:01:13'),
	(410, 1, '2021-05-15', '3', '21:52:33', '11:09:14'),
	(411, 4, '2021-03-21', '3', '14:36:32', '12:43:27'),
	(412, 4, '2021-11-02', '1', '02:22:50', '21:22:40'),
	(413, 2, '2021-02-01', '3', '12:42:10', '15:09:59'),
	(414, 1, '2021-07-05', '1', '04:32:36', '09:08:25'),
	(415, 1, '2021-05-02', '1', '14:20:14', '10:31:51'),
	(416, 1, '2021-01-14', '3', '08:50:04', '19:03:07'),
	(418, 3, '2021-01-11', '3', '06:03:42', '14:49:32'),
	(419, 5, '2021-04-02', '1', '00:12:34', '14:24:28'),
	(421, 1, '2021-08-18', '2', '02:47:08', '23:56:27'),
	(422, 2, '2021-11-17', '2', '04:55:17', '08:34:54'),
	(423, 5, '2021-02-13', '3', '22:32:15', '21:18:09'),
	(424, 2, '2021-01-16', '1', '14:58:24', '23:32:18'),
	(425, 4, '2021-09-15', '1', '12:38:11', '19:23:40'),
	(428, 5, '2021-05-29', '3', '01:08:46', '10:30:16'),
	(429, 4, '2021-06-06', '2', '16:55:29', '17:03:15'),
	(430, 1, '2021-08-18', '2', '23:20:13', '11:02:13'),
	(431, 3, '2021-11-22', '1', '09:15:41', '13:51:22'),
	(432, 3, '2021-07-08', '1', '09:27:04', '14:22:48'),
	(433, 3, '2021-04-04', '3', '04:16:39', '07:02:57'),
	(434, 4, '2021-01-12', '1', '00:15:20', '12:35:31'),
	(435, 5, '2021-02-01', '1', '06:57:35', '23:21:58'),
	(436, 5, '2021-07-02', '3', '17:11:39', '11:53:01'),
	(437, 1, '2021-01-12', '2', '18:40:07', '08:45:04'),
	(438, 1, '2021-04-29', '2', '21:28:08', '02:16:18'),
	(439, 5, '2021-04-07', '2', '17:05:24', '07:47:04'),
	(442, 3, '2021-11-10', '2', '17:59:03', '08:35:33'),
	(443, 1, '2021-03-28', '3', '08:45:58', '01:14:35'),
	(444, 2, '2021-08-09', '3', '14:48:01', '19:37:47'),
	(445, 5, '2021-08-03', '3', '01:09:26', '21:48:24'),
	(446, 5, '2021-03-12', '3', '11:49:50', '14:10:09'),
	(447, 3, '2021-01-11', '2', '09:19:29', '04:28:45'),
	(448, 4, '2021-05-17', '2', '03:19:06', '12:01:34'),
	(449, 5, '2021-05-08', '3', '22:02:27', '22:06:04'),
	(450, 4, '2021-08-12', '2', '03:09:56', '16:16:00'),
	(451, 2, '2021-03-01', '3', '04:27:47', '03:36:00'),
	(454, 1, '2021-04-23', '3', '19:00:17', '22:15:02'),
	(455, 3, '2021-06-05', '2', '13:54:19', '15:33:56'),
	(456, 3, '2021-07-28', '2', '12:54:43', '18:03:37'),
	(457, 4, '2021-11-18', '1', '08:48:29', '21:50:04'),
	(458, 1, '2021-06-12', '2', '19:24:48', '05:04:45'),
	(459, 2, '2021-04-11', '1', '07:53:04', '03:19:39'),
	(460, 5, '2021-01-06', '1', '05:53:36', '09:57:46'),
	(461, 1, '2021-01-02', '1', '13:55:05', '14:48:05'),
	(462, 3, '2021-06-26', '2', '00:20:50', '23:23:17'),
	(463, 5, '2021-03-07', '1', '01:29:37', '19:23:30'),
	(465, 4, '2021-10-06', '3', '19:49:49', '04:39:47'),
	(466, 4, '2021-06-19', '3', '01:35:55', '08:42:06'),
	(467, 1, '2021-04-20', '2', '09:44:30', '10:41:29'),
	(468, 2, '2021-02-23', '1', '04:58:21', '02:09:14'),
	(469, 5, '2021-02-18', '3', '20:07:48', '22:32:26'),
	(470, 1, '2021-06-08', '2', '03:15:50', '19:23:40'),
	(472, 2, '2021-08-30', '1', '21:59:42', '20:04:41'),
	(473, 3, '2021-04-01', '2', '22:29:24', '06:12:26'),
	(475, 2, '2021-09-28', '3', '08:57:38', '10:34:12'),
	(476, 3, '2021-03-21', '1', '21:15:16', '07:20:46'),
	(477, 1, '2021-09-13', '1', '06:10:51', '11:54:45'),
	(478, 5, '2021-06-17', '2', '09:24:22', '13:28:08'),
	(480, 3, '2021-03-31', '2', '11:52:21', '21:32:02'),
	(481, 4, '2021-08-19', '3', '15:34:46', '11:29:18'),
	(482, 4, '2021-03-09', '1', '11:34:42', '03:21:40'),
	(483, 1, '2021-08-11', '1', '23:18:06', '23:25:09'),
	(484, 5, '2021-06-30', '3', '11:25:16', '08:42:15'),
	(485, 4, '2021-09-18', '2', '22:49:54', '19:37:14'),
	(486, 3, '2021-05-30', '1', '13:36:48', '11:01:14'),
	(487, 4, '2021-06-28', '1', '18:32:00', '05:44:17'),
	(488, 3, '2021-10-14', '3', '04:31:42', '22:00:30'),
	(489, 2, '2021-03-05', '2', '08:15:20', '19:43:22'),
	(490, 1, '2021-09-15', '3', '09:03:02', '06:48:49'),
	(491, 4, '2021-02-22', '1', '21:32:31', '17:03:47'),
	(492, 3, '2021-10-21', '2', '00:04:35', '07:16:58'),
	(493, 5, '2021-05-22', '1', '17:38:44', '15:21:18'),
	(494, 5, '2021-06-15', '3', '04:20:58', '09:45:59'),
	(496, 5, '2021-10-22', '2', '23:25:34', '11:24:40'),
	(497, 1, '2021-06-09', '3', '13:34:36', '14:09:04'),
	(498, 5, '2021-11-05', '3', '11:20:47', '03:21:33'),
	(499, 3, '2021-09-27', '3', '20:26:57', '00:45:42'),
	(500, 2, '2021-09-22', '2', '21:40:17', '20:56:27'),
	(501, 5, '2021-03-29', '3', '21:03:51', '13:55:40'),
	(502, 3, '2021-06-27', '2', '07:37:08', '12:13:31'),
	(505, 3, '2021-05-21', '1', '23:31:05', '19:55:01'),
	(506, 3, '2021-06-25', '1', '16:25:04', '19:04:08'),
	(507, 2, '2021-04-03', '1', '22:47:18', '20:53:44'),
	(508, 3, '2021-06-11', '3', '14:30:03', '01:51:29'),
	(509, 3, '2021-06-01', '1', '11:34:49', '03:29:27'),
	(510, 3, '2021-03-12', '3', '16:13:42', '02:41:56'),
	(511, 2, '2021-07-08', '1', '04:50:18', '14:30:21'),
	(512, 3, '2021-08-28', '3', '08:39:49', '11:09:37'),
	(514, 3, '2021-01-13', '2', '02:49:47', '18:11:58'),
	(515, 5, '2021-01-02', '3', '11:42:54', '07:36:17'),
	(516, 3, '2021-07-29', '3', '22:24:22', '12:52:09'),
	(517, 3, '2021-06-24', '2', '07:25:43', '06:12:20'),
	(518, 4, '2021-04-25', '2', '22:51:57', '14:33:19'),
	(519, 1, '2021-01-13', '3', '02:18:30', '03:03:42'),
	(520, 1, '2021-10-29', '1', '21:38:40', '14:14:37'),
	(521, 4, '2021-07-26', '3', '19:04:06', '09:45:26'),
	(522, 2, '2021-09-29', '3', '01:55:31', '03:52:23'),
	(523, 3, '2021-09-11', '2', '21:16:54', '01:59:41'),
	(524, 3, '2021-06-14', '1', '03:28:01', '21:39:42'),
	(525, 1, '2021-03-19', '2', '03:51:16', '01:15:45'),
	(526, 5, '2021-01-02', '1', '01:07:59', '14:31:37'),
	(527, 3, '2021-02-24', '1', '16:41:39', '03:22:41'),
	(528, 5, '2021-04-23', '1', '07:32:32', '23:52:03'),
	(529, 2, '2021-02-25', '3', '00:00:30', '01:54:05'),
	(530, 3, '2021-11-10', '1', '14:37:15', '22:19:18'),
	(531, 5, '2021-07-28', '2', '13:05:26', '03:46:35'),
	(532, 1, '2021-02-14', '1', '19:46:25', '00:10:20'),
	(533, 2, '2021-02-10', '1', '23:42:08', '00:01:00'),
	(534, 3, '2021-06-30', '1', '00:07:46', '16:55:46'),
	(535, 4, '2021-08-25', '2', '23:58:32', '20:30:14'),
	(536, 1, '2021-05-26', '3', '09:27:02', '23:36:13'),
	(537, 3, '2021-05-11', '3', '03:52:48', '12:39:06'),
	(539, 3, '2021-06-17', '2', '22:07:43', '08:25:19'),
	(540, 4, '2021-01-03', '2', '14:56:40', '17:36:24'),
	(542, 3, '2021-08-03', '2', '13:49:16', '18:35:48'),
	(543, 1, '2021-10-10', '1', '20:57:10', '23:36:01'),
	(544, 2, '2021-04-14', '1', '10:36:59', '07:29:17'),
	(545, 1, '2021-05-04', '1', '04:48:28', '05:34:17'),
	(547, 2, '2021-01-04', '1', '09:12:14', '06:10:15'),
	(548, 2, '2021-01-18', '3', '06:36:41', '09:32:48'),
	(549, 5, '2021-10-03', '2', '16:43:13', '03:59:00'),
	(550, 5, '2021-01-06', '3', '13:41:16', '22:09:20'),
	(551, 4, '2021-07-05', '1', '09:47:15', '01:47:47'),
	(552, 2, '2021-03-16', '1', '23:57:57', '03:53:14'),
	(553, 1, '2021-11-06', '2', '02:32:20', '11:22:59'),
	(554, 3, '2021-01-20', '1', '00:29:43', '17:55:38'),
	(555, 4, '2021-01-07', '3', '22:44:57', '20:18:06'),
	(556, 3, '2021-10-06', '1', '18:09:27', '23:42:09'),
	(557, 2, '2021-11-18', '1', '10:40:58', '07:39:38'),
	(558, 4, '2021-03-14', '2', '16:58:45', '16:49:23'),
	(559, 1, '2021-10-15', '2', '08:45:48', '17:21:07'),
	(561, 4, '2021-06-05', '1', '05:32:39', '21:01:52'),
	(562, 1, '2021-02-04', '1', '15:46:58', '23:58:08'),
	(563, 5, '2021-09-15', '2', '16:16:23', '08:06:11'),
	(564, 5, '2021-04-10', '3', '01:33:50', '08:21:09'),
	(565, 5, '2021-09-08', '3', '16:17:05', '18:24:51'),
	(566, 3, '2021-04-17', '3', '23:10:54', '08:16:57'),
	(567, 5, '2021-09-21', '2', '20:42:50', '08:57:19'),
	(568, 1, '2021-11-15', '2', '09:18:14', '03:17:55'),
	(569, 3, '2021-05-09', '2', '16:39:39', '20:17:42'),
	(570, 1, '2021-05-08', '2', '12:46:41', '11:19:53'),
	(571, 5, '2021-09-06', '2', '12:11:46', '22:45:26'),
	(572, 2, '2021-05-10', '3', '08:18:12', '14:51:17'),
	(573, 5, '2021-09-02', '3', '16:31:44', '08:37:08'),
	(574, 3, '2021-03-26', '2', '00:55:07', '10:29:53'),
	(575, 1, '2021-04-09', '1', '15:05:17', '09:24:20'),
	(576, 1, '2021-03-23', '1', '16:17:07', '01:18:51'),
	(577, 4, '2021-04-24', '2', '16:40:08', '14:07:20'),
	(578, 1, '2021-11-17', '1', '20:39:53', '21:28:56'),
	(579, 3, '2021-06-05', '1', '04:09:41', '02:30:48'),
	(580, 4, '2021-05-21', '3', '17:09:30', '01:27:43'),
	(581, 1, '2021-06-22', '1', '13:49:03', '01:37:34'),
	(582, 5, '2021-01-17', '2', '14:15:06', '04:59:09'),
	(583, 4, '2021-02-18', '3', '06:11:28', '17:25:45'),
	(584, 5, '2021-09-07', '3', '18:16:32', '13:43:06'),
	(585, 3, '2021-01-29', '2', '09:19:02', '04:10:16'),
	(588, 4, '2021-04-01', '1', '15:30:39', '21:53:23'),
	(589, 1, '2021-08-10', '2', '02:31:06', '23:24:17'),
	(590, 4, '2021-05-25', '1', '04:00:47', '01:46:08'),
	(591, 4, '2021-03-27', '3', '12:51:40', '00:41:11'),
	(593, 5, '2021-07-16', '3', '05:11:16', '13:52:37'),
	(596, 2, '2021-09-28', '1', '17:59:17', '21:19:29'),
	(597, 1, '2021-03-09', '2', '21:13:57', '08:09:05'),
	(600, 3, '2021-08-27', '1', '15:07:57', '19:37:03'),
	(602, 1, '2021-08-22', '3', '03:54:30', '13:06:25'),
	(603, 5, '2021-10-06', '3', '06:34:47', '17:53:34'),
	(604, 4, '2021-06-20', '1', '17:31:35', '08:37:30'),
	(605, 4, '2021-08-12', '2', '17:52:25', '13:43:36'),
	(606, 5, '2021-08-06', '2', '16:29:54', '09:40:45'),
	(607, 4, '2021-04-15', '2', '12:15:13', '04:00:48'),
	(608, 4, '2021-03-25', '2', '12:58:03', '01:58:28'),
	(609, 4, '2021-04-23', '1', '10:25:39', '05:00:44'),
	(610, 5, '2021-10-02', '2', '12:41:13', '01:09:10'),
	(611, 3, '2021-04-05', '2', '23:55:22', '17:58:50'),
	(612, 5, '2021-11-26', '3', '12:31:28', '14:01:25'),
	(613, 3, '2021-10-28', '3', '15:55:56', '16:20:05'),
	(615, 1, '2021-03-08', '3', '03:06:14', '17:50:04'),
	(616, 1, '2021-06-07', '1', '14:23:22', '23:39:38'),
	(617, 1, '2021-10-19', '2', '05:57:09', '00:34:52'),
	(618, 5, '2021-05-19', '1', '15:04:47', '01:53:51'),
	(619, 2, '2021-05-30', '3', '15:54:59', '03:34:33'),
	(620, 2, '2021-11-26', '2', '11:57:21', '13:24:56'),
	(621, 4, '2021-03-01', '1', '12:47:44', '21:46:48'),
	(622, 3, '2021-06-05', '3', '10:03:43', '01:28:20'),
	(623, 5, '2021-02-15', '3', '20:50:00', '05:18:23'),
	(624, 5, '2021-04-22', '1', '07:14:18', '15:07:19'),
	(625, 3, '2021-05-09', '2', '03:43:08', '10:33:10'),
	(626, 3, '2021-05-07', '3', '06:47:49', '08:57:33'),
	(627, 1, '2021-10-15', '1', '05:35:18', '21:22:51'),
	(628, 1, '2021-05-30', '1', '06:42:59', '06:54:14'),
	(629, 2, '2021-02-05', '1', '21:12:42', '10:18:48'),
	(630, 1, '2021-11-16', '1', '15:13:35', '18:17:21'),
	(632, 2, '2021-10-14', '2', '13:37:08', '22:59:07'),
	(633, 1, '2021-10-07', '1', '06:24:10', '09:32:13'),
	(634, 3, '2021-04-15', '3', '10:41:01', '14:32:54'),
	(635, 4, '2021-08-12', '3', '09:21:18', '10:45:26'),
	(636, 3, '2021-10-26', '2', '23:03:11', '08:35:00'),
	(637, 2, '2021-10-07', '2', '23:09:08', '08:20:44'),
	(638, 3, '2021-03-14', '1', '05:33:40', '19:37:09'),
	(640, 4, '2021-11-04', '1', '03:07:00', '02:01:35'),
	(642, 4, '2021-08-19', '2', '03:25:57', '13:28:23'),
	(643, 4, '2021-10-27', '3', '15:16:50', '04:01:52'),
	(644, 3, '2021-10-02', '3', '14:52:37', '09:34:14'),
	(645, 2, '2021-03-29', '3', '20:03:55', '21:04:43'),
	(646, 3, '2021-07-23', '1', '01:51:18', '14:42:22'),
	(647, 3, '2021-09-10', '3', '01:52:46', '11:16:07'),
	(648, 3, '2021-01-20', '2', '23:15:21', '21:49:32'),
	(650, 4, '2021-09-08', '2', '02:40:28', '03:31:28'),
	(651, 5, '2021-01-19', '1', '18:42:42', '01:18:35'),
	(652, 5, '2021-08-12', '2', '05:43:33', '18:19:57'),
	(653, 4, '2021-04-06', '1', '05:46:09', '10:44:13'),
	(654, 4, '2021-05-15', '3', '18:16:15', '15:38:01'),
	(655, 1, '2021-09-12', '1', '14:59:13', '17:29:23'),
	(656, 2, '2021-05-23', '1', '09:06:29', '05:47:56'),
	(657, 4, '2021-04-25', '2', '14:46:04', '15:55:55'),
	(658, 5, '2021-02-22', '3', '12:21:05', '04:53:06'),
	(659, 1, '2021-09-01', '1', '16:09:58', '08:49:15'),
	(660, 1, '2021-03-18', '1', '16:48:29', '13:28:44'),
	(661, 2, '2021-07-09', '3', '14:34:49', '09:34:35'),
	(662, 2, '2021-01-14', '1', '11:39:41', '18:24:18'),
	(663, 3, '2021-06-01', '1', '07:42:33', '23:56:48'),
	(664, 2, '2021-09-03', '3', '14:26:23', '12:05:42'),
	(665, 1, '2021-09-06', '1', '06:54:00', '04:18:03'),
	(666, 2, '2021-08-09', '3', '04:22:54', '00:40:36'),
	(667, 3, '2021-11-10', '3', '05:16:09', '14:40:52'),
	(668, 5, '2021-09-15', '2', '12:21:29', '20:05:43'),
	(669, 4, '2021-04-10', '3', '02:18:14', '17:43:20'),
	(670, 5, '2021-05-29', '1', '15:50:16', '13:39:07'),
	(671, 1, '2021-02-01', '1', '17:58:53', '00:01:52'),
	(673, 4, '2021-02-17', '1', '08:21:23', '11:13:16'),
	(675, 1, '2021-09-29', '2', '10:14:10', '16:06:20'),
	(676, 1, '2021-04-25', '3', '20:11:43', '03:57:15'),
	(677, 1, '2021-07-17', '1', '13:55:45', '20:46:41'),
	(678, 3, '2021-06-26', '3', '00:16:35', '05:05:54'),
	(679, 2, '2021-03-05', '3', '19:22:50', '04:19:02'),
	(680, 5, '2021-06-27', '3', '22:18:20', '04:04:01'),
	(682, 3, '2021-04-08', '1', '22:24:33', '14:36:31'),
	(683, 5, '2021-10-13', '3', '06:50:12', '12:12:43'),
	(685, 2, '2021-10-29', '1', '17:35:24', '02:53:17'),
	(686, 1, '2021-04-27', '3', '13:40:57', '11:49:07'),
	(688, 3, '2021-08-11', '1', '06:13:21', '12:02:15'),
	(689, 5, '2021-05-04', '1', '01:07:19', '09:18:43'),
	(690, 4, '2021-10-28', '3', '19:53:09', '06:09:21'),
	(691, 2, '2021-06-28', '1', '06:39:55', '10:35:30'),
	(692, 2, '2021-09-28', '2', '14:41:47', '06:55:29'),
	(693, 4, '2021-08-22', '2', '03:21:52', '23:06:42'),
	(694, 3, '2021-03-07', '1', '12:31:32', '23:28:58'),
	(695, 3, '2021-03-28', '1', '12:44:54', '07:00:17'),
	(696, 4, '2021-05-07', '3', '01:00:32', '08:54:12'),
	(697, 1, '2021-06-10', '2', '15:51:37', '09:21:02'),
	(698, 5, '2021-05-10', '3', '00:52:10', '06:24:00'),
	(699, 4, '2021-05-11', '3', '11:42:51', '21:41:29'),
	(700, 3, '2021-04-07', '1', '19:14:10', '16:11:38'),
	(701, 2, '2021-03-06', '3', '05:07:47', '01:30:01'),
	(702, 5, '2021-08-04', '3', '06:18:48', '22:13:22'),
	(703, 5, '2021-04-09', '1', '23:14:25', '13:38:26'),
	(704, 5, '2021-11-13', '2', '23:19:13', '07:08:48'),
	(706, 4, '2021-09-20', '3', '06:25:33', '23:09:11'),
	(707, 5, '2021-04-01', '2', '23:54:49', '23:54:39'),
	(708, 4, '2021-09-07', '1', '00:16:54', '02:38:47'),
	(709, 4, '2021-09-23', '2', '17:09:01', '13:43:48'),
	(710, 1, '2021-01-07', '2', '14:45:47', '00:00:36'),
	(711, 4, '2021-08-13', '2', '11:29:29', '03:59:45'),
	(712, 5, '2021-11-18', '1', '18:53:54', '00:43:41'),
	(713, 4, '2021-05-17', '1', '02:13:17', '23:52:23'),
	(714, 4, '2021-01-06', '3', '09:15:13', '00:25:08'),
	(716, 4, '2021-07-17', '2', '21:49:48', '10:18:58'),
	(717, 1, '2021-03-25', '1', '15:22:24', '20:03:32'),
	(718, 2, '2021-02-27', '2', '21:46:40', '05:26:26'),
	(719, 1, '2021-09-22', '1', '22:22:10', '10:48:18'),
	(720, 2, '2021-05-02', '1', '10:39:44', '15:02:24'),
	(721, 3, '2021-05-30', '2', '19:19:04', '23:03:22'),
	(722, 1, '2021-07-15', '1', '07:31:22', '05:04:20'),
	(723, 4, '2021-10-07', '3', '13:31:30', '07:06:43'),
	(724, 3, '2021-08-02', '3', '04:58:26', '23:12:55'),
	(726, 3, '2021-01-04', '3', '11:03:18', '11:57:42'),
	(727, 3, '2021-03-05', '3', '10:06:57', '23:03:34'),
	(728, 2, '2021-03-31', '3', '21:11:19', '12:28:25'),
	(729, 4, '2021-11-29', '1', '04:08:00', '11:53:48'),
	(730, 4, '2021-04-06', '3', '02:15:54', '02:33:42'),
	(731, 5, '2021-04-11', '1', '13:34:27', '04:21:28'),
	(732, 4, '2021-02-27', '2', '07:15:03', '10:59:13'),
	(733, 5, '2021-07-29', '2', '08:06:48', '04:19:33'),
	(734, 5, '2021-11-05', '1', '18:45:33', '07:25:04'),
	(737, 2, '2021-03-23', '1', '20:53:03', '16:18:32'),
	(738, 4, '2021-09-29', '2', '19:38:31', '08:07:40'),
	(739, 2, '2021-09-12', '1', '01:43:39', '04:09:50'),
	(740, 1, '2021-10-08', '1', '15:28:27', '23:43:56'),
	(742, 5, '2021-09-23', '1', '03:28:35', '11:49:00'),
	(743, 5, '2021-01-21', '3', '03:47:47', '23:00:19'),
	(744, 3, '2021-06-03', '1', '16:12:19', '04:07:47'),
	(745, 1, '2021-05-21', '3', '12:06:06', '03:59:38'),
	(746, 4, '2021-03-06', '1', '00:46:42', '09:52:46'),
	(748, 3, '2021-10-14', '2', '10:09:52', '21:05:21'),
	(749, 4, '2021-05-02', '3', '05:08:50', '16:32:40'),
	(751, 2, '2021-11-14', '3', '06:48:55', '11:31:42'),
	(752, 5, '2021-11-27', '2', '14:44:08', '11:48:19'),
	(753, 3, '2021-06-29', '3', '06:26:49', '13:53:27'),
	(754, 1, '2021-11-27', '3', '10:52:12', '20:01:38'),
	(755, 4, '2021-10-22', '3', '05:28:09', '12:28:59'),
	(756, 1, '2021-09-02', '2', '00:22:47', '12:07:54'),
	(757, 1, '2021-11-28', '3', '08:55:59', '23:42:47'),
	(758, 3, '2021-10-31', '2', '04:51:06', '21:29:53'),
	(759, 1, '2021-07-21', '2', '14:06:03', '12:38:13'),
	(760, 3, '2021-02-25', '3', '23:37:59', '00:26:43'),
	(761, 5, '2021-03-07', '2', '10:30:56', '00:02:40'),
	(762, 3, '2021-02-28', '2', '01:06:10', '18:50:23'),
	(763, 2, '2021-09-26', '3', '04:18:23', '03:43:59'),
	(764, 4, '2021-07-15', '3', '21:30:02', '05:45:51'),
	(765, 1, '2021-04-08', '3', '03:15:17', '16:21:35'),
	(767, 2, '2021-09-24', '2', '22:16:31', '19:50:52'),
	(769, 5, '2021-05-10', '1', '07:32:01', '20:11:02'),
	(770, 4, '2021-03-08', '1', '03:38:39', '23:20:04'),
	(771, 4, '2021-03-23', '2', '09:52:49', '00:39:04'),
	(772, 1, '2021-08-04', '1', '09:30:22', '15:37:19'),
	(774, 3, '2021-07-22', '1', '21:43:33', '19:14:38'),
	(776, 3, '2021-04-13', '2', '03:42:05', '10:19:31'),
	(777, 5, '2021-09-29', '2', '15:16:13', '20:22:52'),
	(778, 5, '2021-09-25', '3', '06:14:42', '19:00:45'),
	(779, 3, '2021-09-24', '2', '10:54:59', '12:29:30'),
	(780, 2, '2021-02-19', '2', '06:22:41', '18:35:20'),
	(781, 5, '2021-11-03', '3', '13:08:56', '23:32:51'),
	(782, 5, '2021-05-16', '1', '07:47:09', '05:14:07'),
	(783, 1, '2021-01-18', '1', '18:19:39', '23:14:12'),
	(784, 2, '2021-10-24', '1', '00:27:38', '08:53:22'),
	(785, 4, '2021-07-13', '2', '18:19:49', '02:27:49'),
	(786, 4, '2021-08-10', '1', '16:39:28', '20:08:48'),
	(787, 2, '2021-07-11', '3', '00:05:13', '08:05:26'),
	(788, 5, '2021-10-18', '3', '14:07:33', '07:49:01'),
	(789, 1, '2021-03-15', '3', '19:22:27', '17:01:40'),
	(790, 5, '2021-11-27', '3', '21:17:51', '23:51:06'),
	(791, 1, '2021-09-20', '1', '23:56:10', '20:22:46'),
	(792, 5, '2021-11-28', '2', '06:18:54', '23:17:28'),
	(794, 2, '2021-01-12', '2', '04:34:13', '14:32:21'),
	(795, 1, '2021-08-30', '3', '08:04:53', '11:14:13'),
	(796, 5, '2021-03-14', '1', '17:13:32', '12:16:30'),
	(797, 3, '2021-02-16', '1', '08:27:12', '00:20:30'),
	(798, 1, '2021-09-12', '2', '13:51:14', '15:32:49'),
	(799, 5, '2021-08-05', '3', '13:31:13', '01:05:16'),
	(800, 3, '2021-01-21', '3', '15:53:03', '19:38:55'),
	(802, 4, '2021-08-28', '3', '19:04:00', '19:00:43'),
	(803, 4, '2021-09-21', '2', '02:46:29', '12:32:33'),
	(804, 3, '2021-02-10', '2', '16:16:01', '01:09:16'),
	(805, 2, '2021-02-15', '2', '01:13:02', '20:05:01'),
	(806, 1, '2021-04-18', '3', '21:30:13', '21:35:48'),
	(807, 2, '2021-01-01', '1', '06:16:11', '14:22:14'),
	(810, 2, '2021-09-24', '3', '19:55:50', '08:47:11'),
	(811, 3, '2021-03-11', '2', '04:38:12', '07:42:43'),
	(813, 4, '2021-03-02', '3', '19:09:55', '07:28:26'),
	(814, 4, '2021-06-07', '3', '08:03:43', '12:32:03'),
	(815, 2, '2021-07-01', '2', '23:38:29', '05:05:05'),
	(816, 4, '2021-05-14', '1', '06:11:09', '20:11:16'),
	(818, 1, '2021-07-14', '3', '08:31:17', '17:10:09'),
	(819, 1, '2021-06-16', '3', '14:58:05', '08:44:19'),
	(820, 3, '2021-02-25', '2', '23:07:07', '10:48:04'),
	(821, 3, '2021-05-21', '1', '13:35:52', '15:02:41'),
	(822, 5, '2021-03-15', '2', '15:10:05', '02:09:45'),
	(823, 4, '2021-08-25', '2', '06:49:15', '15:49:58'),
	(824, 2, '2021-07-20', '2', '01:47:42', '03:03:01'),
	(825, 1, '2021-11-08', '2', '00:02:30', '15:12:23'),
	(826, 4, '2021-02-07', '2', '10:42:08', '13:52:54'),
	(827, 4, '2021-06-22', '1', '01:59:58', '01:51:45'),
	(828, 5, '2021-04-19', '2', '11:13:58', '17:00:46'),
	(829, 4, '2021-10-23', '3', '08:25:26', '14:12:27'),
	(830, 3, '2021-09-18', '2', '13:49:03', '11:11:51'),
	(832, 5, '2021-05-18', '2', '22:58:43', '02:48:11'),
	(833, 5, '2021-04-17', '2', '05:04:33', '14:57:06'),
	(834, 2, '2021-05-29', '3', '13:21:59', '18:03:19'),
	(835, 2, '2021-03-07', '3', '03:30:26', '00:38:41'),
	(836, 5, '2021-02-01', '3', '03:23:57', '17:49:24'),
	(837, 4, '2021-03-05', '2', '16:10:14', '05:39:08'),
	(838, 1, '2021-09-10', '2', '04:09:58', '19:58:57'),
	(840, 5, '2021-06-19', '3', '17:38:27', '21:59:09'),
	(842, 3, '2021-04-29', '1', '07:33:12', '10:52:42'),
	(843, 5, '2021-09-16', '1', '08:06:13', '15:34:16'),
	(845, 4, '2021-03-16', '3', '06:48:42', '21:53:08'),
	(846, 5, '2021-07-26', '2', '06:29:56', '23:14:08'),
	(847, 2, '2021-07-04', '1', '20:35:39', '01:10:52'),
	(848, 1, '2021-02-24', '1', '15:44:39', '15:00:16'),
	(849, 2, '2021-04-01', '2', '21:24:29', '10:59:26'),
	(851, 2, '2021-05-15', '3', '11:10:04', '06:38:05'),
	(852, 3, '2021-10-30', '2', '10:48:09', '12:53:45'),
	(853, 3, '2021-10-27', '3', '00:59:26', '18:10:51'),
	(854, 4, '2021-10-22', '2', '03:11:40', '06:19:11'),
	(855, 5, '2021-11-07', '1', '01:14:54', '21:52:19'),
	(857, 2, '2021-01-08', '1', '16:43:19', '22:45:41'),
	(858, 5, '2021-07-04', '3', '15:21:04', '04:16:55'),
	(859, 4, '2021-09-23', '2', '09:32:04', '06:28:06'),
	(860, 1, '2021-01-03', '3', '17:43:34', '04:26:42'),
	(861, 4, '2021-03-27', '2', '05:27:21', '03:26:32'),
	(862, 2, '2021-01-10', '3', '08:56:46', '07:10:52'),
	(863, 4, '2021-05-05', '2', '02:55:25', '06:38:34'),
	(864, 2, '2021-07-30', '3', '15:42:31', '09:21:43'),
	(865, 2, '2021-02-08', '2', '16:24:49', '03:25:56'),
	(868, 1, '2021-10-29', '3', '01:39:19', '05:54:12'),
	(869, 3, '2021-06-09', '3', '21:09:16', '14:01:17'),
	(870, 3, '2021-10-18', '2', '06:21:15', '17:54:11'),
	(871, 4, '2021-01-19', '1', '03:55:22', '17:45:02'),
	(873, 2, '2021-06-06', '1', '18:54:29', '08:09:02'),
	(874, 5, '2021-05-13', '3', '10:21:51', '05:12:34'),
	(875, 4, '2021-06-25', '3', '02:44:44', '07:41:02'),
	(876, 1, '2021-11-21', '1', '18:18:48', '23:00:24'),
	(877, 5, '2021-08-05', '3', '03:30:16', '04:45:05'),
	(878, 5, '2021-01-20', '1', '08:30:01', '14:42:28'),
	(880, 1, '2021-10-23', '2', '00:35:04', '02:49:50'),
	(881, 1, '2021-02-26', '3', '12:13:46', '08:27:11'),
	(882, 5, '2021-05-14', '2', '08:13:27', '18:18:38'),
	(883, 4, '2021-06-10', '3', '07:03:04', '17:43:40'),
	(884, 5, '2021-09-26', '1', '22:52:24', '11:17:06'),
	(885, 1, '2021-02-08', '3', '23:33:41', '01:35:47'),
	(886, 5, '2021-05-19', '3', '08:12:22', '04:44:56'),
	(887, 1, '2021-07-28', '1', '03:34:43', '06:12:49'),
	(888, 3, '2021-10-21', '2', '05:02:55', '21:31:20'),
	(889, 2, '2021-10-26', '3', '18:13:59', '04:56:49'),
	(890, 4, '2021-10-20', '2', '18:34:15', '11:49:47'),
	(891, 4, '2021-10-10', '2', '17:06:37', '07:56:09'),
	(892, 2, '2021-07-09', '3', '04:55:10', '18:44:29'),
	(893, 3, '2021-06-02', '2', '14:13:29', '13:44:14'),
	(894, 5, '2021-04-13', '1', '23:08:40', '13:03:24'),
	(895, 2, '2021-11-29', '2', '07:24:31', '14:28:08'),
	(896, 1, '2021-04-07', '3', '04:33:20', '02:11:18'),
	(898, 4, '2021-06-24', '1', '16:28:48', '12:24:12'),
	(900, 5, '2021-08-23', '1', '01:02:11', '20:40:35'),
	(901, 2, '2021-10-19', '2', '04:45:41', '09:38:51'),
	(902, 2, '2021-10-10', '1', '09:06:09', '06:04:06'),
	(904, 2, '2021-08-14', '2', '21:14:33', '19:35:49'),
	(905, 3, '2021-11-10', '3', '17:10:00', '10:49:32'),
	(906, 2, '2021-11-27', '2', '13:59:42', '23:58:27'),
	(907, 2, '2021-06-13', '2', '14:19:37', '20:46:15'),
	(908, 3, '2021-03-17', '1', '09:01:12', '06:32:13'),
	(909, 2, '2021-10-23', '1', '17:28:14', '06:00:48'),
	(910, 5, '2021-01-27', '2', '15:54:18', '03:48:16'),
	(911, 4, '2021-03-05', '1', '07:40:32', '14:34:30'),
	(912, 3, '2021-05-31', '2', '07:47:52', '01:09:25'),
	(913, 4, '2021-11-20', '3', '13:35:52', '09:08:05'),
	(914, 3, '2021-02-15', '1', '18:26:37', '17:12:48'),
	(915, 2, '2021-07-27', '1', '23:56:25', '10:01:58'),
	(916, 1, '2021-02-22', '1', '11:15:28', '16:53:25'),
	(917, 1, '2021-08-05', '2', '14:37:29', '00:55:24'),
	(918, 4, '2021-09-26', '2', '19:09:53', '01:41:00'),
	(919, 5, '2021-04-28', '1', '00:42:48', '05:50:55'),
	(921, 4, '2021-10-19', '1', '03:35:39', '06:54:12'),
	(923, 5, '2021-06-11', '3', '21:54:06', '17:37:08'),
	(924, 1, '2021-02-22', '1', '12:46:15', '04:45:52'),
	(925, 4, '2021-04-25', '2', '18:14:02', '17:57:58'),
	(926, 4, '2021-07-03', '2', '21:58:55', '16:52:00'),
	(928, 4, '2021-08-15', '3', '10:24:22', '19:35:14'),
	(929, 5, '2021-11-10', '2', '23:28:15', '14:05:00'),
	(930, 3, '2021-01-02', '1', '02:29:40', '14:43:31'),
	(932, 2, '2021-11-09', '2', '23:39:52', '02:25:39'),
	(933, 4, '2021-04-03', '1', '14:47:30', '04:51:32'),
	(934, 3, '2021-10-05', '2', '13:46:11', '18:36:23'),
	(935, 2, '2021-06-05', '2', '06:59:22', '15:39:21'),
	(936, 4, '2021-02-15', '1', '10:26:31', '00:24:11'),
	(937, 2, '2021-08-27', '1', '23:35:41', '21:04:34'),
	(938, 5, '2021-03-22', '3', '16:47:36', '08:55:45'),
	(939, 5, '2021-08-04', '2', '07:32:37', '03:54:37'),
	(940, 5, '2021-07-23', '2', '12:40:16', '18:52:10'),
	(941, 2, '2021-11-09', '3', '04:13:36', '08:08:00'),
	(942, 5, '2021-06-10', '2', '08:42:56', '08:44:50'),
	(943, 2, '2021-07-28', '3', '00:12:14', '23:37:39'),
	(944, 4, '2021-03-31', '1', '18:35:09', '11:08:37'),
	(945, 5, '2021-02-16', '2', '11:26:39', '03:18:14'),
	(946, 1, '2021-08-05', '3', '16:23:41', '10:42:27'),
	(947, 1, '2021-08-09', '2', '05:29:57', '08:23:31'),
	(948, 3, '2021-09-07', '3', '18:34:19', '14:21:41'),
	(950, 2, '2021-07-24', '1', '06:14:04', '12:16:53'),
	(951, 2, '2021-08-30', '1', '13:10:59', '08:15:43'),
	(952, 4, '2021-08-11', '3', '02:06:22', '23:54:50'),
	(953, 3, '2021-07-02', '2', '15:26:00', '22:52:36'),
	(954, 2, '2021-01-05', '2', '06:44:46', '23:13:46'),
	(955, 5, '2021-07-26', '2', '13:48:03', '13:12:02'),
	(956, 4, '2021-04-29', '3', '15:06:22', '21:25:29'),
	(957, 4, '2021-03-08', '2', '02:13:20', '00:51:22'),
	(958, 4, '2021-01-24', '1', '04:28:20', '07:03:36'),
	(959, 2, '2021-07-26', '3', '21:44:46', '11:41:19'),
	(960, 5, '2021-08-06', '3', '03:07:30', '17:33:22'),
	(961, 1, '2021-07-11', '1', '02:51:01', '20:09:19'),
	(962, 2, '2021-09-21', '3', '04:41:51', '16:22:25'),
	(963, 2, '2021-09-27', '3', '06:17:48', '03:42:14'),
	(964, 1, '2021-02-22', '3', '09:19:51', '04:59:06'),
	(965, 5, '2021-11-16', '1', '04:28:57', '00:00:45'),
	(966, 4, '2021-08-05', '3', '04:04:52', '21:52:43'),
	(967, 1, '2021-03-20', '3', '09:45:21', '19:33:21'),
	(968, 5, '2021-03-11', '2', '21:03:58', '14:39:13'),
	(970, 3, '2021-11-21', '3', '19:09:09', '23:07:36'),
	(971, 3, '2021-05-26', '2', '11:12:38', '13:03:49'),
	(972, 1, '2021-08-08', '1', '20:00:00', '03:45:44'),
	(973, 5, '2021-02-17', '2', '07:07:24', '02:08:45'),
	(974, 1, '2021-09-20', '2', '16:35:31', '04:23:32'),
	(975, 2, '2021-06-22', '3', '13:07:07', '05:33:14'),
	(976, 2, '2021-06-13', '3', '03:07:51', '16:38:03'),
	(977, 3, '2021-02-07', '2', '04:07:44', '15:15:38'),
	(978, 5, '2021-11-21', '2', '02:26:54', '04:19:29'),
	(979, 5, '2021-10-05', '2', '07:07:07', '11:52:32'),
	(980, 2, '2021-08-25', '3', '09:34:07', '07:06:21'),
	(981, 2, '2021-10-09', '3', '00:05:09', '08:19:23'),
	(982, 3, '2021-06-16', '2', '05:57:32', '21:48:51'),
	(983, 3, '2021-11-15', '1', '13:17:20', '03:25:35'),
	(984, 3, '2021-06-01', '2', '08:18:25', '19:19:12'),
	(985, 1, '2021-02-19', '1', '11:06:47', '12:25:44'),
	(986, 1, '2021-04-25', '1', '08:25:19', '23:54:53'),
	(987, 5, '2021-01-29', '1', '21:31:07', '20:11:53'),
	(988, 5, '2021-10-26', '1', '14:04:40', '18:01:01'),
	(989, 3, '2021-06-03', '1', '14:37:19', '16:58:37'),
	(990, 3, '2021-08-14', '2', '20:55:40', '08:25:31'),
	(991, 3, '2021-04-15', '2', '23:26:59', '04:55:43'),
	(993, 2, '2021-11-06', '1', '00:24:30', '06:19:56'),
	(994, 5, '2021-06-06', '3', '15:26:26', '10:26:23'),
	(995, 5, '2021-06-19', '2', '23:23:35', '01:45:54'),
	(996, 4, '2021-04-06', '2', '01:04:40', '11:47:18'),
	(998, 2, '2021-10-09', '2', '18:02:40', '23:33:09'),
	(999, 4, '2021-08-18', '2', '06:06:50', '05:11:37'),
	(1000, 2, '2021-05-24', '2', '18:51:38', '11:14:54'),
	(1001, 9, '2021-08-08', '1', '12:49:00', '03:39:00'),
	(1002, 8, '2021-10-11', '3', '19:22:00', '11:32:00'),
	(1003, 8, '2021-08-01', '3', '00:08:00', '13:30:00'),
	(1004, 9, '2021-11-26', '2', '21:46:00', '14:53:00'),
	(1006, 10, '2021-08-18', '3', '01:31:00', '17:16:00'),
	(1007, 9, '2021-08-05', '3', '21:44:00', '13:34:00'),
	(1008, 10, '2021-11-18', '2', '00:45:00', '13:00:00'),
	(1009, 8, '2021-09-24', '3', '21:46:00', '22:34:00'),
	(1011, 8, '2021-09-02', '2', '21:58:00', '08:21:00'),
	(1012, 10, '2021-09-07', '2', '08:20:00', '08:15:00'),
	(1013, 10, '2021-11-07', '3', '11:16:00', '00:13:00'),
	(1014, 8, '2021-09-06', '1', '08:54:00', '09:14:00'),
	(1015, 8, '2021-09-19', '2', '00:37:00', '23:45:00'),
	(1016, 8, '2021-12-01', '2', '09:53:00', '14:57:00'),
	(1017, 10, '2021-08-16', '1', '00:46:00', '06:06:00'),
	(1018, 10, '2021-10-06', '3', '20:20:00', '01:31:00'),
	(1019, 8, '2021-10-01', '1', '05:54:00', '03:27:00'),
	(1020, 9, '2021-12-01', '1', '16:14:00', '10:26:00'),
	(1021, 9, '2021-09-18', '1', '07:42:00', '13:25:00'),
	(1022, 10, '2021-09-19', '3', '16:28:00', '01:15:00'),
	(1023, 9, '2021-09-02', '2', '15:13:00', '14:56:00'),
	(1024, 8, '2021-11-15', '1', '19:49:00', '17:42:00'),
	(1025, 10, '2021-08-15', '3', '12:38:00', '09:01:00'),
	(1026, 10, '2021-11-09', '1', '22:16:00', '10:30:00'),
	(1027, 9, '2021-12-02', '1', '07:11:00', '15:17:00'),
	(1028, 9, '2021-11-05', '2', '05:41:00', '00:43:00'),
	(1029, 9, '2021-11-13', '3', '09:15:00', '14:51:00'),
	(1030, 9, '2021-08-10', '2', '10:40:00', '09:33:00'),
	(1031, 9, '2021-08-06', '2', '06:52:00', '00:40:00'),
	(1032, 9, '2021-11-08', '2', '09:01:00', '13:08:00'),
	(1033, 8, '2021-09-18', '1', '23:11:00', '23:15:00'),
	(1034, 8, '2021-10-21', '1', '01:34:00', '18:59:00'),
	(1036, 8, '2021-10-04', '2', '12:50:00', '22:48:00'),
	(1037, 8, '2021-09-08', '3', '04:53:00', '05:15:00'),
	(1038, 10, '2021-11-27', '3', '12:22:00', '15:52:00'),
	(1040, 9, '2021-09-06', '3', '18:53:00', '02:39:00'),
	(1041, 9, '2021-09-29', '1', '13:54:00', '20:05:00'),
	(1043, 10, '2021-10-22', '2', '11:19:00', '01:50:00'),
	(1044, 9, '2021-11-11', '1', '10:58:00', '18:27:00'),
	(1045, 9, '2021-12-06', '3', '13:10:00', '08:57:00'),
	(1046, 10, '2021-10-04', '2', '05:54:00', '23:51:00'),
	(1048, 10, '2021-10-15', '3', '08:59:00', '13:20:00'),
	(1049, 9, '2021-08-20', '3', '20:27:00', '19:33:00'),
	(1050, 7, '2021-09-17', '2', '05:40:00', '05:47:00'),
	(1051, 9, '2021-10-22', '2', '02:25:00', '21:23:00'),
	(1052, 7, '2021-09-03', '3', '23:01:00', '05:24:00'),
	(1053, 9, '2021-08-27', '2', '20:13:00', '13:38:00'),
	(1054, 8, '2021-08-22', '1', '09:07:00', '16:03:00'),
	(1055, 10, '2021-11-15', '2', '20:14:00', '02:18:00'),
	(1056, 8, '2021-12-05', '1', '09:24:00', '22:01:00'),
	(1057, 7, '2021-10-27', '1', '10:07:00', '19:43:00'),
	(1058, 7, '2021-09-06', '2', '20:56:00', '22:08:00'),
	(1059, 8, '2021-10-26', '1', '21:13:00', '16:01:00'),
	(1060, 9, '2021-12-09', '2', '05:28:00', '01:21:00'),
	(1061, 7, '2021-12-04', '3', '20:41:00', '13:29:00'),
	(1062, 10, '2021-11-13', '1', '13:54:00', '14:15:00'),
	(1063, 9, '2021-08-10', '2', '00:05:00', '20:02:00'),
	(1064, 9, '2021-08-26', '2', '19:06:00', '17:50:00'),
	(1065, 7, '2021-08-08', '2', '03:50:00', '12:15:00'),
	(1066, 10, '2021-08-29', '2', '05:38:00', '01:41:00'),
	(1067, 10, '2021-11-06', '2', '04:32:00', '05:34:00'),
	(1068, 7, '2021-10-22', '3', '08:44:00', '09:38:00'),
	(1069, 7, '2021-12-03', '2', '00:41:00', '09:36:00'),
	(1070, 7, '2021-12-02', '2', '16:27:00', '07:27:00'),
	(1071, 7, '2021-11-26', '1', '22:35:00', '05:07:00'),
	(1072, 10, '2021-11-17', '2', '04:45:00', '02:44:00'),
	(1073, 9, '2021-11-25', '3', '14:44:00', '02:44:00'),
	(1074, 10, '2021-08-24', '1', '17:27:00', '16:15:00'),
	(1075, 7, '2021-10-11', '2', '17:43:00', '19:02:00'),
	(1076, 9, '2021-11-04', '1', '03:29:00', '16:47:00'),
	(1077, 9, '2021-11-15', '3', '06:02:00', '10:29:00'),
	(1078, 7, '2021-08-13', '1', '12:30:00', '23:27:00'),
	(1079, 7, '2021-11-29', '2', '23:44:00', '21:11:00'),
	(1080, 8, '2021-10-12', '1', '08:02:00', '11:53:00'),
	(1081, 10, '2021-10-28', '3', '07:33:00', '07:38:00'),
	(1082, 9, '2021-10-04', '1', '07:48:00', '00:57:00'),
	(1083, 9, '2021-08-12', '1', '10:39:00', '23:55:00'),
	(1084, 10, '2021-10-11', '3', '16:57:00', '19:56:00'),
	(1085, 8, '2021-10-08', '2', '04:28:00', '23:46:00'),
	(1086, 8, '2021-08-07', '1', '15:42:00', '03:24:00'),
	(1087, 9, '2021-10-12', '2', '09:13:00', '15:12:00'),
	(1088, 10, '2021-11-03', '1', '06:12:00', '18:53:00'),
	(1089, 9, '2021-09-17', '1', '15:58:00', '20:14:00'),
	(1090, 10, '2021-10-13', '3', '02:09:00', '19:08:00'),
	(1091, 8, '2021-10-03', '3', '18:50:00', '01:53:00'),
	(1092, 7, '2021-08-21', '1', '19:04:00', '06:06:00'),
	(1093, 8, '2021-09-23', '2', '10:37:00', '01:04:00'),
	(1094, 9, '2021-09-20', '1', '04:14:00', '06:30:00'),
	(1095, 9, '2021-08-27', '1', '23:53:00', '20:00:00'),
	(1096, 9, '2021-10-31', '3', '14:00:00', '00:01:00'),
	(1097, 7, '2021-12-09', '3', '22:50:00', '19:04:00'),
	(1098, 7, '2021-11-20', '3', '12:39:00', '15:51:00'),
	(1099, 9, '2021-10-19', '2', '20:38:00', '11:16:00'),
	(1100, 7, '2021-10-11', '1', '03:28:00', '05:30:00'),
	(1101, 10, '2021-09-21', '2', '21:35:00', '19:56:00'),
	(1102, 7, '2021-10-09', '3', '11:32:00', '23:49:00'),
	(1103, 9, '2021-09-29', '1', '08:00:00', '20:43:00'),
	(1104, 9, '2021-09-20', '2', '01:18:00', '16:07:00'),
	(1105, 9, '2021-11-01', '3', '22:04:00', '14:30:00'),
	(1106, 10, '2021-11-07', '3', '06:45:00', '19:07:00'),
	(1107, 10, '2021-10-03', '2', '16:02:00', '17:47:00'),
	(1108, 8, '2021-08-09', '2', '14:02:00', '03:01:00'),
	(1109, 7, '2021-09-21', '3', '06:40:00', '06:25:00'),
	(1110, 10, '2021-08-18', '2', '06:50:00', '15:38:00'),
	(1111, 10, '2021-11-12', '1', '23:03:00', '18:01:00'),
	(1112, 9, '2021-11-03', '1', '13:13:00', '21:42:00'),
	(1113, 10, '2021-11-08', '2', '14:37:00', '06:47:00'),
	(1114, 9, '2021-11-07', '2', '02:55:00', '23:24:00'),
	(1115, 7, '2021-08-13', '3', '03:36:00', '23:05:00'),
	(1116, 10, '2021-10-24', '3', '12:44:00', '09:19:00'),
	(1117, 10, '2021-12-02', '1', '02:51:00', '00:18:00'),
	(1118, 8, '2021-11-23', '2', '23:18:00', '01:05:00'),
	(1119, 8, '2021-08-04', '3', '06:11:00', '14:32:00'),
	(1120, 7, '2021-09-14', '1', '14:40:00', '22:54:00'),
	(1121, 10, '2021-12-03', '1', '20:47:00', '14:44:00'),
	(1122, 8, '2021-10-07', '2', '04:35:00', '06:04:00'),
	(1123, 7, '2021-08-31', '2', '07:02:00', '02:31:00'),
	(1124, 9, '2021-10-27', '3', '00:37:00', '23:06:00'),
	(1125, 10, '2021-09-22', '3', '11:58:00', '13:00:00'),
	(1126, 7, '2021-11-02', '3', '19:20:00', '02:25:00'),
	(1127, 8, '2021-08-11', '3', '10:01:00', '07:54:00'),
	(1128, 9, '2021-08-20', '2', '23:39:00', '16:03:00'),
	(1129, 9, '2021-10-11', '2', '23:02:00', '06:39:00'),
	(1130, 9, '2021-08-02', '3', '17:47:00', '08:41:00'),
	(1131, 10, '2021-09-19', '1', '01:01:00', '08:54:00'),
	(1132, 7, '2021-11-06', '2', '12:51:00', '13:25:00'),
	(1133, 9, '2021-10-30', '2', '05:16:00', '11:04:00'),
	(1134, 8, '2021-09-27', '2', '21:23:00', '12:02:00'),
	(1135, 10, '2021-11-22', '3', '14:14:00', '22:47:00'),
	(1136, 10, '2021-08-01', '2', '23:55:00', '14:28:00'),
	(1137, 7, '2021-09-17', '3', '15:08:00', '13:20:00'),
	(1138, 9, '2021-10-28', '3', '03:03:00', '13:41:00'),
	(1139, 10, '2021-08-02', '1', '17:39:00', '21:58:00'),
	(1140, 9, '2021-11-12', '3', '12:14:00', '17:01:00'),
	(1141, 7, '2021-10-22', '3', '07:40:00', '03:11:00'),
	(1142, 9, '2021-09-29', '1', '09:47:00', '19:38:00'),
	(1143, 9, '2021-08-16', '1', '21:48:00', '04:59:00'),
	(1144, 9, '2021-11-05', '3', '10:56:00', '22:41:00'),
	(1145, 8, '2021-09-26', '1', '10:10:00', '11:35:00'),
	(1146, 7, '2021-08-21', '1', '02:28:00', '18:58:00'),
	(1147, 7, '2021-10-15', '1', '23:16:00', '07:02:00'),
	(1148, 8, '2021-08-18', '2', '11:44:00', '09:49:00'),
	(1149, 9, '2021-11-08', '1', '08:33:00', '06:51:00'),
	(1150, 8, '2021-12-08', '3', '22:31:00', '00:09:00'),
	(1151, 7, '2021-08-05', '1', '10:50:00', '03:13:00'),
	(1152, 10, '2021-09-02', '1', '04:51:00', '09:49:00'),
	(1153, 7, '2021-11-07', '2', '07:03:00', '20:22:00'),
	(1154, 8, '2021-08-13', '2', '19:36:00', '10:08:00'),
	(1155, 7, '2021-10-05', '2', '16:03:00', '22:11:00'),
	(1156, 9, '2021-11-16', '3', '05:48:00', '07:57:00'),
	(1157, 8, '2021-09-07', '3', '07:41:00', '13:37:00'),
	(1158, 7, '2021-09-30', '2', '03:15:00', '02:50:00'),
	(1159, 9, '2021-10-03', '2', '01:53:00', '00:47:00'),
	(1160, 7, '2021-09-14', '3', '11:19:00', '22:06:00'),
	(1161, 10, '2021-09-02', '3', '21:00:00', '03:58:00'),
	(1162, 10, '2021-11-03', '1', '16:53:00', '13:10:00'),
	(1163, 10, '2021-12-01', '1', '08:09:00', '23:36:00'),
	(1164, 10, '2021-10-26', '2', '17:21:00', '23:08:00'),
	(1165, 9, '2021-10-28', '3', '13:01:00', '08:03:00'),
	(1166, 9, '2021-11-15', '2', '08:09:00', '11:51:00'),
	(1167, 9, '2021-10-19', '1', '22:19:00', '05:29:00'),
	(1168, 8, '2021-10-11', '3', '03:22:00', '07:08:00'),
	(1169, 7, '2021-09-24', '2', '13:45:00', '01:25:00'),
	(1170, 9, '2021-11-10', '1', '05:03:00', '14:48:00'),
	(1171, 9, '2021-11-20', '2', '12:46:00', '00:24:00'),
	(1172, 9, '2021-10-31', '2', '10:23:00', '13:11:00'),
	(1173, 10, '2021-12-08', '2', '10:40:00', '02:49:00'),
	(1174, 7, '2021-10-05', '3', '08:23:00', '00:32:00'),
	(1175, 10, '2021-08-18', '3', '23:28:00', '07:26:00'),
	(1176, 9, '2021-11-01', '1', '05:11:00', '10:11:00'),
	(1177, 8, '2021-10-17', '2', '05:46:00', '19:45:00'),
	(1178, 10, '2021-10-08', '3', '16:06:00', '15:31:00'),
	(1179, 8, '2021-11-23', '1', '14:05:00', '05:02:00'),
	(1180, 10, '2021-12-01', '2', '06:17:00', '19:28:00'),
	(1181, 9, '2021-09-02', '1', '09:54:00', '03:43:00'),
	(1182, 9, '2021-11-28', '2', '13:24:00', '15:24:00'),
	(1183, 8, '2021-08-22', '2', '07:41:00', '20:28:00'),
	(1184, 10, '2021-08-17', '3', '18:40:00', '20:36:00'),
	(1185, 9, '2021-09-27', '3', '11:53:00', '02:05:00'),
	(1186, 8, '2021-08-16', '1', '09:52:00', '08:03:00'),
	(1187, 8, '2021-10-28', '2', '13:14:00', '03:40:00'),
	(1188, 7, '2021-08-29', '3', '20:05:00', '03:03:00'),
	(1189, 7, '2021-09-06', '3', '01:30:00', '06:56:00'),
	(1190, 7, '2021-11-01', '1', '01:35:00', '14:00:00'),
	(1191, 10, '2021-09-26', '1', '05:31:00', '04:38:00'),
	(1192, 10, '2021-08-22', '3', '04:01:00', '12:17:00'),
	(1193, 9, '2021-08-16', '1', '14:56:00', '09:47:00'),
	(1194, 9, '2021-10-03', '1', '22:06:00', '20:02:00'),
	(1195, 10, '2021-11-05', '2', '12:06:00', '03:48:00'),
	(1196, 8, '2021-09-19', '2', '06:52:00', '16:03:00'),
	(1197, 7, '2021-09-05', '1', '12:28:00', '11:07:00'),
	(1198, 10, '2021-11-01', '2', '19:21:00', '23:34:00'),
	(1199, 8, '2021-11-16', '3', '11:08:00', '08:52:00'),
	(1200, 7, '2021-12-06', '2', '22:54:00', '12:00:00'),
	(1201, 9, '2021-10-03', '2', '13:48:00', '04:09:00'),
	(1202, 9, '2021-10-15', '1', '14:14:00', '06:44:00'),
	(1203, 10, '2021-11-10', '3', '13:59:00', '23:17:00'),
	(1204, 8, '2021-09-01', '2', '02:50:00', '22:35:00'),
	(1205, 7, '2021-10-14', '3', '22:59:00', '06:05:00'),
	(1206, 10, '2021-12-06', '2', '21:27:00', '11:03:00'),
	(1207, 9, '2021-10-06', '1', '02:13:00', '13:41:00'),
	(1208, 9, '2021-09-23', '1', '12:34:00', '02:26:00'),
	(1209, 8, '2021-08-18', '2', '22:53:00', '13:36:00'),
	(1210, 10, '2021-11-04', '1', '12:16:00', '22:00:00'),
	(1211, 7, '2021-09-26', '2', '14:54:00', '09:21:00'),
	(1212, 7, '2021-08-02', '3', '20:22:00', '13:53:00'),
	(1213, 9, '2021-11-30', '3', '08:27:00', '06:14:00'),
	(1214, 10, '2021-11-09', '1', '16:38:00', '06:28:00'),
	(1215, 10, '2021-08-05', '2', '05:40:00', '11:41:00'),
	(1216, 10, '2021-10-21', '2', '04:30:00', '14:25:00'),
	(1217, 7, '2021-12-01', '2', '12:13:00', '16:13:00'),
	(1218, 10, '2021-12-05', '3', '13:36:00', '23:51:00'),
	(1219, 8, '2021-11-17', '1', '20:24:00', '08:47:00'),
	(1220, 10, '2021-09-15', '2', '06:09:00', '03:37:00'),
	(1221, 8, '2021-10-23', '2', '13:01:00', '13:33:00'),
	(1222, 10, '2021-11-01', '2', '21:31:00', '17:14:00'),
	(1223, 8, '2021-11-21', '3', '07:18:00', '02:12:00'),
	(1224, 10, '2021-11-05', '2', '12:20:00', '21:02:00'),
	(1225, 8, '2021-11-04', '3', '16:03:00', '21:21:00'),
	(1226, 9, '2021-10-22', '3', '01:39:00', '22:25:00'),
	(1227, 9, '2021-08-16', '3', '11:58:00', '07:05:00'),
	(1228, 8, '2021-10-16', '3', '13:16:00', '00:20:00'),
	(1229, 8, '2021-10-10', '1', '14:10:00', '02:14:00'),
	(1230, 9, '2021-10-16', '2', '06:22:00', '01:41:00'),
	(1231, 9, '2021-08-15', '3', '05:23:00', '18:49:00'),
	(1232, 10, '2021-09-12', '2', '02:56:00', '19:52:00'),
	(1233, 7, '2021-10-29', '2', '07:26:00', '18:19:00'),
	(1234, 10, '2021-09-16', '3', '13:54:00', '01:27:00'),
	(1235, 8, '2021-10-23', '3', '03:32:00', '14:24:00'),
	(1236, 7, '2021-08-31', '2', '16:38:00', '15:20:00'),
	(1237, 10, '2021-08-30', '2', '22:18:00', '09:33:00'),
	(1238, 9, '2021-10-03', '3', '02:55:00', '13:27:00'),
	(1239, 9, '2021-11-12', '3', '02:50:00', '10:46:00'),
	(1240, 8, '2021-12-08', '1', '19:33:00', '20:16:00'),
	(1241, 8, '2021-08-22', '3', '06:34:00', '10:45:00'),
	(1242, 10, '2021-10-28', '1', '04:14:00', '09:14:00'),
	(1243, 8, '2021-09-11', '3', '01:04:00', '10:00:00'),
	(1244, 10, '2021-09-28', '3', '15:29:00', '14:41:00'),
	(1245, 9, '2021-09-15', '2', '10:48:00', '12:28:00'),
	(1246, 8, '2021-09-13', '3', '19:53:00', '00:12:00'),
	(1247, 9, '2021-09-05', '3', '05:42:00', '21:53:00'),
	(1248, 9, '2021-09-05', '2', '01:49:00', '14:05:00'),
	(1249, 7, '2021-09-07', '2', '06:00:00', '13:13:00'),
	(1250, 10, '2021-11-11', '1', '07:13:00', '00:12:00'),
	(1251, 10, '2021-08-14', '3', '06:46:00', '00:43:00'),
	(1252, 9, '2021-08-05', '1', '04:44:00', '16:17:00'),
	(1253, 10, '2021-09-09', '1', '04:15:00', '10:06:00'),
	(1254, 9, '2021-10-28', '1', '16:26:00', '14:07:00'),
	(1255, 10, '2021-12-08', '2', '19:53:00', '05:16:00'),
	(1256, 10, '2021-08-19', '1', '11:16:00', '11:25:00'),
	(1257, 9, '2021-10-03', '1', '21:30:00', '15:29:00'),
	(1258, 10, '2021-08-29', '3', '11:51:00', '18:30:00'),
	(1259, 10, '2021-11-13', '1', '19:05:00', '05:40:00'),
	(1260, 9, '2021-08-29', '3', '05:59:00', '18:12:00'),
	(1261, 9, '2021-10-03', '2', '21:38:00', '06:58:00'),
	(1262, 7, '2021-10-16', '2', '02:42:00', '21:23:00'),
	(1263, 8, '2021-10-05', '2', '05:08:00', '20:47:00'),
	(1264, 7, '2021-08-20', '2', '21:32:00', '09:34:00'),
	(1265, 9, '2021-08-09', '2', '01:26:00', '04:11:00'),
	(1266, 9, '2021-11-09', '1', '16:19:00', '21:22:00'),
	(1267, 7, '2021-09-22', '3', '19:27:00', '09:50:00'),
	(1268, 9, '2021-08-14', '1', '10:34:00', '19:13:00'),
	(1269, 9, '2021-08-04', '2', '05:27:00', '15:02:00'),
	(1270, 7, '2021-08-08', '3', '00:21:00', '01:54:00'),
	(1271, 10, '2021-10-19', '1', '04:19:00', '22:14:00'),
	(1272, 10, '2021-08-21', '3', '06:27:00', '23:58:00'),
	(1273, 7, '2021-10-14', '2', '18:12:00', '02:00:00'),
	(1274, 7, '2021-08-22', '2', '10:57:00', '14:49:00'),
	(1275, 9, '2021-08-29', '3', '01:30:00', '10:48:00'),
	(1276, 9, '2021-08-26', '1', '14:54:00', '08:21:00'),
	(1277, 7, '2021-08-11', '3', '15:35:00', '09:51:00'),
	(1278, 7, '2021-11-19', '2', '13:07:00', '21:06:00'),
	(1279, 8, '2021-10-18', '2', '18:57:00', '12:15:00'),
	(1280, 9, '2021-11-07', '2', '05:44:00', '00:09:00'),
	(1281, 7, '2021-11-10', '3', '16:50:00', '05:48:00'),
	(1282, 9, '2021-09-28', '1', '21:25:00', '04:06:00'),
	(1283, 7, '2021-10-10', '3', '02:52:00', '18:02:00'),
	(1284, 9, '2021-10-26', '1', '10:46:00', '17:44:00'),
	(1285, 8, '2021-09-18', '2', '00:06:00', '09:08:00'),
	(1286, 10, '2021-08-03', '2', '13:24:00', '19:18:00'),
	(1287, 8, '2021-11-22', '2', '12:55:00', '08:03:00'),
	(1288, 10, '2021-11-25', '1', '03:15:00', '01:56:00'),
	(1289, 10, '2021-08-12', '1', '14:37:00', '23:53:00'),
	(1290, 8, '2021-12-02', '1', '06:12:00', '03:29:00'),
	(1291, 10, '2021-09-30', '2', '09:18:00', '23:32:00'),
	(1292, 7, '2021-10-08', '1', '00:31:00', '23:11:00'),
	(1293, 10, '2021-10-17', '3', '16:30:00', '09:40:00'),
	(1294, 9, '2021-11-13', '3', '04:25:00', '01:14:00'),
	(1295, 10, '2021-08-02', '2', '15:46:00', '19:00:00'),
	(1296, 9, '2021-08-16', '1', '07:10:00', '02:08:00'),
	(1297, 7, '2021-08-26', '3', '03:45:00', '06:24:00'),
	(1298, 8, '2021-08-25', '1', '09:55:00', '08:51:00'),
	(1299, 9, '2021-10-29', '2', '16:37:00', '12:53:00'),
	(1300, 7, '2021-12-08', '3', '02:33:00', '13:37:00'),
	(1301, 9, '2021-10-23', '3', '16:58:00', '10:11:00'),
	(1302, 7, '2021-11-10', '3', '08:18:00', '20:34:00'),
	(1303, 10, '2021-10-15', '3', '10:52:00', '12:08:00'),
	(1304, 7, '2021-10-06', '1', '14:01:00', '21:22:00'),
	(1305, 7, '2021-09-02', '3', '14:21:00', '22:23:00'),
	(1306, 10, '2021-10-17', '2', '23:55:00', '05:27:00'),
	(1307, 8, '2021-08-17', '2', '18:05:00', '23:12:00'),
	(1308, 10, '2021-08-18', '2', '20:58:00', '06:20:00'),
	(1309, 10, '2021-11-30', '2', '23:04:00', '18:01:00'),
	(1310, 10, '2021-11-30', '2', '10:06:00', '22:55:00'),
	(1311, 10, '2021-09-17', '3', '22:25:00', '08:51:00'),
	(1312, 7, '2021-10-11', '2', '07:46:00', '15:45:00'),
	(1313, 8, '2021-08-13', '1', '15:30:00', '09:10:00'),
	(1314, 7, '2021-08-09', '2', '03:07:00', '06:03:00'),
	(1315, 8, '2021-12-05', '3', '08:45:00', '16:58:00'),
	(1316, 8, '2021-08-15', '2', '17:33:00', '03:07:00'),
	(1317, 9, '2021-11-08', '1', '11:45:00', '15:06:00'),
	(1318, 8, '2021-11-03', '2', '02:03:00', '13:41:00'),
	(1319, 7, '2021-09-20', '3', '10:33:00', '23:25:00'),
	(1320, 10, '2021-08-17', '3', '23:15:00', '23:04:00'),
	(1321, 9, '2021-09-13', '2', '01:25:00', '21:35:00'),
	(1322, 9, '2021-08-02', '3', '09:31:00', '09:11:00'),
	(1323, 7, '2021-08-25', '3', '20:08:00', '15:34:00'),
	(1324, 9, '2021-12-09', '2', '20:42:00', '02:45:00'),
	(1325, 7, '2021-10-01', '1', '13:56:00', '14:28:00'),
	(1326, 9, '2021-12-07', '3', '00:55:00', '06:30:00'),
	(1327, 8, '2021-10-03', '2', '00:26:00', '05:49:00'),
	(1328, 7, '2021-11-08', '2', '11:57:00', '14:47:00'),
	(1329, 8, '2021-09-23', '1', '19:27:00', '23:19:00'),
	(1330, 9, '2021-09-12', '1', '02:47:00', '04:01:00'),
	(1331, 9, '2021-09-10', '1', '14:56:00', '20:08:00'),
	(1332, 9, '2021-11-13', '1', '23:12:00', '02:31:00'),
	(1333, 8, '2021-09-28', '3', '17:41:00', '19:52:00'),
	(1334, 8, '2021-08-28', '2', '19:17:00', '05:16:00'),
	(1335, 9, '2021-10-19', '3', '08:47:00', '16:17:00'),
	(1336, 7, '2021-09-26', '2', '22:43:00', '09:40:00'),
	(1337, 10, '2021-09-19', '1', '17:43:00', '20:44:00'),
	(1338, 10, '2021-08-24', '3', '06:19:00', '01:26:00'),
	(1339, 10, '2021-08-04', '1', '12:49:00', '20:22:00'),
	(1340, 9, '2021-10-25', '2', '14:18:00', '04:16:00'),
	(1341, 7, '2021-10-17', '2', '02:38:00', '19:24:00'),
	(1342, 10, '2021-11-02', '2', '05:01:00', '09:48:00'),
	(1343, 10, '2021-08-08', '2', '18:11:00', '01:42:00'),
	(1344, 8, '2021-08-09', '1', '14:00:00', '00:26:00'),
	(1345, 8, '2021-10-27', '1', '16:49:00', '22:27:00'),
	(1346, 9, '2021-09-23', '1', '15:27:00', '22:27:00'),
	(1347, 9, '2021-08-21', '2', '02:47:00', '08:23:00'),
	(1348, 10, '2021-10-21', '3', '02:31:00', '18:50:00'),
	(1349, 7, '2021-08-15', '1', '01:41:00', '06:40:00'),
	(1350, 7, '2021-12-08', '1', '14:43:00', '00:17:00'),
	(1351, 9, '2021-10-23', '2', '08:11:00', '08:23:00'),
	(1352, 8, '2021-11-20', '1', '23:46:00', '19:25:00'),
	(1353, 9, '2021-12-06', '1', '00:18:00', '12:12:00'),
	(1354, 7, '2021-10-31', '1', '13:13:00', '14:26:00'),
	(1355, 8, '2021-11-07', '3', '04:51:00', '11:33:00'),
	(1356, 9, '2021-09-04', '3', '04:32:00', '22:01:00'),
	(1357, 9, '2021-12-01', '3', '04:06:00', '07:05:00'),
	(1358, 8, '2021-11-13', '1', '11:22:00', '23:36:00'),
	(1359, 9, '2021-10-20', '2', '16:25:00', '04:48:00'),
	(1360, 7, '2021-08-22', '1', '23:03:00', '22:12:00'),
	(1361, 8, '2021-11-01', '1', '23:33:00', '09:50:00'),
	(1362, 10, '2021-10-11', '3', '18:12:00', '09:50:00'),
	(1363, 8, '2021-09-25', '2', '07:10:00', '18:40:00'),
	(1364, 9, '2021-12-05', '1', '06:54:00', '01:16:00'),
	(1365, 9, '2021-08-04', '1', '11:26:00', '22:51:00'),
	(1366, 9, '2021-08-09', '2', '21:20:00', '15:35:00'),
	(1367, 10, '2021-08-16', '1', '01:57:00', '01:32:00'),
	(1368, 7, '2021-10-04', '1', '18:53:00', '16:00:00'),
	(1369, 8, '2021-10-13', '1', '21:18:00', '15:21:00'),
	(1370, 9, '2021-11-28', '1', '18:16:00', '17:24:00'),
	(1371, 8, '2021-10-02', '2', '07:55:00', '08:46:00'),
	(1372, 9, '2021-09-30', '1', '17:57:00', '05:50:00'),
	(1373, 8, '2021-09-20', '2', '02:29:00', '03:11:00'),
	(1374, 10, '2021-08-19', '2', '20:26:00', '18:16:00'),
	(1375, 8, '2021-09-10', '1', '11:52:00', '23:30:00'),
	(1376, 9, '2021-09-17', '2', '20:39:00', '07:46:00'),
	(1377, 8, '2021-08-24', '3', '18:32:00', '11:42:00'),
	(1378, 9, '2021-10-18', '2', '12:03:00', '01:42:00'),
	(1379, 10, '2021-10-21', '3', '23:25:00', '17:03:00'),
	(1380, 9, '2021-11-13', '3', '09:15:00', '07:02:00'),
	(1381, 7, '2021-11-12', '3', '10:08:00', '05:23:00'),
	(1382, 9, '2021-11-28', '1', '21:12:00', '04:15:00'),
	(1383, 7, '2021-10-18', '3', '02:56:00', '22:04:00'),
	(1384, 9, '2021-08-25', '1', '06:09:00', '09:43:00'),
	(1385, 10, '2021-08-30', '1', '19:13:00', '09:26:00'),
	(1386, 10, '2021-10-30', '2', '10:23:00', '15:16:00'),
	(1387, 9, '2021-11-30', '1', '18:24:00', '15:19:00'),
	(1388, 8, '2021-11-11', '2', '19:55:00', '15:36:00'),
	(1389, 8, '2021-10-07', '2', '05:03:00', '21:22:00'),
	(1390, 10, '2021-11-27', '3', '08:32:00', '15:50:00'),
	(1391, 8, '2021-11-23', '1', '23:40:00', '14:35:00'),
	(1392, 10, '2021-10-25', '3', '18:41:00', '20:11:00'),
	(1393, 8, '2021-08-13', '3', '07:32:00', '17:47:00'),
	(1394, 7, '2021-08-29', '1', '12:47:00', '06:30:00'),
	(1395, 8, '2021-09-05', '1', '12:27:00', '08:32:00'),
	(1396, 9, '2021-10-14', '2', '09:08:00', '15:34:00'),
	(1397, 8, '2021-11-02', '3', '18:48:00', '01:42:00'),
	(1398, 9, '2021-10-06', '3', '07:38:00', '19:21:00'),
	(1399, 7, '2021-10-09', '1', '02:16:00', '10:02:00'),
	(1400, 9, '2021-09-10', '3', '23:43:00', '02:23:00'),
	(1401, 8, '2021-08-05', '3', '09:38:00', '04:56:00'),
	(1402, 8, '2021-08-07', '1', '18:44:00', '12:39:00'),
	(1403, 8, '2021-09-16', '2', '05:25:00', '17:36:00'),
	(1404, 10, '2021-09-08', '2', '23:42:00', '21:58:00'),
	(1405, 10, '2021-09-04', '3', '05:10:00', '10:42:00'),
	(1406, 10, '2021-11-10', '3', '04:28:00', '18:47:00'),
	(1407, 9, '2021-10-31', '3', '12:10:00', '15:59:00'),
	(1408, 8, '2021-09-23', '3', '19:12:00', '05:06:00'),
	(1409, 7, '2021-08-10', '3', '23:41:00', '06:44:00'),
	(1410, 8, '2021-08-01', '1', '17:57:00', '02:02:00'),
	(1411, 7, '2021-11-20', '1', '21:47:00', '21:01:00'),
	(1412, 8, '2021-11-23', '1', '14:56:00', '20:03:00'),
	(1413, 7, '2021-12-07', '1', '01:19:00', '01:15:00'),
	(1414, 10, '2021-11-18', '3', '22:38:00', '02:00:00'),
	(1415, 8, '2021-09-07', '2', '18:51:00', '09:00:00'),
	(1416, 8, '2021-08-26', '3', '15:09:00', '01:56:00'),
	(1417, 7, '2021-08-20', '1', '16:56:00', '19:49:00'),
	(1418, 9, '2021-11-11', '1', '10:36:00', '16:54:00'),
	(1419, 9, '2021-10-13', '1', '06:09:00', '08:35:00'),
	(1420, 10, '2021-09-05', '3', '17:30:00', '17:25:00'),
	(1421, 7, '2021-09-26', '2', '11:01:00', '09:10:00'),
	(1422, 8, '2021-11-12', '1', '19:25:00', '07:55:00'),
	(1423, 10, '2021-11-28', '3', '04:17:00', '17:27:00'),
	(1424, 9, '2021-10-04', '2', '05:11:00', '20:33:00'),
	(1425, 8, '2021-10-15', '1', '06:30:00', '03:19:00'),
	(1426, 8, '2021-09-26', '1', '15:10:00', '19:14:00'),
	(1427, 9, '2021-10-30', '1', '22:25:00', '17:20:00'),
	(1428, 10, '2021-10-21', '3', '13:41:00', '10:41:00'),
	(1429, 9, '2021-11-04', '3', '15:25:00', '10:00:00'),
	(1430, 8, '2021-09-27', '1', '05:18:00', '15:34:00'),
	(1431, 7, '2021-08-01', '2', '16:07:00', '13:26:00'),
	(1432, 10, '2021-11-21', '3', '21:03:00', '19:13:00'),
	(1433, 9, '2021-09-04', '2', '01:51:00', '07:55:00'),
	(1434, 10, '2021-11-08', '3', '20:19:00', '14:46:00'),
	(1435, 8, '2021-08-13', '3', '20:21:00', '06:37:00'),
	(1436, 8, '2021-10-16', '2', '20:12:00', '00:17:00'),
	(1437, 7, '2021-09-16', '3', '11:23:00', '07:31:00'),
	(1438, 7, '2021-11-28', '1', '23:32:00', '05:42:00'),
	(1439, 7, '2021-11-13', '1', '10:35:00', '14:52:00'),
	(1440, 10, '2021-10-02', '3', '05:07:00', '07:33:00'),
	(1441, 9, '2021-11-04', '1', '01:14:00', '22:39:00'),
	(1442, 10, '2021-09-20', '1', '14:45:00', '18:57:00'),
	(1443, 10, '2021-10-09', '3', '00:25:00', '17:51:00'),
	(1444, 8, '2021-08-11', '1', '02:51:00', '16:13:00'),
	(1445, 7, '2021-10-23', '2', '14:47:00', '17:53:00'),
	(1446, 7, '2021-10-26', '3', '18:35:00', '08:40:00'),
	(1447, 8, '2021-09-08', '1', '02:31:00', '12:14:00'),
	(1448, 10, '2021-09-25', '3', '11:43:00', '17:02:00'),
	(1449, 7, '2021-11-15', '1', '23:39:00', '06:26:00'),
	(1450, 8, '2021-12-05', '3', '06:32:00', '02:44:00'),
	(1451, 8, '2021-09-06', '2', '19:04:00', '11:51:00'),
	(1452, 8, '2021-09-15', '3', '08:18:00', '13:52:00'),
	(1453, 7, '2021-08-20', '3', '04:15:00', '02:18:00'),
	(1454, 10, '2021-10-03', '3', '12:55:00', '07:59:00'),
	(1455, 7, '2021-11-15', '1', '13:08:00', '07:32:00'),
	(1456, 9, '2021-10-16', '3', '16:58:00', '12:52:00'),
	(1457, 10, '2021-09-07', '3', '02:06:00', '12:15:00'),
	(1458, 10, '2021-10-03', '1', '22:01:00', '15:59:00'),
	(1459, 8, '2021-08-11', '1', '17:50:00', '23:23:00'),
	(1460, 9, '2021-08-10', '2', '20:47:00', '07:58:00'),
	(1461, 8, '2021-12-07', '1', '23:27:00', '04:21:00'),
	(1462, 8, '2021-09-03', '1', '02:41:00', '05:47:00'),
	(1463, 9, '2021-08-08', '1', '21:37:00', '07:45:00'),
	(1464, 8, '2021-10-31', '2', '09:16:00', '20:31:00'),
	(1465, 10, '2021-08-06', '2', '08:16:00', '15:34:00'),
	(1466, 7, '2021-10-03', '1', '08:09:00', '19:16:00'),
	(1467, 7, '2021-12-05', '1', '01:50:00', '08:22:00'),
	(1468, 10, '2021-10-24', '3', '14:10:00', '07:14:00'),
	(1469, 7, '2021-08-06', '2', '13:38:00', '02:43:00'),
	(1470, 9, '2021-08-03', '2', '05:21:00', '13:11:00'),
	(1471, 8, '2021-10-28', '2', '16:29:00', '19:21:00'),
	(1472, 7, '2021-08-05', '2', '21:00:00', '20:42:00'),
	(1473, 9, '2021-09-28', '1', '00:36:00', '21:46:00'),
	(1474, 8, '2021-10-16', '2', '00:19:00', '22:34:00'),
	(1475, 7, '2021-11-07', '3', '03:40:00', '21:29:00'),
	(1476, 8, '2021-11-23', '1', '21:36:00', '10:01:00'),
	(1477, 10, '2021-08-23', '3', '16:50:00', '06:58:00'),
	(1478, 9, '2021-08-09', '3', '20:57:00', '04:24:00'),
	(1479, 8, '2021-08-14', '2', '05:33:00', '10:47:00'),
	(1480, 7, '2021-09-18', '2', '08:25:00', '07:47:00'),
	(1481, 7, '2021-11-30', '1', '21:45:00', '04:20:00'),
	(1482, 10, '2021-12-05', '2', '17:12:00', '01:28:00'),
	(1483, 7, '2021-09-05', '2', '12:19:00', '06:52:00'),
	(1484, 7, '2021-09-21', '2', '14:13:00', '17:11:00'),
	(1485, 10, '2021-09-02', '3', '23:29:00', '19:18:00'),
	(1486, 9, '2021-08-07', '1', '18:43:00', '20:36:00'),
	(1487, 9, '2021-11-01', '3', '02:33:00', '01:03:00'),
	(1488, 7, '2021-09-29', '1', '12:31:00', '08:30:00'),
	(1489, 10, '2021-10-11', '1', '03:40:00', '17:47:00'),
	(1490, 7, '2021-10-12', '3', '10:57:00', '21:42:00'),
	(1491, 8, '2021-09-02', '1', '23:11:00', '19:33:00'),
	(1492, 8, '2021-08-05', '2', '08:13:00', '01:00:00'),
	(1493, 7, '2021-11-29', '3', '14:11:00', '07:39:00'),
	(1494, 7, '2021-10-18', '3', '08:55:00', '18:35:00'),
	(1495, 7, '2021-08-23', '1', '10:15:00', '19:49:00'),
	(1496, 10, '2021-11-04', '1', '12:58:00', '01:23:00'),
	(1497, 8, '2021-08-04', '1', '18:21:00', '08:50:00'),
	(1498, 8, '2021-10-07', '1', '05:25:00', '00:47:00'),
	(1499, 7, '2021-12-01', '2', '21:13:00', '23:51:00'),
	(1500, 7, '2021-11-13', '1', '04:34:00', '04:02:00'),
	(1501, 8, '2021-10-16', '3', '11:59:00', '04:29:00'),
	(1502, 8, '2021-12-05', '2', '02:51:00', '23:16:00'),
	(1503, 8, '2021-11-15', '2', '05:55:00', '17:47:00'),
	(1504, 8, '2021-12-03', '2', '01:53:00', '00:20:00'),
	(1505, 10, '2021-10-09', '2', '16:28:00', '16:46:00'),
	(1506, 10, '2021-09-03', '3', '01:37:00', '05:29:00'),
	(1507, 10, '2021-10-24', '2', '01:39:00', '16:55:00'),
	(1508, 8, '2021-09-30', '1', '14:03:00', '09:17:00'),
	(1509, 8, '2021-12-01', '2', '00:01:00', '13:01:00'),
	(1510, 8, '2021-10-23', '2', '12:55:00', '08:01:00'),
	(1511, 10, '2021-09-25', '1', '09:13:00', '04:51:00'),
	(1512, 7, '2021-11-29', '3', '16:43:00', '06:36:00'),
	(1513, 8, '2021-12-07', '1', '21:09:00', '13:38:00'),
	(1514, 8, '2021-11-03', '1', '22:09:00', '12:51:00'),
	(1515, 7, '2021-08-18', '2', '02:52:00', '04:53:00'),
	(1516, 7, '2021-10-31', '1', '12:02:00', '23:54:00'),
	(1517, 8, '2021-12-03', '3', '19:53:00', '17:53:00'),
	(1518, 7, '2021-11-29', '2', '04:01:00', '10:47:00'),
	(1519, 9, '2021-08-21', '3', '06:29:00', '09:41:00'),
	(1520, 10, '2021-08-24', '2', '05:52:00', '19:12:00'),
	(1521, 10, '2021-09-10', '2', '03:11:00', '21:58:00'),
	(1522, 9, '2021-10-02', '2', '10:56:00', '09:05:00'),
	(1523, 8, '2021-10-21', '3', '19:15:00', '06:31:00'),
	(1524, 9, '2021-08-11', '2', '02:43:00', '20:48:00'),
	(1525, 10, '2021-10-17', '1', '20:27:00', '19:36:00'),
	(1526, 10, '2021-12-05', '1', '10:07:00', '18:40:00'),
	(1527, 10, '2021-11-26', '1', '00:35:00', '16:52:00'),
	(1528, 9, '2021-10-01', '1', '06:37:00', '05:32:00'),
	(1529, 8, '2021-11-18', '2', '21:02:00', '18:29:00'),
	(1530, 7, '2021-11-23', '2', '15:35:00', '02:35:00'),
	(1531, 10, '2021-12-05', '2', '14:50:00', '17:58:00'),
	(1532, 10, '2021-08-14', '2', '03:38:00', '22:19:00'),
	(1533, 9, '2021-09-03', '1', '13:01:00', '01:46:00'),
	(1534, 9, '2021-11-02', '2', '05:18:00', '21:00:00'),
	(1535, 10, '2021-11-24', '3', '13:59:00', '10:58:00'),
	(1536, 9, '2021-09-29', '1', '18:33:00', '18:13:00'),
	(1537, 7, '2021-10-09', '1', '20:33:00', '17:54:00'),
	(1538, 7, '2021-11-03', '1', '08:10:00', '22:05:00'),
	(1539, 9, '2021-08-24', '1', '08:59:00', '10:45:00'),
	(1540, 7, '2021-08-23', '2', '03:57:00', '20:56:00'),
	(1541, 10, '2021-11-30', '3', '05:12:00', '13:21:00'),
	(1542, 8, '2021-11-03', '1', '05:26:00', '10:18:00'),
	(1543, 7, '2021-11-23', '1', '16:27:00', '11:51:00'),
	(1544, 7, '2021-08-08', '3', '13:31:00', '08:22:00'),
	(1545, 7, '2021-10-30', '1', '22:44:00', '19:20:00'),
	(1546, 9, '2021-09-03', '3', '16:37:00', '09:42:00'),
	(1547, 10, '2021-10-04', '2', '09:26:00', '13:20:00'),
	(1548, 9, '2021-11-24', '1', '21:48:00', '11:56:00'),
	(1549, 8, '2021-11-11', '2', '05:49:00', '17:29:00'),
	(1550, 7, '2021-08-02', '2', '06:18:00', '19:59:00'),
	(1551, 7, '2021-11-06', '3', '17:12:00', '06:55:00'),
	(1552, 9, '2021-08-08', '1', '13:21:00', '19:34:00'),
	(1553, 7, '2021-09-07', '2', '16:12:00', '13:04:00'),
	(1554, 7, '2021-08-05', '1', '10:39:00', '18:05:00'),
	(1555, 8, '2021-10-21', '2', '00:18:00', '19:25:00'),
	(1556, 9, '2021-10-29', '2', '07:34:00', '19:21:00'),
	(1557, 10, '2021-08-22', '1', '14:17:00', '14:24:00'),
	(1558, 9, '2021-10-23', '3', '21:35:00', '01:11:00'),
	(1559, 10, '2021-11-17', '2', '06:54:00', '21:48:00'),
	(1560, 9, '2021-11-18', '1', '16:25:00', '10:39:00'),
	(1561, 10, '2021-12-02', '2', '18:17:00', '06:40:00'),
	(1562, 10, '2021-08-01', '1', '21:57:00', '19:33:00'),
	(1563, 7, '2021-11-08', '2', '17:09:00', '14:55:00'),
	(1564, 7, '2021-08-11', '2', '12:40:00', '14:16:00'),
	(1565, 10, '2021-11-12', '1', '20:53:00', '21:01:00'),
	(1566, 8, '2021-11-06', '2', '01:38:00', '16:22:00'),
	(1567, 10, '2021-10-10', '2', '08:00:00', '08:33:00'),
	(1568, 8, '2021-10-24', '1', '17:54:00', '16:30:00'),
	(1569, 10, '2021-10-12', '2', '06:36:00', '15:14:00'),
	(1570, 7, '2021-10-26', '3', '22:00:00', '04:50:00'),
	(1571, 7, '2021-10-22', '2', '16:54:00', '06:40:00'),
	(1572, 7, '2021-11-15', '3', '20:39:00', '04:49:00'),
	(1573, 8, '2021-09-30', '1', '14:18:00', '07:35:00'),
	(1574, 9, '2021-09-09', '2', '18:33:00', '04:07:00'),
	(1575, 9, '2021-10-13', '3', '05:34:00', '15:50:00'),
	(1576, 7, '2021-09-01', '2', '11:57:00', '16:50:00'),
	(1577, 10, '2021-09-20', '2', '14:50:00', '04:23:00'),
	(1578, 9, '2021-09-03', '3', '00:57:00', '01:45:00'),
	(1579, 8, '2021-10-12', '2', '18:33:00', '10:15:00'),
	(1580, 10, '2021-09-16', '1', '16:02:00', '12:35:00'),
	(1581, 10, '2021-10-04', '2', '12:13:00', '20:54:00'),
	(1582, 7, '2021-11-30', '2', '06:05:00', '06:45:00'),
	(1583, 8, '2021-10-11', '1', '19:56:00', '12:17:00'),
	(1584, 9, '2021-10-24', '3', '03:46:00', '18:07:00'),
	(1585, 8, '2021-08-13', '3', '21:21:00', '15:54:00'),
	(1586, 9, '2021-10-21', '2', '06:00:00', '11:40:00'),
	(1587, 7, '2021-08-14', '3', '13:53:00', '19:46:00'),
	(1588, 9, '2021-11-10', '1', '17:31:00', '21:16:00'),
	(1589, 10, '2021-09-09', '1', '23:21:00', '03:22:00'),
	(1590, 9, '2021-10-30', '2', '12:07:00', '08:26:00'),
	(1591, 9, '2021-10-31', '2', '02:39:00', '15:18:00'),
	(1592, 8, '2021-09-28', '3', '06:22:00', '01:31:00'),
	(1593, 10, '2021-09-04', '2', '09:24:00', '01:43:00'),
	(1594, 8, '2021-11-27', '3', '11:27:00', '15:58:00'),
	(1595, 8, '2021-09-19', '1', '09:38:00', '14:39:00'),
	(1596, 9, '2021-09-23', '3', '07:48:00', '23:52:00'),
	(1597, 9, '2021-11-02', '1', '20:58:00', '14:31:00'),
	(1598, 9, '2021-10-26', '1', '06:47:00', '10:50:00'),
	(1599, 8, '2021-08-09', '3', '03:15:00', '09:42:00'),
	(1600, 9, '2021-08-21', '2', '14:01:00', '16:28:00'),
	(1601, 7, '2021-08-23', '2', '15:12:00', '01:27:00'),
	(1602, 7, '2021-11-08', '1', '04:18:00', '21:49:00'),
	(1603, 7, '2021-09-04', '2', '08:57:00', '21:40:00'),
	(1604, 9, '2021-11-30', '2', '00:05:00', '16:33:00'),
	(1605, 7, '2021-11-12', '2', '12:35:00', '23:03:00'),
	(1606, 10, '2021-10-08', '2', '17:09:00', '01:56:00'),
	(1607, 10, '2021-09-18', '1', '00:40:00', '12:50:00'),
	(1608, 8, '2021-11-08', '1', '13:34:00', '10:18:00'),
	(1609, 8, '2021-09-16', '2', '17:07:00', '06:13:00'),
	(1610, 9, '2021-08-10', '2', '09:51:00', '18:31:00'),
	(1611, 8, '2021-11-28', '3', '21:04:00', '19:48:00'),
	(1612, 8, '2021-09-09', '3', '07:49:00', '23:35:00'),
	(1613, 8, '2021-09-15', '2', '02:12:00', '16:18:00'),
	(1614, 10, '2021-08-18', '1', '10:57:00', '22:14:00'),
	(1615, 8, '2021-10-17', '1', '16:32:00', '04:23:00'),
	(1616, 7, '2021-11-28', '1', '04:05:00', '08:36:00'),
	(1617, 7, '2021-11-26', '1', '01:26:00', '07:10:00'),
	(1618, 7, '2021-08-11', '3', '23:22:00', '05:06:00'),
	(1619, 9, '2021-08-27', '2', '19:41:00', '03:25:00'),
	(1620, 10, '2021-09-04', '2', '23:38:00', '22:04:00'),
	(1621, 9, '2021-11-16', '1', '18:51:00', '21:33:00'),
	(1622, 10, '2021-10-09', '1', '17:30:00', '00:32:00'),
	(1623, 9, '2021-08-06', '1', '19:57:00', '02:10:00'),
	(1624, 7, '2021-11-25', '2', '12:16:00', '13:13:00'),
	(1625, 10, '2021-09-19', '3', '04:52:00', '04:02:00'),
	(1626, 8, '2021-10-14', '1', '21:30:00', '17:56:00'),
	(1627, 9, '2021-09-17', '1', '21:16:00', '10:36:00'),
	(1628, 9, '2021-11-13', '2', '16:29:00', '02:37:00'),
	(1629, 9, '2021-10-30', '1', '20:50:00', '03:27:00'),
	(1630, 8, '2021-11-16', '2', '22:29:00', '15:42:00'),
	(1631, 8, '2021-08-11', '1', '01:25:00', '23:15:00'),
	(1632, 7, '2021-11-04', '3', '02:33:00', '22:15:00'),
	(1633, 8, '2021-10-15', '2', '15:06:00', '20:20:00'),
	(1634, 10, '2021-08-06', '2', '11:26:00', '23:02:00'),
	(1635, 10, '2021-09-09', '3', '05:42:00', '18:53:00'),
	(1636, 7, '2021-08-17', '3', '15:11:00', '03:45:00'),
	(1637, 8, '2021-12-01', '3', '16:06:00', '22:09:00'),
	(1638, 10, '2021-08-28', '2', '06:30:00', '16:28:00'),
	(1639, 7, '2021-08-07', '3', '00:38:00', '21:28:00'),
	(1640, 8, '2021-12-08', '2', '07:41:00', '01:37:00'),
	(1641, 8, '2021-09-28', '1', '06:55:00', '19:54:00'),
	(1642, 8, '2021-11-27', '3', '02:48:00', '00:28:00'),
	(1643, 8, '2021-09-09', '1', '20:46:00', '06:10:00'),
	(1644, 8, '2021-09-03', '1', '03:07:00', '15:57:00'),
	(1645, 9, '2021-10-19', '2', '13:43:00', '19:47:00'),
	(1646, 10, '2021-09-11', '2', '16:47:00', '11:00:00'),
	(1647, 8, '2021-08-31', '1', '16:31:00', '10:29:00'),
	(1648, 9, '2021-08-11', '3', '02:10:00', '03:23:00'),
	(1649, 8, '2021-11-18', '3', '14:11:00', '04:17:00'),
	(1650, 8, '2021-11-13', '2', '03:37:00', '12:48:00'),
	(1651, 8, '2021-09-26', '3', '10:10:00', '18:19:00'),
	(1652, 8, '2021-10-15', '1', '20:17:00', '09:46:00'),
	(1653, 10, '2021-10-03', '2', '10:39:00', '19:37:00'),
	(1654, 9, '2021-11-12', '1', '10:37:00', '01:31:00'),
	(1655, 8, '2021-10-11', '3', '15:11:00', '10:31:00'),
	(1656, 7, '2021-09-19', '2', '00:51:00', '07:22:00'),
	(1657, 7, '2021-10-08', '2', '10:05:00', '23:56:00'),
	(1658, 9, '2021-08-12', '3', '00:29:00', '07:09:00'),
	(1659, 8, '2021-08-09', '2', '09:07:00', '19:02:00'),
	(1660, 9, '2021-08-01', '3', '07:45:00', '17:46:00'),
	(1661, 7, '2021-12-08', '1', '23:54:00', '12:33:00'),
	(1662, 9, '2021-11-15', '2', '12:58:00', '20:38:00'),
	(1663, 7, '2021-08-23', '2', '13:28:00', '12:15:00'),
	(1664, 8, '2021-08-23', '2', '13:41:00', '22:06:00'),
	(1665, 10, '2021-11-03', '1', '13:01:00', '11:16:00'),
	(1666, 10, '2021-08-16', '3', '01:26:00', '15:38:00'),
	(1667, 8, '2021-10-29', '1', '07:15:00', '23:05:00'),
	(1668, 7, '2021-09-22', '3', '18:03:00', '14:40:00'),
	(1669, 9, '2021-09-26', '2', '13:13:00', '20:46:00'),
	(1670, 9, '2021-11-05', '3', '15:27:00', '12:26:00'),
	(1671, 7, '2021-11-18', '2', '08:59:00', '12:36:00'),
	(1672, 7, '2021-10-09', '3', '08:19:00', '18:48:00'),
	(1673, 8, '2021-12-02', '2', '13:54:00', '15:43:00'),
	(1674, 7, '2021-11-10', '1', '19:20:00', '14:25:00'),
	(1675, 7, '2021-08-29', '3', '04:15:00', '03:58:00'),
	(1676, 8, '2021-10-29', '3', '06:35:00', '11:47:00'),
	(1677, 7, '2021-10-28', '2', '22:39:00', '19:31:00'),
	(1678, 9, '2021-11-07', '2', '08:53:00', '11:59:00'),
	(1679, 10, '2021-11-03', '2', '04:30:00', '23:05:00'),
	(1680, 10, '2021-08-31', '2', '19:39:00', '06:25:00'),
	(1681, 9, '2021-09-07', '3', '13:05:00', '22:16:00'),
	(1682, 10, '2021-11-29', '1', '22:50:00', '12:48:00'),
	(1683, 7, '2021-09-14', '3', '15:58:00', '21:29:00'),
	(1684, 8, '2021-11-18', '1', '12:08:00', '11:11:00'),
	(1685, 9, '2021-11-23', '3', '17:07:00', '08:16:00'),
	(1686, 7, '2021-10-15', '3', '15:18:00', '22:57:00'),
	(1687, 9, '2021-08-20', '3', '13:51:00', '09:40:00'),
	(1688, 8, '2021-10-24', '2', '09:38:00', '19:53:00'),
	(1689, 7, '2021-11-20', '3', '03:13:00', '20:14:00'),
	(1690, 10, '2021-10-16', '3', '23:53:00', '07:23:00'),
	(1691, 8, '2021-11-29', '3', '16:15:00', '12:34:00'),
	(1692, 7, '2021-11-03', '1', '02:26:00', '11:45:00'),
	(1693, 8, '2021-11-22', '2', '04:17:00', '18:32:00'),
	(1694, 8, '2021-12-05', '2', '14:07:00', '10:56:00'),
	(1695, 8, '2021-11-22', '3', '07:27:00', '05:05:00'),
	(1696, 7, '2021-09-19', '2', '08:35:00', '11:45:00'),
	(1697, 9, '2021-09-22', '3', '07:00:00', '19:08:00'),
	(1698, 9, '2021-10-24', '1', '12:18:00', '00:21:00'),
	(1699, 9, '2021-09-07', '1', '13:17:00', '15:25:00'),
	(1700, 8, '2021-08-11', '1', '04:32:00', '07:29:00'),
	(1701, 10, '2021-12-05', '3', '14:31:00', '20:03:00'),
	(1702, 7, '2021-08-26', '1', '18:02:00', '18:57:00'),
	(1703, 8, '2021-08-06', '3', '04:03:00', '20:40:00'),
	(1704, 7, '2021-11-14', '3', '08:34:00', '16:05:00'),
	(1705, 7, '2021-11-13', '1', '06:06:00', '13:23:00'),
	(1706, 10, '2021-10-01', '1', '11:29:00', '06:10:00'),
	(1707, 9, '2021-11-10', '2', '06:38:00', '01:14:00'),
	(1708, 7, '2021-09-26', '3', '22:21:00', '14:59:00'),
	(1709, 9, '2021-12-05', '2', '03:52:00', '05:09:00'),
	(1710, 10, '2021-11-07', '1', '20:22:00', '01:09:00'),
	(1711, 8, '2021-12-07', '1', '00:59:00', '07:17:00'),
	(1712, 8, '2021-09-17', '3', '10:14:00', '09:20:00'),
	(1713, 7, '2021-10-01', '3', '14:31:00', '08:59:00'),
	(1714, 10, '2021-09-16', '3', '18:39:00', '05:58:00'),
	(1715, 9, '2021-09-11', '1', '16:27:00', '21:54:00'),
	(1716, 10, '2021-08-12', '2', '02:53:00', '05:49:00'),
	(1717, 10, '2021-09-26', '2', '02:58:00', '16:05:00'),
	(1718, 9, '2021-08-18', '1', '20:51:00', '13:47:00'),
	(1719, 10, '2021-08-13', '1', '22:41:00', '06:00:00'),
	(1720, 9, '2021-08-16', '2', '14:48:00', '16:36:00'),
	(1721, 8, '2021-08-18', '1', '19:29:00', '02:30:00'),
	(1722, 9, '2021-09-15', '1', '23:52:00', '21:45:00'),
	(1723, 7, '2021-08-02', '3', '05:22:00', '06:09:00'),
	(1724, 10, '2021-09-06', '2', '20:27:00', '18:37:00'),
	(1725, 10, '2021-10-06', '1', '23:50:00', '23:26:00'),
	(1726, 7, '2021-09-04', '1', '02:04:00', '03:49:00'),
	(1727, 10, '2021-08-24', '3', '10:04:00', '14:29:00'),
	(1728, 7, '2021-11-02', '3', '03:12:00', '16:31:00'),
	(1729, 10, '2021-11-17', '3', '08:07:00', '18:29:00'),
	(1730, 10, '2021-09-07', '1', '22:10:00', '15:05:00'),
	(1731, 7, '2021-11-25', '2', '11:06:00', '21:24:00'),
	(1732, 9, '2021-10-29', '2', '22:34:00', '11:20:00'),
	(1733, 7, '2021-08-31', '2', '01:36:00', '22:49:00'),
	(1734, 9, '2021-10-16', '1', '14:31:00', '16:17:00'),
	(1735, 7, '2021-09-11', '1', '12:27:00', '22:39:00'),
	(1736, 9, '2021-10-16', '1', '02:54:00', '16:18:00'),
	(1737, 7, '2021-08-25', '3', '05:41:00', '00:16:00'),
	(1738, 10, '2021-10-14', '1', '14:15:00', '16:35:00'),
	(1739, 10, '2021-11-28', '3', '21:53:00', '08:25:00'),
	(1740, 7, '2021-11-21', '3', '00:42:00', '11:31:00'),
	(1741, 8, '2021-11-16', '1', '13:34:00', '11:33:00'),
	(1742, 9, '2021-08-18', '3', '08:34:00', '23:12:00'),
	(1743, 10, '2021-09-27', '1', '08:00:00', '19:17:00'),
	(1744, 8, '2021-12-07', '3', '22:06:00', '15:33:00'),
	(1745, 7, '2021-08-11', '2', '04:34:00', '11:37:00'),
	(1746, 8, '2021-08-07', '2', '13:27:00', '18:59:00'),
	(1747, 10, '2021-09-21', '3', '09:45:00', '11:30:00'),
	(1748, 10, '2021-10-07', '1', '10:27:00', '15:27:00'),
	(1749, 9, '2021-08-27', '2', '09:34:00', '20:28:00'),
	(1750, 9, '2021-08-17', '2', '21:56:00', '20:42:00'),
	(1751, 8, '2021-10-14', '2', '23:32:00', '02:42:00'),
	(1752, 7, '2021-10-07', '2', '15:03:00', '04:15:00'),
	(1753, 9, '2021-11-15', '2', '16:10:00', '20:16:00'),
	(1754, 10, '2021-11-28', '1', '00:46:00', '21:12:00'),
	(1755, 9, '2021-09-29', '3', '02:52:00', '20:53:00'),
	(1756, 9, '2021-10-06', '2', '01:23:00', '01:47:00'),
	(1757, 7, '2021-09-12', '1', '07:29:00', '11:27:00'),
	(1758, 9, '2021-09-02', '3', '09:51:00', '12:59:00'),
	(1759, 9, '2021-08-05', '3', '10:22:00', '05:37:00'),
	(1760, 10, '2021-08-29', '2', '14:13:00', '01:26:00'),
	(1761, 9, '2021-08-01', '2', '20:12:00', '11:56:00'),
	(1762, 8, '2021-11-16', '1', '12:06:00', '11:31:00'),
	(1763, 9, '2021-09-27', '3', '08:49:00', '07:11:00'),
	(1764, 9, '2021-12-02', '3', '01:07:00', '06:27:00'),
	(1765, 9, '2021-08-12', '3', '23:14:00', '12:03:00'),
	(1766, 10, '2021-11-04', '2', '11:34:00', '17:52:00'),
	(1767, 9, '2021-12-08', '3', '05:02:00', '04:04:00'),
	(1768, 8, '2021-10-18', '1', '11:54:00', '22:10:00'),
	(1769, 9, '2021-09-28', '1', '02:21:00', '04:11:00'),
	(1770, 8, '2021-11-29', '1', '16:13:00', '10:33:00'),
	(1771, 9, '2021-12-06', '3', '16:08:00', '20:59:00'),
	(1772, 9, '2021-10-15', '3', '01:50:00', '03:26:00'),
	(1773, 8, '2021-12-07', '1', '22:43:00', '09:47:00'),
	(1774, 7, '2021-09-18', '1', '16:52:00', '21:39:00'),
	(1775, 8, '2021-08-05', '3', '22:45:00', '08:18:00'),
	(1776, 7, '2021-08-13', '3', '07:23:00', '19:51:00'),
	(1777, 10, '2021-10-10', '2', '11:25:00', '05:50:00'),
	(1778, 9, '2021-09-17', '1', '18:26:00', '05:24:00'),
	(1779, 10, '2021-12-03', '1', '17:53:00', '14:09:00'),
	(1780, 10, '2021-08-04', '3', '06:57:00', '20:37:00'),
	(1781, 7, '2021-08-20', '3', '21:52:00', '21:28:00'),
	(1782, 10, '2021-09-22', '2', '07:08:00', '07:01:00'),
	(1783, 8, '2021-11-17', '3', '13:34:00', '04:04:00'),
	(1784, 7, '2021-12-08', '2', '12:21:00', '21:25:00'),
	(1785, 10, '2021-08-25', '1', '11:16:00', '12:44:00'),
	(1786, 7, '2021-11-08', '1', '14:53:00', '21:00:00'),
	(1787, 9, '2021-12-04', '1', '03:13:00', '03:19:00'),
	(1788, 8, '2021-12-04', '1', '20:28:00', '18:22:00'),
	(1789, 7, '2021-11-03', '3', '18:33:00', '03:52:00'),
	(1790, 8, '2021-08-02', '1', '08:35:00', '03:47:00'),
	(1791, 9, '2021-10-27', '1', '20:48:00', '12:11:00'),
	(1792, 8, '2021-08-24', '2', '10:11:00', '03:54:00'),
	(1793, 10, '2021-12-09', '3', '22:34:00', '05:20:00'),
	(1794, 7, '2021-09-18', '3', '06:50:00', '11:04:00'),
	(1795, 7, '2021-09-03', '3', '04:56:00', '12:32:00'),
	(1796, 7, '2021-10-03', '1', '21:39:00', '09:56:00'),
	(1797, 9, '2021-08-24', '1', '18:35:00', '18:32:00'),
	(1798, 8, '2021-09-14', '3', '13:27:00', '21:50:00'),
	(1799, 7, '2021-11-27', '1', '00:57:00', '02:51:00'),
	(1800, 8, '2021-09-24', '1', '22:43:00', '11:14:00'),
	(1801, 10, '2021-09-07', '2', '02:56:00', '17:22:00'),
	(1802, 7, '2021-10-22', '3', '23:12:00', '12:22:00'),
	(1803, 7, '2021-10-17', '2', '22:39:00', '19:43:00'),
	(1804, 9, '2021-11-08', '1', '06:52:00', '01:45:00'),
	(1805, 7, '2021-08-12', '2', '09:59:00', '06:29:00'),
	(1806, 10, '2021-12-01', '2', '20:39:00', '14:13:00'),
	(1807, 8, '2021-11-23', '3', '18:13:00', '06:05:00'),
	(1808, 9, '2021-11-17', '3', '10:09:00', '10:29:00'),
	(1809, 8, '2021-08-05', '3', '19:28:00', '00:52:00'),
	(1810, 9, '2021-10-17', '2', '15:43:00', '18:17:00'),
	(1811, 9, '2021-08-06', '2', '04:58:00', '05:10:00'),
	(1812, 10, '2021-09-27', '2', '22:59:00', '22:40:00'),
	(1813, 10, '2021-12-04', '2', '08:17:00', '09:30:00'),
	(1814, 10, '2021-11-17', '1', '05:31:00', '05:37:00'),
	(1815, 8, '2021-11-23', '1', '04:46:00', '23:40:00'),
	(1816, 10, '2021-09-30', '3', '21:04:00', '17:41:00'),
	(1817, 8, '2021-10-27', '3', '10:59:00', '20:41:00'),
	(1818, 10, '2021-12-05', '2', '01:23:00', '03:35:00'),
	(1819, 8, '2021-10-19', '2', '18:08:00', '17:43:00'),
	(1820, 10, '2021-10-26', '1', '09:47:00', '16:48:00'),
	(1821, 8, '2021-08-14', '1', '03:21:00', '17:53:00'),
	(1822, 8, '2021-10-04', '3', '02:36:00', '07:56:00'),
	(1823, 8, '2021-09-02', '1', '05:35:00', '20:53:00'),
	(1824, 10, '2021-10-21', '1', '05:13:00', '09:07:00'),
	(1825, 7, '2021-09-27', '2', '11:06:00', '15:18:00'),
	(1826, 9, '2021-08-20', '3', '00:40:00', '20:59:00'),
	(1827, 7, '2021-10-06', '1', '11:23:00', '20:33:00'),
	(1828, 8, '2021-12-03', '3', '18:49:00', '16:44:00'),
	(1829, 8, '2021-11-09', '1', '16:15:00', '21:20:00'),
	(1830, 9, '2021-08-03', '2', '03:37:00', '14:33:00'),
	(1831, 10, '2021-11-26', '2', '01:36:00', '18:20:00'),
	(1832, 10, '2021-11-23', '3', '17:48:00', '04:47:00'),
	(1833, 10, '2021-10-23', '2', '06:23:00', '05:37:00'),
	(1834, 10, '2021-09-07', '2', '22:45:00', '08:43:00'),
	(1835, 8, '2021-10-22', '2', '17:44:00', '07:30:00'),
	(1836, 10, '2021-10-26', '1', '12:04:00', '02:09:00'),
	(1837, 7, '2021-09-04', '1', '12:50:00', '05:10:00'),
	(1838, 9, '2021-10-04', '2', '20:14:00', '06:38:00'),
	(1839, 10, '2021-09-15', '2', '03:18:00', '23:26:00'),
	(1840, 10, '2021-10-23', '1', '06:57:00', '04:19:00'),
	(1841, 9, '2021-09-08', '3', '17:49:00', '22:25:00'),
	(1842, 10, '2021-09-12', '1', '03:41:00', '17:28:00'),
	(1843, 9, '2021-08-20', '3', '01:00:00', '09:06:00'),
	(1844, 10, '2021-10-23', '3', '21:55:00', '21:46:00'),
	(1845, 9, '2021-08-17', '3', '11:46:00', '05:49:00'),
	(1846, 10, '2021-11-11', '1', '09:10:00', '01:38:00'),
	(1847, 8, '2021-09-17', '1', '00:50:00', '11:53:00'),
	(1848, 7, '2021-11-30', '1', '16:09:00', '13:22:00'),
	(1849, 8, '2021-10-10', '1', '06:32:00', '17:40:00'),
	(1850, 8, '2021-09-04', '2', '04:13:00', '03:02:00'),
	(1851, 9, '2021-11-21', '2', '09:07:00', '21:07:00'),
	(1852, 7, '2021-09-19', '1', '17:08:00', '19:12:00'),
	(1853, 10, '2021-09-23', '2', '07:49:00', '01:29:00'),
	(1854, 10, '2021-09-28', '2', '20:47:00', '16:27:00'),
	(1855, 8, '2021-10-19', '3', '02:31:00', '03:50:00'),
	(1856, 10, '2021-09-10', '1', '14:24:00', '02:20:00'),
	(1857, 10, '2021-08-07', '3', '15:37:00', '15:43:00'),
	(1858, 9, '2021-10-23', '3', '04:00:00', '13:25:00'),
	(1859, 7, '2021-10-16', '1', '13:26:00', '14:37:00'),
	(1860, 8, '2021-08-28', '3', '05:18:00', '14:37:00'),
	(1861, 10, '2021-11-22', '1', '01:32:00', '01:06:00'),
	(1862, 9, '2021-10-02', '2', '04:05:00', '15:47:00'),
	(1863, 9, '2021-08-30', '3', '19:55:00', '20:04:00'),
	(1864, 7, '2021-10-14', '1', '18:00:00', '09:27:00'),
	(1865, 7, '2021-09-16', '3', '00:07:00', '05:23:00'),
	(1866, 9, '2021-10-27', '2', '13:57:00', '04:54:00'),
	(1867, 9, '2021-11-10', '1', '01:15:00', '03:25:00'),
	(1868, 8, '2021-09-17', '2', '10:29:00', '07:56:00'),
	(1869, 10, '2021-08-14', '1', '05:23:00', '08:41:00'),
	(1870, 10, '2021-11-28', '2', '17:01:00', '02:13:00'),
	(1871, 7, '2021-08-16', '2', '23:01:00', '02:54:00'),
	(1872, 8, '2021-10-24', '1', '16:52:00', '22:52:00'),
	(1873, 8, '2021-08-05', '1', '16:39:00', '09:23:00'),
	(1874, 8, '2021-11-10', '3', '20:53:00', '07:45:00'),
	(1875, 7, '2021-09-04', '2', '06:06:00', '13:49:00'),
	(1876, 9, '2021-10-10', '2', '02:27:00', '00:58:00'),
	(1877, 10, '2021-08-31', '1', '12:48:00', '23:45:00'),
	(1878, 10, '2021-08-11', '1', '10:23:00', '22:31:00'),
	(1879, 8, '2021-08-22', '3', '11:31:00', '06:14:00'),
	(1880, 9, '2021-11-16', '1', '22:20:00', '12:46:00'),
	(1881, 8, '2021-12-01', '1', '16:46:00', '06:39:00'),
	(1882, 10, '2021-08-15', '3', '18:48:00', '05:22:00'),
	(1883, 7, '2021-11-26', '1', '05:09:00', '04:55:00'),
	(1884, 10, '2021-09-27', '1', '00:18:00', '04:23:00'),
	(1885, 7, '2021-09-09', '1', '23:30:00', '11:55:00'),
	(1886, 9, '2021-11-15', '3', '21:36:00', '18:04:00'),
	(1887, 8, '2021-11-21', '3', '19:42:00', '13:50:00'),
	(1888, 7, '2021-08-26', '3', '09:43:00', '07:47:00'),
	(1889, 8, '2021-10-01', '1', '15:03:00', '21:29:00'),
	(1890, 7, '2021-09-23', '3', '08:51:00', '18:15:00'),
	(1891, 10, '2021-10-03', '3', '22:20:00', '05:59:00'),
	(1892, 10, '2021-12-02', '3', '06:44:00', '18:34:00'),
	(1893, 10, '2021-09-15', '3', '05:16:00', '12:26:00'),
	(1894, 9, '2021-09-04', '2', '07:43:00', '13:23:00'),
	(1895, 10, '2021-08-16', '1', '11:42:00', '17:01:00'),
	(1896, 10, '2021-09-08', '1', '10:20:00', '22:42:00'),
	(1897, 10, '2021-11-04', '2', '00:59:00', '03:24:00'),
	(1898, 10, '2021-09-13', '1', '03:22:00', '16:16:00'),
	(1899, 10, '2021-10-20', '3', '01:36:00', '22:56:00'),
	(1900, 7, '2021-08-12', '2', '18:58:00', '23:05:00'),
	(1901, 10, '2021-08-21', '1', '16:34:00', '08:50:00'),
	(1902, 8, '2021-08-22', '1', '00:52:00', '07:34:00'),
	(1903, 7, '2021-11-24', '2', '15:07:00', '18:25:00'),
	(1904, 9, '2021-09-05', '1', '16:31:00', '02:57:00'),
	(1905, 10, '2021-09-05', '3', '03:59:00', '18:36:00'),
	(1906, 9, '2021-08-28', '3', '18:34:00', '06:59:00'),
	(1907, 10, '2021-08-06', '1', '04:21:00', '23:36:00'),
	(1908, 7, '2021-11-05', '2', '23:56:00', '04:55:00'),
	(1909, 9, '2021-10-20', '1', '16:37:00', '03:17:00'),
	(1910, 9, '2021-09-29', '1', '21:28:00', '15:15:00'),
	(1911, 10, '2021-08-22', '2', '08:53:00', '08:08:00'),
	(1912, 9, '2021-11-28', '1', '01:13:00', '22:47:00'),
	(1913, 10, '2021-08-29', '1', '05:47:00', '23:53:00'),
	(1914, 10, '2021-10-29', '2', '10:47:00', '20:44:00'),
	(1915, 7, '2021-10-10', '3', '07:43:00', '00:28:00'),
	(1916, 8, '2021-10-27', '3', '04:38:00', '03:58:00'),
	(1917, 8, '2021-12-01', '3', '19:36:00', '07:33:00'),
	(1918, 7, '2021-11-07', '2', '12:05:00', '08:17:00'),
	(1919, 9, '2021-08-02', '1', '14:46:00', '10:23:00'),
	(1920, 10, '2021-08-05', '2', '12:12:00', '22:12:00'),
	(1921, 7, '2021-08-11', '1', '07:16:00', '02:03:00'),
	(1922, 7, '2021-08-21', '1', '21:26:00', '21:50:00'),
	(1923, 10, '2021-12-05', '1', '23:00:00', '12:43:00'),
	(1924, 9, '2021-08-18', '3', '19:25:00', '00:08:00'),
	(1925, 9, '2021-08-23', '2', '16:40:00', '14:18:00'),
	(1926, 9, '2021-08-02', '2', '04:32:00', '03:46:00'),
	(1927, 9, '2021-09-11', '3', '01:19:00', '18:52:00'),
	(1928, 10, '2021-08-12', '2', '07:54:00', '17:54:00'),
	(1929, 7, '2021-09-17', '1', '08:17:00', '12:53:00'),
	(1930, 10, '2021-11-04', '1', '10:52:00', '19:46:00'),
	(1931, 7, '2021-11-16', '1', '02:06:00', '09:40:00'),
	(1932, 8, '2021-08-31', '3', '02:23:00', '14:19:00'),
	(1933, 9, '2021-11-03', '1', '12:52:00', '23:47:00'),
	(1934, 10, '2021-12-02', '1', '12:45:00', '07:39:00'),
	(1935, 8, '2021-10-23', '2', '03:57:00', '03:15:00'),
	(1936, 8, '2021-11-29', '1', '03:54:00', '09:04:00'),
	(1937, 8, '2021-08-19', '1', '05:08:00', '07:41:00'),
	(1938, 7, '2021-10-26', '2', '17:59:00', '13:40:00'),
	(1939, 8, '2021-09-01', '1', '21:47:00', '20:34:00'),
	(1940, 7, '2021-09-14', '3', '05:03:00', '15:50:00'),
	(1941, 9, '2021-08-05', '2', '07:25:00', '14:33:00'),
	(1942, 10, '2021-11-06', '2', '00:57:00', '01:06:00'),
	(1943, 7, '2021-09-06', '3', '03:56:00', '04:34:00'),
	(1944, 8, '2021-08-21', '3', '17:48:00', '04:16:00'),
	(1945, 7, '2021-10-22', '1', '17:08:00', '17:30:00'),
	(1946, 10, '2021-11-19', '1', '21:16:00', '23:18:00'),
	(1947, 8, '2021-09-16', '3', '05:46:00', '12:15:00'),
	(1948, 9, '2021-09-07', '1', '05:31:00', '07:28:00'),
	(1949, 10, '2021-12-04', '1', '10:21:00', '22:14:00'),
	(1950, 9, '2021-08-05', '1', '22:36:00', '08:33:00'),
	(1951, 9, '2021-11-16', '3', '15:00:00', '09:04:00'),
	(1952, 8, '2021-10-08', '2', '02:41:00', '10:19:00'),
	(1953, 9, '2021-08-18', '2', '15:46:00', '09:28:00'),
	(1954, 8, '2021-12-01', '3', '09:46:00', '17:56:00'),
	(1955, 10, '2021-09-11', '3', '09:11:00', '22:26:00'),
	(1956, 9, '2021-08-15', '1', '14:26:00', '10:53:00'),
	(1957, 8, '2021-10-13', '1', '19:10:00', '08:07:00'),
	(1958, 8, '2021-10-18', '1', '17:56:00', '04:32:00'),
	(1959, 8, '2021-11-06', '3', '09:10:00', '07:41:00'),
	(1960, 7, '2021-08-05', '2', '14:03:00', '06:52:00'),
	(1961, 7, '2021-09-11', '3', '12:34:00', '11:39:00'),
	(1962, 9, '2021-08-04', '1', '08:37:00', '11:50:00'),
	(1963, 9, '2021-08-30', '1', '07:10:00', '15:37:00'),
	(1964, 10, '2021-10-13', '3', '16:20:00', '22:03:00'),
	(1965, 10, '2021-10-11', '2', '23:03:00', '04:25:00'),
	(1966, 7, '2021-12-02', '3', '16:40:00', '08:29:00'),
	(1967, 10, '2021-09-19', '2', '19:48:00', '11:33:00'),
	(1968, 8, '2021-10-08', '2', '05:40:00', '10:13:00'),
	(1969, 7, '2021-12-07', '1', '23:14:00', '04:01:00'),
	(1970, 10, '2021-12-06', '2', '11:58:00', '18:02:00'),
	(1971, 7, '2021-09-23', '1', '03:57:00', '03:29:00'),
	(1972, 8, '2021-12-06', '2', '12:29:00', '11:40:00'),
	(1973, 7, '2021-08-10', '3', '02:30:00', '18:30:00'),
	(1974, 9, '2021-11-22', '3', '05:22:00', '20:26:00'),
	(1975, 7, '2021-08-27', '3', '05:31:00', '18:11:00'),
	(1976, 10, '2021-09-11', '2', '14:51:00', '11:54:00'),
	(1977, 7, '2021-08-17', '1', '12:30:00', '21:37:00'),
	(1978, 9, '2021-11-20', '1', '08:34:00', '15:25:00'),
	(1979, 7, '2021-11-13', '3', '05:24:00', '00:10:00'),
	(1980, 8, '2021-09-02', '3', '15:01:00', '19:17:00'),
	(1981, 8, '2021-08-26', '1', '09:41:00', '12:14:00'),
	(1982, 7, '2021-08-08', '3', '08:28:00', '00:37:00'),
	(1983, 10, '2021-11-20', '1', '13:42:00', '22:12:00'),
	(1984, 7, '2021-09-15', '2', '10:08:00', '18:55:00'),
	(1985, 10, '2021-10-24', '3', '03:32:00', '01:33:00'),
	(1986, 10, '2021-11-24', '1', '12:26:00', '03:22:00'),
	(1987, 8, '2021-08-29', '2', '09:03:00', '16:50:00'),
	(1988, 10, '2021-09-25', '2', '03:58:00', '20:50:00'),
	(1989, 9, '2021-12-05', '1', '02:33:00', '10:27:00'),
	(1990, 10, '2021-10-12', '3', '12:39:00', '22:22:00'),
	(1991, 10, '2021-11-22', '1', '17:21:00', '16:53:00'),
	(1992, 8, '2021-08-22', '3', '03:39:00', '19:53:00'),
	(1993, 8, '2021-09-18', '2', '21:58:00', '19:58:00'),
	(1994, 7, '2021-08-02', '1', '14:39:00', '22:31:00'),
	(1995, 9, '2021-10-15', '1', '18:35:00', '04:30:00'),
	(1996, 8, '2021-10-29', '2', '13:38:00', '19:39:00'),
	(1997, 7, '2021-11-04', '1', '17:46:00', '05:48:00'),
	(1998, 7, '2021-10-18', '3', '02:35:00', '23:11:00'),
	(1999, 10, '2021-08-08', '2', '01:21:00', '23:20:00'),
	(2000, 9, '2021-11-06', '1', '10:38:00', '01:44:00'),
	(2001, 1, '2021-04-27', '3', '19:30:16', '19:17:17'),
	(2002, 9, '2021-04-09', '2', '13:17:00', '23:18:00'),
	(2003, 9, '2021-04-10', '2', '11:17:00', '23:17:00');
/*!40000 ALTER TABLE `sessions` ENABLE KEYS */;

-- Volcando estructura para tabla p2_asistencia_actividades.session_student
CREATE TABLE IF NOT EXISTS `session_student` (
  `id` int(11) unsigned NOT NULL AUTO_INCREMENT,
  `session_id` int(11) unsigned DEFAULT NULL,
  `student_id` int(11) unsigned DEFAULT NULL,
  `assistance` tinyint(3) unsigned DEFAULT NULL,
  PRIMARY KEY (`id`),
  KEY `session_fk` (`session_id`),
  KEY `student_fk` (`student_id`),
  CONSTRAINT `session_fk` FOREIGN KEY (`session_id`) REFERENCES `sessions` (`id`) ON DELETE CASCADE ON UPDATE CASCADE,
  CONSTRAINT `student_fk` FOREIGN KEY (`student_id`) REFERENCES `students` (`id`) ON DELETE CASCADE ON UPDATE CASCADE
) ENGINE=InnoDB AUTO_INCREMENT=2009 DEFAULT CHARSET=utf8;

-- Volcando datos para la tabla p2_asistencia_actividades.session_student: ~0 rows (aproximadamente)
/*!40000 ALTER TABLE `session_student` DISABLE KEYS */;
INSERT INTO `session_student` (`id`, `session_id`, `student_id`, `assistance`) VALUES
	(2001, 256, 2608, 1),
	(2002, 1050, 2608, 1),
	(2003, 1050, 2607, 0),
	(2005, 1002, 2607, 1),
	(2006, 5, 2603, 1),
	(2007, 19, 2603, 1),
	(2008, 19, 2603, 1);
/*!40000 ALTER TABLE `session_student` ENABLE KEYS */;

-- Volcando estructura para tabla p2_asistencia_actividades.students
CREATE TABLE IF NOT EXISTS `students` (
  `id` int(11) unsigned NOT NULL AUTO_INCREMENT,
  `identification` int(50) unsigned DEFAULT NULL,
  `name` varchar(255) DEFAULT NULL,
  `surname` varchar(255) DEFAULT NULL,
  `phone_number` varchar(255) DEFAULT NULL,
  `email` varchar(255) DEFAULT NULL,
  `semester` int(11) DEFAULT NULL,
  `period_id` int(11) unsigned DEFAULT NULL,
  PRIMARY KEY (`id`),
  KEY `students_period_fk` (`period_id`),
  CONSTRAINT `students_period_fk` FOREIGN KEY (`period_id`) REFERENCES `periods` (`id`) ON DELETE CASCADE ON UPDATE CASCADE
) ENGINE=InnoDB AUTO_INCREMENT=2612 DEFAULT CHARSET=utf8;

-- Volcando datos para la tabla p2_asistencia_actividades.students: ~5 rows (aproximadamente)
/*!40000 ALTER TABLE `students` DISABLE KEYS */;
INSERT INTO `students` (`id`, `identification`, `name`, `surname`, `phone_number`, `email`, `semester`, `period_id`) VALUES
	(2603, 1, 'Camilo', 'Aguirre Bastidas', '3155376942', '1123326682@udeki.com', 2, 3),
	(2604, 1231, 'Camilo', 'Aguirre Bastidas', '3155376942', 'arusmort@gmail.com', 2, NULL),
	(2605, 1213, 'Camilo', 'Aguirre Bastidas', '3155376942', 'arusmort@gmail.com', 1, NULL),
	(2607, 212, 'Camilo', 'Aguirre Bastidas', '3155376942', '1123326682@udeki.com', 1, 4),
	(2608, 12, 'Alexis', 'Aguirre Bastidas', '3155376942', 'camiloaguirrebastidas@gmail.com', 4, 4),
	(2609, 12, 'Camilo', 'Aguirre Bastidas', '3155376942', '1123326682@udeki.com', 5, 4),
	(2610, 123123123, 'Camilo', 'Aguirre Bastidas', '3155376942', '1123326682@udeki.com', 123, 2),
	(2611, 123123123, 'Cliente', 'Aguirre Bastidas', '3155376942', '1123326682@udeki.com', 7, 2);
/*!40000 ALTER TABLE `students` ENABLE KEYS */;

-- Volcando estructura para tabla p2_asistencia_actividades.student_notes
CREATE TABLE IF NOT EXISTS `student_notes` (
  `id` int(11) unsigned NOT NULL AUTO_INCREMENT,
  `partial_activity_id` int(11) unsigned NOT NULL,
  `student_id` int(11) unsigned NOT NULL,
  `note` decimal(5,2) unsigned NOT NULL,
  `commentary` varchar(255) DEFAULT NULL,
  PRIMARY KEY (`id`),
  KEY `student_notes_partials_activities_fk` (`partial_activity_id`),
  KEY `student_notes_student_fk` (`student_id`),
  CONSTRAINT `student_notes_partials_activities_fk` FOREIGN KEY (`partial_activity_id`) REFERENCES `partials_activities` (`id`) ON DELETE CASCADE ON UPDATE CASCADE,
  CONSTRAINT `student_notes_student_fk` FOREIGN KEY (`student_id`) REFERENCES `students` (`id`) ON DELETE CASCADE ON UPDATE CASCADE
) ENGINE=InnoDB AUTO_INCREMENT=2011 DEFAULT CHARSET=utf8;

-- Volcando datos para la tabla p2_asistencia_actividades.student_notes: ~4 rows (aproximadamente)
/*!40000 ALTER TABLE `student_notes` DISABLE KEYS */;
INSERT INTO `student_notes` (`id`, `partial_activity_id`, `student_id`, `note`, `commentary`) VALUES
	(2002, 259, 2603, 5.00, '123'),
	(2003, 201, 2603, 5.00, 'Excelente'),
	(2006, 201, 2607, 123.00, '123'),
	(2008, 201, 2608, 4.00, 'Ayuda'),
	(2009, 204, 2607, 5.00, 'ashusssssss'),
	(2010, 108, 2610, 4.30, 'Excelentes');
/*!40000 ALTER TABLE `student_notes` ENABLE KEYS */;

/*!40101 SET SQL_MODE=IFNULL(@OLD_SQL_MODE, '') */;
/*!40014 SET FOREIGN_KEY_CHECKS=IF(@OLD_FOREIGN_KEY_CHECKS IS NULL, 1, @OLD_FOREIGN_KEY_CHECKS) */;
/*!40101 SET CHARACTER_SET_CLIENT=@OLD_CHARACTER_SET_CLIENT */;
